"1,Pau Gasol,12.0,12.0,2005-06,25,MEM,80,80,3135,600,1194,597,1182,3,12,425,617,191,522,713,371,46,153,235,184,1628,.503,.505,.250,.689,.555,.504,C-F,gasolpa01"
"2,Marc Gasol,11.5,11.5,2012-13,28,MEM,80,80,2796,429,869,428,855,1,14,268,316,184,438,622,318,80,139,157,255,1127,.494,.501,.071,.848,.559,.494,C,gasolma01"
"3,Zach Randolph,10.5,10.5,2010-11,29,MEM,75,74,2724,598,1188,590,1145,8,43,300,396,326,588,914,163,63,25,151,175,1504,.503,.515,.186,.758,.552,.507,F-C,randoza01"
"4,Marc Gasol,10.2,10.2,2014-15,30,MEM,81,81,2687,530,1072,527,1055,3,17,350,440,115,515,630,307,70,131,176,208,1413,.494,.500,.176,.795,.558,.496,C,gasolma01"
"5,Mike Conley,10.0,10.0,2016-17,29,MEM,69,68,2292,464,1009,293,590,171,419,316,368,31,210,241,433,92,19,156,126,1415,.460,.497,.408,.859,.604,.545,G,conlemi01"
"6,James Posey,10.0,10.0,2003-04,27,MEM,82,82,2451,368,770,256,480,112,290,278,335,92,311,403,122,137,40,112,248,1126,.478,.533,.386,.830,.614,.551,F-G,poseyja01"
"7,Mike Conley,9.9,9.9,2012-13,25,MEM,80,80,2757,414,940,308,647,106,293,234,282,43,182,225,487,174,24,189,171,1168,.440,.476,.362,.830,.549,.497,G,conlemi01"
"8,Zach Randolph,9.7,9.7,2009-10,28,MEM,81,81,3051,652,1336,637,1284,15,52,362,465,330,620,950,149,80,34,174,226,1681,.488,.496,.288,.778,.546,.494,F-C,randoza01"
"9,Shane Battier,9.1,9.1,2005-06,27,MEM,81,81,2839,303,621,238,456,65,165,147,208,164,265,429,136,92,114,90,223,818,.488,.522,.394,.707,.574,.540,F,battish01"
"10,Shareef Abdur-Rahim,8.8,8.8,1999-00,23,VAN,82,82,3223,594,1277,565,1181,29,96,446,551,218,607,825,271,89,87,249,244,1663,.465,.478,.302,.809,.547,.477,F,abdursh01"
"11,Shareef Abdur-Rahim,8.5,8.5,2000-01,24,VAN,81,81,3241,604,1280,592,1216,12,64,443,531,175,560,735,250,90,77,231,238,1663,.472,.487,.188,.834,.549,.477,F,abdursh01"
"12,Pau Gasol,8.5,8.5,2002-03,22,MEM,82,82,2948,569,1116,568,1106,1,10,416,565,192,528,720,229,34,148,213,220,1555,.510,.514,.100,.736,.570,.510,C-F,gasolpa01"
"13,Marc Gasol,8.4,8.4,2009-10,25,MEM,69,69,2469,378,651,378,650,0,1,252,376,208,432,640,165,69,109,135,254,1008,.581,.582,.000,.670,.617,.581,C,gasolma01"
"14,Marc Gasol,8.2,8.2,2011-12,27,MEM,65,65,2370,357,740,356,728,1,12,237,317,120,459,579,204,62,121,121,201,952,.482,.489,.083,.748,.541,.483,C,gasolma01"
"15,Mike Conley,8.2,8.2,2013-14,26,MEM,73,73,2446,463,1030,358,739,105,291,225,276,41,172,213,441,110,13,150,141,1256,.450,.484,.361,.815,.545,.500,G,conlemi01"
"16,Pau Gasol,8.1,8.1,2003-04,23,MEM,78,78,2458,506,1049,502,1034,4,15,365,511,206,394,600,198,44,132,187,185,1381,.482,.485,.267,.714,.542,.484,C-F,gasolpa01"
"17,Mike Conley,8.0,8.0,2018-19,31,MEM,70,70,2342,490,1120,335,694,155,426,343,406,40,199,239,449,94,22,130,123,1478,.438,.483,.364,.845,.569,.507,G,conlemi01"
"18,Zach Randolph,7.9,7.9,2012-13,31,MEM,76,75,2607,471,1024,469,1001,2,23,225,300,310,544,854,108,61,31,150,180,1169,.460,.469,.087,.750,.506,.461,F-C,randoza01"
"19,Marc Gasol,7.9,7.9,2010-11,26,MEM,81,81,2586,364,691,361,684,3,7,220,294,154,415,569,200,74,136,146,265,951,.527,.528,.429,.748,.580,.529,C,gasolma01"
"20,Shane Battier,7.8,7.8,2004-05,26,MEM,80,72,2516,271,613,201,436,70,177,180,228,158,255,413,126,91,77,75,201,792,.442,.461,.395,.789,.555,.499,F,battish01"
"21,Jonas Valančiūnas,7.8,7.8,2020-21,28,MEM,62,61,1755,440,743,419,686,21,57,157,203,253,523,776,112,35,57,100,179,1058,.592,.611,.368,.773,.636,.606,C,valanjo01"
"22,Marc Gasol,7.7,7.7,2016-17,32,MEM,74,74,2531,532,1160,428,892,104,268,278,332,60,404,464,338,67,99,166,171,1446,.459,.480,.388,.837,.554,.503,C,gasolma01"
"23,Pau Gasol,7.6,7.6,2001-02,21,MEM,82,79,3007,551,1064,550,1059,1,5,338,477,238,492,730,223,41,169,224,195,1441,.518,.519,.200,.709,.566,.518,C-F,gasolpa01"
"24,Mike Miller,7.4,7.4,2005-06,25,MEM,74,9,2268,354,760,216,421,138,339,168,210,42,355,397,200,52,27,140,173,1014,.466,.513,.407,.800,.595,.557,F-G,millemi01"
"25,Desmond Bane,7.2,7.2,2021-22,23,MEM,76,76,2266,508,1101,280,578,228,523,140,155,46,288,334,208,92,29,111,196,1384,.461,.484,.436,.903,.592,.565,G,banede01"
"26,Eddie Jones,7.2,7.2,2005-06,34,MEM,75,75,2437,292,722,159,348,133,374,168,215,35,244,279,177,131,27,93,201,885,.404,.457,.356,.781,.542,.497,G-F,jonesed02"
"27,Zach Randolph,7.2,7.2,2014-15,33,MEM,71,71,2304,454,932,447,912,7,20,228,298,225,522,747,153,69,14,156,175,1143,.487,.490,.350,.765,.538,.491,F-C,randoza01"
"28,Mike Miller,7.0,7.0,2004-05,24,MEM,76,51,2278,387,766,247,443,140,323,108,150,36,264,300,220,54,23,127,197,1022,.505,.558,.433,.720,.614,.597,F-G,millemi01"
"29,Jonas Valančiūnas,7.0,7.0,2019-20,27,MEM,70,70,1845,432,739,400,648,32,91,148,200,213,575,788,131,30,76,127,185,1044,.585,.617,.352,.740,.631,.606,C,valanjo01"
"30,Shareef Abdur-Rahim,6.9,6.9,1997-98,21,VAN,82,82,2950,653,1347,632,1296,21,51,502,640,227,354,581,213,89,76,257,201,1829,.485,.488,.412,.784,.562,.493,F,abdursh01"
"31,Pau Gasol,6.9,6.9,2006-07,26,MEM,59,59,2133,462,858,459,847,3,11,299,400,149,432,581,201,29,126,162,137,1226,.538,.542,.273,.748,.593,.540,C-F,gasolpa01"
"32,Pau Gasol,6.8,6.8,2004-05,24,MEM,56,53,1790,357,695,356,689,1,6,282,367,130,280,410,135,37,93,137,146,997,.514,.517,.167,.768,.582,.514,C-F,gasolpa01"
"33,Mike Conley,6.8,6.8,2014-15,27,MEM,70,70,2225,393,882,286,605,107,277,214,249,29,180,209,375,89,14,156,139,1107,.446,.473,.386,.859,.558,.506,G,conlemi01"
"34,Steven Adams,6.8,6.8,2021-22,28,MEM,76,75,1999,210,384,210,383,0,1,108,199,349,411,760,256,65,60,115,153,528,.547,.548,.000,.543,.560,.547,C,adamsst01"
"35,Ja Morant,6.7,6.7,2021-22,22,MEM,57,57,1889,580,1177,492,921,88,256,316,415,77,248,325,384,66,22,196,86,1564,.493,.534,.344,.761,.575,.530,G,moranja01"
"36,Mike Conley,6.6,6.6,2010-11,23,MEM,81,81,2872,423,953,343,736,80,217,181,247,32,215,247,528,144,18,176,182,1107,.444,.466,.369,.733,.521,.486,G,conlemi01"
"37,Mike Conley,6.4,6.4,2011-12,24,MEM,62,61,2174,296,684,236,525,60,159,136,158,22,134,156,404,136,11,125,133,788,.433,.450,.377,.861,.523,.477,G,conlemi01"
"38,Marc Gasol,6.4,6.4,2008-09,24,MEM,82,75,2521,350,661,350,660,0,1,275,375,201,404,605,143,63,90,164,265,975,.530,.530,.000,.733,.590,.530,C,gasolma01"
"39,Rudy Gay,6.4,6.4,2009-10,23,MEM,80,80,3175,600,1288,534,1086,66,202,301,400,115,357,472,153,118,64,169,201,1567,.466,.492,.327,.753,.535,.491,F,gayru01"
"40,Zach Randolph,6.4,6.4,2013-14,32,MEM,79,79,2705,560,1198,558,1178,2,20,250,337,265,530,795,200,54,23,183,210,1372,.467,.474,.100,.742,.510,.468,F-C,randoza01"
"41,Brandon Clarke,6.3,6.3,2021-22,25,MEM,64,1,1246,288,447,283,425,5,22,85,130,135,207,342,86,39,68,34,122,666,.644,.666,.227,.654,.660,.650,F,clarkbr01"
"42,Shane Battier,6.2,6.2,2002-03,24,MEM,78,47,2383,275,569,189,353,86,216,120,145,128,217,345,105,102,88,68,207,756,.483,.535,.398,.828,.597,.559,F,battish01"
"43,Rudy Gay,6.0,6.0,2011-12,25,MEM,65,65,2422,485,1067,431,894,54,173,208,263,130,287,417,147,95,55,161,138,1232,.455,.482,.312,.791,.521,.480,F,gayru01"
"44,Shane Battier,5.9,5.9,2003-04,25,MEM,79,1,1947,242,543,177,357,65,186,120,164,102,201,303,101,101,58,56,187,669,.446,.496,.349,.732,.544,.506,F,battish01"
"45,JaMychal Green,5.8,5.8,2016-17,26,MEM,77,75,2101,250,500,195,355,55,145,134,167,167,377,544,84,47,34,94,248,689,.500,.549,.379,.802,.601,.555,F,greenja01"
"46,Mike Bibby,5.6,5.6,1999-00,21,VAN,82,82,3155,459,1031,382,819,77,212,195,250,73,233,306,665,132,15,247,171,1190,.445,.466,.363,.780,.521,.483,G,bibbymi01"
"47,O.J. Mayo,5.6,5.6,2009-10,22,MEM,82,82,3113,542,1183,406,828,136,355,212,262,61,250,311,242,98,17,176,174,1432,.458,.490,.383,.809,.551,.516,G,mayooj01"
"48,Marc Gasol,5.6,5.6,2013-14,29,MEM,59,59,1970,336,711,334,700,2,11,185,241,84,340,424,215,59,76,111,150,859,.473,.477,.182,.768,.526,.474,C,gasolma01"
"49,Kyle Anderson,5.6,5.6,2020-21,27,MEM,69,69,1887,308,658,214,397,94,261,144,184,52,344,396,250,84,57,86,120,854,.468,.539,.360,.783,.578,.540,F-G,anderky01"
"50,Michael Dickerson,5.5,5.5,1999-00,24,VAN,82,82,3103,554,1270,435,979,119,291,269,324,78,201,279,208,116,45,165,226,1496,.436,.444,.409,.830,.530,.483,G-F,dickemi01"
"51,Rudy Gay,5.5,5.5,2010-11,24,MEM,54,54,2152,409,869,352,725,57,144,194,241,82,254,336,153,91,58,135,131,1069,.471,.486,.396,.805,.548,.503,F,gayru01"
"52,Jason Williams,5.4,5.4,2003-04,28,MEM,72,68,2115,290,713,170,349,120,364,82,98,25,122,147,492,92,5,136,97,782,.407,.487,.330,.837,.517,.491,G,willija02"
"53,Jaren Jackson Jr.,5.4,5.4,2021-22,22,MEM,78,78,2126,430,1036,302,635,128,401,284,345,119,335,454,86,73,177,130,272,1272,.415,.476,.319,.823,.535,.477,F,jacksja02"
"54,Mike Bibby,5.3,5.3,2000-01,22,VAN,82,82,3190,525,1157,417,872,108,285,143,188,47,257,304,685,107,12,248,148,1301,.454,.478,.379,.761,.525,.500,G,bibbymi01"
"55,Mike Conley,5.3,5.3,2015-16,28,MEM,56,56,1761,294,696,216,481,78,215,191,229,26,138,164,342,67,16,84,100,857,.422,.449,.363,.834,.538,.478,G,conlemi01"
"56,Lorenzen Wright,5.2,5.2,2004-05,29,MEM,80,77,2287,320,683,320,680,0,3,131,198,177,436,613,87,58,69,100,251,771,.469,.471,.000,.662,.501,.469,F-C,wrighlo02"
"57,Tyus Jones,5.1,5.1,2021-22,25,MEM,73,23,1549,249,552,169,347,80,205,54,66,17,159,176,324,66,2,46,32,632,.451,.487,.390,.818,.544,.524,G,jonesty01"
"58,Tony Allen,5.1,5.1,2012-13,31,MEM,79,79,2109,284,638,281,614,3,24,134,187,121,242,363,98,119,44,94,211,705,.445,.458,.125,.717,.489,.447,G-F,allento01"
"59,Mike Miller,5.0,5.0,2007-08,27,MEM,70,70,2474,414,824,259,465,155,359,164,212,51,416,467,240,35,16,182,145,1147,.502,.557,.432,.774,.625,.596,F-G,millemi01"
"60,Rudy Gay,5.0,5.0,2007-08,21,MEM,81,81,3000,625,1355,491,968,134,387,248,316,140,359,499,158,111,79,190,230,1632,.461,.507,.346,.785,.546,.511,F,gayru01"
"61,Brandon Clarke,5.0,5.0,2019-20,23,MEM,58,4,1300,296,479,273,415,23,64,85,112,92,253,345,81,32,48,55,100,700,.618,.658,.359,.759,.663,.642,F,clarkbr01"
"62,Chucky Atkins,4.9,4.9,2006-07,32,MEM,75,23,2064,310,715,194,409,116,306,252,311,18,121,139,346,50,4,127,136,988,.434,.474,.379,.810,.580,.515,G,atkinch01"
"63,Bryant Reeves,4.9,4.9,1997-98,24,VAN,74,74,2527,492,941,492,937,0,4,223,316,196,389,585,155,39,80,156,278,1207,.523,.525,.000,.706,.559,.523,C,reevebr01"
"64,Courtney Lee,4.8,4.8,2014-15,29,MEM,77,74,2354,288,643,198,419,90,224,111,129,21,157,178,151,75,12,78,129,777,.448,.473,.402,.860,.555,.518,G,leeco01"
"65,Mike Miller,4.8,4.8,2006-07,26,MEM,70,69,2740,465,1010,263,512,202,498,161,203,52,326,378,298,54,18,179,138,1293,.460,.514,.406,.793,.588,.560,F-G,millemi01"
"66,Greg Anthony,4.8,4.8,1995-96,28,VAN,69,68,2096,324,781,234,510,90,271,229,297,29,145,174,476,116,11,160,137,967,.415,.459,.332,.771,.530,.472,G,anthogr01"
"67,Shane Battier,4.8,4.8,2001-02,23,MEM,78,78,3097,412,961,309,685,103,276,198,283,180,238,418,216,121,81,155,215,1125,.429,.451,.373,.700,.518,.482,F,battish01"
"68,Stromile Swift,4.8,4.8,2003-04,24,MEM,77,10,1528,268,571,267,567,1,4,190,262,141,237,378,38,56,118,88,188,727,.469,.471,.250,.725,.530,.470,F,swiftst01"
"69,Tony Allen,4.7,4.7,2010-11,29,MEM,72,31,1494,251,492,247,469,4,23,137,182,70,123,193,104,129,44,86,161,643,.510,.527,.174,.753,.562,.514,G-F,allento01"
"70,Jason Williams,4.7,4.7,2002-03,27,MEM,76,76,2407,333,859,190,455,143,404,110,131,25,187,212,631,91,10,168,130,919,.388,.418,.354,.840,.501,.471,G,willija02"
"71,Hakim Warrick,4.7,4.7,2008-09,26,MEM,82,7,2029,340,693,335,670,5,23,266,374,129,277,406,66,48,39,98,170,951,.491,.500,.217,.711,.554,.494,F,warriha01"
"72,Shareef Abdur-Rahim,4.6,4.6,1998-99,22,VAN,50,50,2021,386,893,375,857,11,36,369,439,114,260,374,172,69,55,186,137,1152,.432,.438,.306,.841,.530,.438,F,abdursh01"
"73,Mike Conley,4.5,4.5,2008-09,21,MEM,82,61,2508,323,730,235,513,88,217,161,197,25,251,276,354,90,8,143,146,895,.442,.458,.406,.817,.548,.503,G,conlemi01"
"74,Jason Williams,4.3,4.3,2004-05,29,MEM,71,68,1952,266,644,159,314,107,330,80,101,19,103,122,399,75,5,130,91,719,.413,.506,.324,.792,.522,.496,G,willija02"
"75,Zach Randolph,4.3,4.3,2015-16,34,MEM,68,53,2016,431,907,425,881,6,26,172,216,179,350,529,142,43,13,105,146,1040,.475,.482,.231,.796,.519,.479,F-C,randoza01"
"76,Tyreke Evans,4.2,4.2,2017-18,28,MEM,52,32,1607,366,809,252,523,114,286,164,209,44,221,265,269,57,17,117,96,1010,.452,.482,.399,.785,.561,.523,G-F,evansty01"
"77,Brandon Clarke,4.2,4.2,2020-21,24,MEM,59,16,1415,256,495,236,418,20,77,78,113,97,231,328,95,60,51,33,84,610,.517,.565,.260,.690,.560,.537,F,clarkbr01"
"78,John Konchar,4.2,4.2,2021-22,25,MEM,72,7,1292,135,262,83,136,52,126,27,49,87,242,329,109,45,22,29,90,349,.515,.610,.413,.551,.615,.615,G,konchjo01"
"79,Tony Allen,4.2,4.2,2011-12,30,MEM,58,57,1525,210,448,202,422,8,26,140,175,98,135,233,79,104,33,94,142,568,.469,.479,.308,.800,.541,.478,G-F,allento01"
"80,Tony Allen,4.1,4.1,2014-15,33,MEM,63,41,1648,225,455,215,426,10,29,79,126,103,177,280,86,129,30,86,166,539,.495,.505,.345,.627,.528,.505,G-F,allento01"
"81,Marc Gasol,4.0,4.0,2017-18,33,MEM,73,73,2408,434,1033,325,713,109,320,281,337,78,514,592,305,54,101,194,185,1258,.420,.456,.341,.834,.532,.473,C,gasolma01"
"82,Mike Conley,4.0,4.0,2009-10,22,MEM,80,80,2569,369,830,287,618,82,212,139,187,30,161,191,425,109,12,170,178,959,.445,.464,.387,.743,.526,.494,G,conlemi01"
"83,Jerryd Bayless,4.0,4.0,2012-13,24,MEM,80,4,1765,260,621,189,420,71,201,102,122,22,154,176,264,59,17,120,168,693,.419,.450,.353,.836,.514,.476,G,bayleje01"
"84,Vince Carter,4.0,4.0,2016-17,40,MEM,73,15,1799,193,490,81,194,112,296,88,115,36,191,227,133,60,36,50,163,586,.394,.418,.378,.765,.542,.508,G-F,cartevi01"
"85,Mike Miller,3.9,3.9,2003-04,23,MEM,65,65,1770,270,616,190,401,80,215,102,141,42,174,216,232,59,14,107,162,722,.438,.474,.372,.723,.532,.503,F-G,millemi01"
"86,Mike Miller,3.9,3.9,2013-14,33,MEM,82,4,1707,213,443,106,210,107,233,46,56,30,177,207,130,26,5,77,95,579,.481,.505,.459,.821,.619,.602,F-G,millemi01"
"87,Pau Gasol,3.9,3.9,2007-08,27,MEM,39,39,1433,279,557,275,542,4,15,176,215,94,248,342,116,16,56,80,85,738,.501,.507,.267,.819,.566,.504,C-F,gasolpa01"
"88,Marc Gasol,3.9,3.9,2018-19,34,MEM,53,53,1788,303,683,227,462,76,221,152,201,56,399,455,248,60,63,119,147,834,.444,.491,.344,.756,.541,.499,C,gasolma01"
"89,Ja Morant,3.8,3.8,2019-20,20,MEM,67,67,2074,447,937,387,758,60,179,239,308,51,208,259,488,58,18,220,110,1193,.477,.511,.335,.776,.556,.509,G,moranja01"
"90,Darrell Arthur,3.8,3.8,2010-11,22,MEM,80,9,1609,310,624,310,618,0,6,109,134,115,227,342,53,52,63,88,228,729,.497,.502,.000,.813,.534,.497,F,arthuda01"
"91,Lorenzen Wright,3.7,3.7,2005-06,30,MEM,78,58,1689,194,406,194,404,0,2,66,117,142,253,395,48,52,46,67,201,454,.478,.480,.000,.564,.496,.478,F-C,wrighlo02"
"92,Stromile Swift,3.7,3.7,2001-02,22,MEM,68,14,1805,293,611,293,608,0,3,217,305,161,269,430,50,53,113,122,178,803,.480,.482,.000,.711,.539,.480,F,swiftst01"
"93,Courtney Lee,3.7,3.7,2013-14,28,MEM,49,47,1469,205,431,156,289,49,142,81,90,21,117,138,83,45,19,48,90,540,.476,.540,.345,.900,.574,.532,G,leeco01"
"94,Mario Chalmers,3.7,3.7,2015-16,29,MEM,55,7,1253,172,412,127,274,45,138,206,249,23,120,143,211,80,12,101,165,595,.417,.464,.326,.827,.570,.472,G,chalmma01"
"95,De'Anthony Melton,3.7,3.7,2021-22,23,MEM,73,15,1657,281,695,142,323,139,372,90,120,64,264,328,194,104,39,112,128,791,.404,.440,.374,.750,.529,.504,G,meltode01"
"96,Marc Gasol,3.7,3.7,2015-16,31,MEM,52,52,1791,328,707,326,704,2,3,203,245,58,304,362,196,50,70,118,141,861,.464,.463,.667,.829,.528,.465,C,gasolma01"
"97,Hakim Warrick,3.7,3.7,2006-07,24,MEM,82,43,2152,373,712,373,704,0,8,299,388,130,290,420,75,43,30,161,232,1045,.524,.530,.000,.771,.592,.524,F,warriha01"
"98,Bo Outlaw,3.6,3.6,2003-04,32,MEM,82,1,1606,159,312,159,308,0,4,61,116,125,217,342,90,73,70,69,170,379,.510,.516,.000,.526,.522,.510,F,outlabo01"
"99,Beno Udrih,3.6,3.6,2014-15,32,MEM,79,12,1494,246,505,220,408,26,97,87,102,20,123,143,220,46,8,89,88,605,.487,.539,.268,.853,.550,.513,G,udrihbe01"
"100,Bobby Jackson,3.5,3.5,2005-06,32,MEM,71,15,1775,286,748,157,416,129,332,107,146,44,179,223,195,61,1,101,155,808,.382,.377,.389,.733,.497,.469,G,jacksbo01"
"101,Kosta Koufos,3.5,3.5,2013-14,24,MEM,80,22,1349,227,459,227,459,0,0,60,93,160,258,418,39,32,71,67,182,514,.495,.495,,.645,.514,.495,C,koufoko01"
"102,Greg Anthony,3.5,3.5,1996-97,29,VAN,65,44,1863,199,507,111,269,88,238,130,178,25,159,184,407,129,4,129,122,616,.393,.413,.370,.730,.526,.479,G,anthogr01"
"103,Jaren Jackson Jr.,3.5,3.5,2019-20,20,MEM,57,57,1622,353,753,208,385,145,368,139,186,55,207,262,78,40,92,99,232,990,.469,.540,.394,.747,.593,.565,F,jacksja02"
"104,Kyle Anderson,3.5,3.5,2021-22,28,MEM,69,11,1484,209,469,173,360,36,109,67,105,69,299,368,183,77,45,71,108,521,.446,.481,.330,.638,.506,.484,F-G,anderky01"
"105,Brian Cardinal,3.5,3.5,2004-05,27,MEM,58,16,1433,160,432,116,307,44,125,158,181,63,162,225,114,88,19,83,172,522,.370,.378,.352,.873,.510,.421,F,cardibr01"
"106,O.J. Mayo,3.5,3.5,2011-12,24,MEM,66,0,1771,300,736,200,461,100,275,133,172,30,180,210,169,71,23,124,137,833,.408,.434,.364,.773,.513,.476,G,mayooj01"
"107,Dante Cunningham,3.4,3.4,2011-12,24,MEM,64,5,1124,144,279,144,277,0,2,45,69,91,155,246,37,42,34,29,98,333,.516,.520,.000,.652,.538,.516,F,cunnida01"
"108,Kyle Lowry,3.4,3.4,2007-08,21,MEM,82,9,2089,256,592,220,452,36,140,243,348,41,209,250,296,92,22,127,185,791,.432,.487,.257,.698,.531,.463,G,lowryky01"
"109,O.J. Mayo,3.4,3.4,2008-09,21,MEM,82,82,3120,562,1283,417,905,145,378,247,281,56,252,308,262,91,13,226,204,1516,.438,.461,.384,.879,.539,.495,G,mayooj01"
"110,Stromile Swift,3.3,3.3,2002-03,23,MEM,67,26,1478,235,489,235,487,0,2,177,245,114,270,384,45,55,104,99,152,647,.481,.483,.000,.722,.542,.481,F,swiftst01"
"111,Wesley Person,3.3,3.3,2002-03,31,MEM,66,44,1941,274,601,174,370,100,231,79,97,24,168,192,112,42,19,56,64,727,.456,.470,.433,.814,.565,.539,G,persowe01"
"112,Jaren Jackson Jr.,3.3,3.3,2018-19,19,MEM,58,56,1515,298,589,247,447,51,142,151,197,73,199,272,64,52,82,98,220,798,.506,.553,.359,.766,.591,.549,F,jacksja02"
"113,Rudy Gay,3.3,3.3,2008-09,22,MEM,79,78,2945,572,1262,487,1020,85,242,264,344,109,328,437,135,98,59,203,221,1493,.453,.477,.351,.767,.528,.487,F,gayru01"
"114,Kosta Koufos,3.3,3.3,2014-15,25,MEM,81,3,1348,182,358,182,358,0,0,55,85,121,305,426,37,29,63,69,148,419,.508,.508,,.647,.530,.508,C,koufoko01"
"115,Hakim Warrick,3.3,3.3,2007-08,25,MEM,75,30,1754,328,653,315,605,13,48,183,260,123,233,356,53,36,28,85,156,852,.502,.521,.271,.704,.555,.512,F,warriha01"
"116,Quincy Pondexter,3.2,3.2,2012-13,24,MEM,59,1,1243,128,299,68,147,60,152,59,75,43,89,132,61,35,6,42,95,375,.428,.463,.395,.787,.565,.528,G-F,pondequ01"
"117,Zach Randolph,3.2,3.2,2016-17,35,MEM,73,5,1786,433,964,412,870,21,94,141,193,182,416,598,122,38,10,99,136,1028,.449,.474,.223,.731,.490,.460,F-C,randoza01"
"118,Lorenzen Wright,3.2,3.2,2003-04,28,MEM,65,46,1674,257,586,257,581,0,5,96,131,144,301,445,71,45,58,77,192,610,.439,.442,.000,.733,.474,.439,F-C,wrighlo02"
"119,Ja Morant,3.2,3.2,2020-21,21,MEM,63,63,2053,430,957,357,716,73,241,271,372,59,193,252,465,57,13,203,87,1204,.449,.499,.303,.728,.537,.487,G,moranja01"
"120,James Ennis III,3.1,3.1,2016-17,26,MEM,64,28,1501,146,321,95,184,51,137,86,110,69,190,259,64,46,19,59,165,429,.455,.516,.372,.782,.581,.534,F,ennisja01"
"121,Jeff Green,3.1,3.1,2014-15,28,MEM,45,37,1361,210,492,160,354,50,138,118,143,43,144,187,81,26,21,52,81,588,.427,.452,.362,.825,.530,.478,F,greenje02"
"122,Bonzi Wells,3.1,3.1,2004-05,28,MEM,69,19,1489,272,617,236,513,36,104,141,188,49,180,229,80,85,27,90,165,721,.441,.460,.346,.750,.515,.470,G-F,wellsbo01"
"123,Tony Allen,3.1,3.1,2016-17,35,MEM,71,66,1914,274,595,259,541,15,54,80,130,166,225,391,98,115,29,100,178,643,.461,.479,.278,.615,.493,.473,G-F,allento01"
"124,Othella Harrington,3.0,3.0,1999-00,26,VAN,82,82,2677,420,830,420,828,0,2,236,298,196,367,563,97,36,58,217,287,1076,.506,.507,.000,.792,.560,.506,F-C,harriot01"
"125,Tyus Jones,3.0,3.0,2019-20,23,MEM,65,6,1232,197,429,150,305,47,124,43,58,9,94,103,285,59,6,55,44,484,.459,.492,.379,.741,.532,.514,G,jonesty01"
"126,James Johnson,3.0,3.0,2013-14,26,MEM,52,4,956,143,308,121,221,22,87,76,90,60,106,166,111,42,57,66,102,384,.464,.548,.253,.844,.552,.500,F,johnsja01"
"127,Desmond Bane,2.9,2.9,2020-21,22,MEM,68,17,1519,234,499,117,228,117,271,40,49,31,179,210,118,41,16,59,125,625,.469,.513,.432,.816,.600,.586,G,banede01"
"128,Chucky Atkins,2.9,2.9,2005-06,31,MEM,43,39,1161,160,399,96,217,64,182,107,132,11,64,75,129,29,2,57,94,491,.401,.442,.352,.811,.537,.481,G,atkinch01"
"129,Sam Young,2.9,2.9,2010-11,25,MEM,78,46,1577,233,494,216,444,17,50,89,116,40,147,187,71,68,23,61,120,572,.472,.486,.340,.767,.525,.489,F,youngsa01"
"130,Xavier Tillman Sr.,2.9,2.9,2020-21,22,MEM,59,12,1085,167,299,145,234,22,65,34,53,74,182,256,75,44,33,45,116,390,.559,.620,.338,.642,.605,.595,F,tillmxa01"
"131,Bryant Reeves,2.9,2.9,2000-01,27,VAN,75,48,1832,254,552,253,548,1,4,113,142,132,320,452,80,43,54,90,243,622,.460,.462,.250,.796,.506,.461,C,reevebr01"
"132,Shareef Abdur-Rahim,2.9,2.9,1996-97,20,VAN,80,71,2802,550,1214,543,1187,7,27,387,519,216,339,555,175,79,79,225,199,1494,.453,.457,.259,.746,.518,.456,F,abdursh01"
"133,Stromile Swift,2.9,2.9,2004-05,25,MEM,60,14,1279,219,488,219,484,0,4,166,219,92,181,273,43,41,92,90,182,604,.449,.452,.000,.758,.517,.449,F,swiftst01"
"134,Jake Tsakalidis,2.8,2.8,2005-06,26,MEM,51,19,732,100,165,100,165,0,0,57,87,78,134,212,13,14,32,39,107,257,.606,.606,,.655,.632,.606,C,tsakaja01"
"135,Tyus Jones,2.8,2.8,2020-21,24,MEM,70,9,1222,178,413,133,273,45,140,41,45,21,119,140,259,64,6,48,31,442,.431,.487,.321,.911,.511,.485,G,jonesty01"
"136,Deyonta Davis,2.7,2.7,2017-18,21,MEM,62,6,943,161,265,161,265,0,0,38,57,75,175,250,40,15,39,32,125,360,.608,.608,,.667,.621,.608,C-F,davisde01"
"137,Marreese Speights,2.7,2.7,2011-12,24,MEM,60,54,1345,221,488,221,485,0,3,84,109,133,241,374,48,21,29,74,147,526,.453,.456,.000,.771,.491,.453,C-F,speigma01"
"138,Tony Allen,2.7,2.7,2013-14,32,MEM,55,28,1278,204,413,193,366,11,47,76,121,79,129,208,94,90,19,90,121,495,.494,.527,.234,.628,.531,.507,G-F,allento01"
"139,Kyle Anderson,2.7,2.7,2018-19,25,MEM,43,40,1281,150,276,141,242,9,34,37,64,48,203,251,128,54,37,58,112,346,.543,.583,.265,.578,.569,.560,F-G,anderky01"
"140,Grayson Allen,2.7,2.7,2020-21,25,MEM,50,38,1259,173,414,66,140,107,274,79,91,19,141,160,108,46,8,48,71,532,.418,.471,.391,.868,.586,.547,G,allengr01"
"141,JaMychal Green,2.6,2.6,2015-16,25,MEM,78,15,1446,230,495,215,450,15,45,103,137,139,234,373,67,46,33,83,189,578,.465,.478,.333,.752,.520,.480,F,greenja01"
"142,Ed Davis,2.6,2.6,2013-14,24,MEM,63,4,956,155,290,155,290,0,0,47,89,92,168,260,27,17,43,40,114,357,.534,.534,,.528,.542,.534,F,davised01"
"143,Matt Barnes,2.6,2.6,2015-16,35,MEM,76,45,2190,264,693,145,323,119,370,111,138,84,336,420,163,78,57,121,234,758,.381,.449,.322,.804,.503,.467,F,barnema02"
"144,JaMychal Green,2.6,2.6,2017-18,27,MEM,55,54,1542,223,488,180,361,43,127,80,111,147,317,464,79,32,25,76,153,569,.457,.499,.339,.721,.530,.501,F,greenja01"
"145,Eric Murdock,2.5,2.5,1995-96,27,VAN,64,14,1480,220,521,181,399,39,122,106,131,21,134,155,292,129,9,120,124,585,.422,.454,.320,.809,.505,.460,G,murdoer01"
"146,Kyle Anderson,2.5,2.5,2019-20,26,MEM,67,28,1330,157,331,133,246,24,85,52,78,58,227,285,162,54,37,66,111,390,.474,.541,.282,.667,.534,.511,F-G,anderky01"
"147,Lorenzen Wright,2.5,2.5,2002-03,27,MEM,70,49,1982,325,716,325,711,0,5,147,223,170,358,528,80,51,54,110,209,797,.454,.457,.000,.659,.489,.454,F-C,wrighlo02"
"148,George Lynch,2.5,2.5,1997-98,27,VAN,82,0,1493,248,516,239,486,9,30,111,158,147,215,362,122,65,41,104,161,616,.481,.492,.300,.703,.526,.489,F,lynchge01"
"149,Tony Allen,2.4,2.4,2015-16,34,MEM,64,57,1620,215,469,200,427,15,42,90,138,104,192,296,70,110,18,78,175,535,.458,.468,.357,.652,.505,.474,G-F,allento01"
"150,Grant Long,2.4,2.4,2000-01,34,VAN,66,27,1507,140,319,136,304,4,15,112,157,76,198,274,83,72,15,62,160,396,.439,.447,.267,.713,.510,.445,F,longgr01"
"151,O.J. Mayo,2.4,2.4,2010-11,23,MEM,71,17,1869,304,747,208,483,96,264,99,131,35,135,170,145,73,26,99,127,803,.407,.431,.364,.756,.499,.471,G,mayooj01"
"152,Bryant Reeves,2.4,2.4,1996-97,23,VAN,75,75,2777,498,1025,497,1014,1,11,216,307,174,436,610,160,29,67,175,270,1213,.486,.490,.091,.704,.523,.486,C,reevebr01"
"153,Rudy Gay,2.4,2.4,2012-13,26,MEM,42,42,1541,281,688,241,559,40,129,121,156,56,193,249,108,56,31,104,87,723,.408,.431,.310,.776,.478,.438,F,gayru01"
"154,Earl Watson,2.3,2.3,2004-05,25,MEM,80,14,1808,236,554,184,391,52,163,91,138,35,129,164,359,83,19,167,184,615,.426,.471,.319,.659,.500,.473,G,watsoea01"
"155,Byron Scott,2.3,2.3,1995-96,34,VAN,80,0,1894,271,676,197,455,74,221,203,243,40,152,192,123,63,22,100,126,819,.401,.433,.335,.835,.523,.456,G,scottby01"
"156,Bryant Reeves,2.3,2.3,1995-96,22,VAN,77,63,2460,401,877,401,874,0,3,219,299,178,392,570,109,43,55,157,226,1021,.457,.459,.000,.732,.506,.457,C,reevebr01"
"157,James Posey,2.3,2.3,2004-05,28,MEM,50,18,1382,127,356,72,178,55,178,96,111,45,174,219,88,48,23,69,134,405,.357,.404,.309,.865,.500,.434,F-G,poseyja01"
"158,Earl Watson,2.3,2.3,2002-03,23,MEM,79,2,1366,170,391,139,300,31,91,62,86,46,118,164,225,89,14,88,138,433,.435,.463,.341,.721,.505,.474,G,watsoea01"
"159,Michael Smith,2.3,2.3,1998-99,26,VAN,48,10,1098,77,144,77,143,0,1,76,128,135,215,350,48,46,18,60,107,230,.535,.538,.000,.594,.574,.535,F,smithmi02"
"160,Ziaire Williams,2.2,2.2,2021-22,20,MEM,62,31,1346,191,424,115,182,76,242,43,55,26,103,129,65,35,12,41,113,501,.450,.632,.314,.782,.559,.540,F,willizi02"
"161,De'Anthony Melton,2.2,2.2,2020-21,22,MEM,52,1,1045,172,393,85,182,87,211,41,51,30,131,161,132,60,31,66,85,472,.438,.467,.412,.804,.568,.548,G,meltode01"
"162,Courtney Lee,2.2,2.2,2015-16,30,MEM,51,37,1489,192,419,141,281,51,138,76,92,19,99,118,76,52,16,49,79,511,.458,.502,.370,.826,.556,.519,G,leeco01"
"163,Joakim Noah,2.2,2.2,2018-19,33,MEM,42,1,693,110,213,110,212,0,1,78,109,58,180,238,89,20,31,50,96,298,.516,.519,.000,.716,.571,.516,C,noahjo01"
"164,Jeff Green,2.2,2.2,2015-16,29,MEM,53,31,1544,240,557,198,421,42,136,124,155,55,186,241,98,40,19,69,102,646,.431,.470,.309,.800,.517,.469,F,greenje02"
"165,Blue Edwards,2.1,2.1,1997-98,32,VAN,81,20,1968,326,742,286,622,40,120,180,215,61,156,217,201,86,27,134,183,872,.439,.460,.333,.837,.521,.466,G-F,edwarbl01"
"166,Ed Davis,2.1,2.1,2012-13,23,MEM,36,4,544,74,143,74,143,0,0,37,65,57,103,160,8,13,47,18,80,185,.517,.517,,.569,.539,.517,F,davised01"
"167,Zach Randolph,2.1,2.1,2011-12,30,MEM,28,8,735,132,285,130,277,2,8,58,88,78,147,225,48,21,4,40,57,324,.463,.469,.250,.659,.500,.467,F-C,randoza01"
"168,Ivan Rabb,2.1,2.1,2018-19,21,MEM,49,13,721,116,212,113,197,3,15,49,69,70,136,206,54,17,14,35,90,284,.547,.574,.200,.710,.586,.554,F,rabbiv01"
"169,James Ennis III,2.0,2.0,2017-18,27,MEM,45,14,1053,108,222,78,138,30,84,64,73,53,104,157,49,32,12,38,81,310,.486,.565,.357,.877,.610,.554,F,ennisja01"
"170,Hasheem Thabeet,2.0,2.0,2009-10,22,MEM,68,13,883,77,131,77,131,0,0,54,93,85,158,243,11,15,89,43,162,208,.588,.588,,.581,.605,.588,C,thabeha01"
"171,Lawrence Roberts,2.0,2.0,2006-07,24,MEM,54,18,969,94,208,94,206,0,2,95,131,101,160,261,30,36,13,36,133,283,.452,.456,.000,.725,.533,.452,F,roberla01"
"172,Jon Leuer,2.0,2.0,2013-14,24,MEM,49,0,642,121,246,98,197,23,49,37,47,37,121,158,20,18,13,27,63,302,.492,.497,.469,.787,.566,.539,F,leuerjo01"
"173,Pete Chilcutt,2.0,2.0,1997-98,29,VAN,82,0,1420,156,359,102,229,54,130,39,59,77,229,306,104,53,37,62,158,405,.435,.445,.415,.661,.526,.510,F-C,chilcpe01"
"174,Delon Wright,2.0,2.0,2018-19,26,MEM,26,11,802,115,265,95,187,20,78,66,89,29,112,141,138,42,15,40,50,316,.434,.508,.256,.742,.519,.472,G,wrighde01"
"175,Jae Crowder,1.9,1.9,2019-20,29,MEM,45,45,1322,147,399,69,133,78,266,75,95,40,237,277,125,47,14,54,85,447,.368,.519,.293,.789,.507,.466,F,crowdja01"
"176,Stromile Swift,1.9,1.9,2000-01,21,VAN,80,6,1312,153,339,153,335,0,4,85,141,109,175,284,28,62,82,64,160,391,.451,.457,.000,.603,.487,.451,F,swiftst01"
"177,Darko Miličić,1.9,1.9,2008-09,23,MEM,61,15,1034,137,266,137,266,0,0,59,105,83,181,264,34,22,51,48,134,333,.515,.515,,.562,.533,.515,F-C,milicda01"
"178,Blue Edwards,1.9,1.9,1995-96,30,VAN,82,82,2773,401,956,317,711,84,245,157,208,98,248,346,212,118,46,170,243,1043,.419,.446,.343,.755,.498,.463,G-F,edwarbl01"
"179,Michael Dickerson,1.8,1.8,2000-01,25,VAN,70,69,2618,425,1020,339,790,86,230,206,270,70,159,229,233,62,27,162,207,1142,.417,.429,.374,.763,.501,.459,G-F,dickemi01"
"180,Damon Jones,1.8,1.8,2000-01,24,VAN,71,10,1415,170,416,86,185,84,231,37,52,16,108,124,224,36,1,76,58,461,.409,.465,.364,.712,.525,.510,G,jonesda01"
"181,Tayshaun Prince,1.8,1.8,2012-13,32,MEM,37,36,1174,144,336,129,295,15,41,22,37,29,126,155,85,27,12,35,41,325,.429,.437,.366,.595,.461,.451,F,princta01"
"182,Earl Watson,1.8,1.8,2003-04,24,MEM,81,14,1669,172,464,146,358,26,106,90,138,49,129,178,402,91,19,146,175,460,.371,.408,.245,.652,.438,.399,G,watsoea01"
"183,Kyle Lowry,1.8,1.8,2008-09,22,MEM,49,21,1071,112,272,95,203,17,69,129,161,13,98,111,178,48,8,79,89,370,.412,.468,.246,.801,.540,.443,G,lowryky01"
"184,Tony Massenburg,1.8,1.8,1998-99,31,VAN,43,35,1143,189,388,189,386,0,2,103,155,83,174,257,23,26,39,64,108,481,.487,.490,.000,.665,.527,.487,F,masseto01"
"185,Ashraf Amaya,1.8,1.8,1995-96,24,VAN,54,34,1104,121,252,121,251,0,1,97,149,114,189,303,33,22,10,57,151,339,.480,.482,.000,.651,.534,.480,F,amayaas01"
"186,Xavier Tillman Sr.,1.8,1.8,2021-22,23,MEM,53,2,701,98,216,88,167,10,49,46,71,66,95,161,62,49,15,34,63,252,.454,.527,.204,.648,.510,.477,F,tillmxa01"
"187,JaMychal Green,1.8,1.8,2018-19,28,MEM,41,4,900,151,312,113,216,38,96,63,80,72,180,252,36,33,26,64,123,403,.484,.523,.396,.788,.580,.545,F,greenja01"
"188,Vince Carter,1.8,1.8,2015-16,39,MEM,60,3,1005,133,343,74,174,59,169,70,84,31,115,146,56,38,16,35,101,395,.388,.425,.349,.833,.520,.474,G-F,cartevi01"
"189,De'Anthony Melton,1.7,1.7,2019-20,21,MEM,60,8,1167,161,401,121,261,40,140,93,121,43,177,220,175,77,20,84,109,455,.401,.464,.286,.769,.501,.451,G,meltode01"
"190,John Konchar,1.7,1.7,2020-21,24,MEM,43,0,575,69,138,48,82,21,56,25,30,35,93,128,47,30,9,18,40,184,.500,.585,.375,.833,.608,.576,G,konchjo01"
"191,Quincy Pondexter,1.7,1.7,2011-12,23,MEM,64,8,1002,108,239,86,166,22,73,33,53,55,71,126,27,27,5,30,90,271,.452,.518,.301,.623,.517,.498,G-F,pondequ01"
"192,Andrew Harrison,1.7,1.7,2017-18,23,MEM,56,46,1326,181,429,134,287,47,142,124,159,23,108,131,177,38,26,81,138,533,.422,.467,.331,.780,.534,.477,G,harrian01"
"193,Darrell Arthur,1.7,1.7,2012-13,24,MEM,59,3,970,162,359,157,341,5,18,33,46,68,101,169,33,24,33,43,126,362,.451,.460,.278,.717,.477,.458,F,arthuda01"
"194,Damon Stoudamire,1.7,1.7,2005-06,32,MEM,27,27,862,114,287,78,183,36,104,53,62,23,72,95,128,19,1,55,49,317,.397,.426,.346,.855,.504,.460,G,stoudda01"
"195,Darrell Arthur,1.7,1.7,2008-09,20,MEM,76,64,1464,191,436,191,434,0,2,40,60,108,238,346,43,52,52,47,206,422,.438,.440,.000,.667,.456,.438,F,arthuda01"
"196,Brandan Wright,1.6,1.6,2016-17,29,MEM,28,5,447,83,135,83,134,0,1,23,35,31,47,78,15,11,20,10,42,189,.615,.619,.000,.657,.628,.615,F-C,wrighbr03"
"197,Desmond Bane,1.6,1.6,2022-23,24,MEM,12,12,403,99,213,53,111,46,102,52,57,6,53,59,57,7,3,27,29,296,.465,.477,.451,.912,.622,.573,G,banede01"
"198,Lee Mayberry,1.6,1.6,1996-97,26,VAN,80,38,1952,149,370,66,149,83,221,29,46,29,105,134,329,60,8,90,159,410,.403,.443,.376,.630,.525,.515,G,maybele01"
"199,Dillon Brooks,1.6,1.6,2021-22,26,MEM,32,31,885,227,526,181,377,46,149,90,106,29,73,102,88,36,8,50,105,590,.432,.480,.309,.849,.515,.475,F-G,brookdi01"
"200,Garrett Temple,1.6,1.6,2018-19,32,MEM,49,49,1530,166,387,92,177,74,210,57,76,18,134,152,69,50,25,54,134,463,.429,.520,.352,.750,.551,.525,G,templga01"
"201,Andrew Harrison,1.6,1.6,2016-17,22,MEM,72,18,1474,117,360,74,204,43,156,148,194,23,113,136,198,53,21,85,194,425,.325,.363,.276,.763,.477,.385,G,harrian01"
"202,Tony Massenburg,1.5,1.5,2001-02,34,MEM,73,31,1247,159,349,158,348,1,1,84,117,100,224,324,26,30,31,65,174,403,.456,.454,1.000,.718,.503,.457,F,masseto01"
"203,George Lynch,1.5,1.5,1996-97,26,VAN,41,27,1059,137,291,129,260,8,31,60,97,98,163,261,76,63,17,64,97,342,.471,.496,.258,.619,.512,.485,F,lynchge01"
"204,Tayshaun Prince,1.5,1.5,2013-14,33,MEM,76,76,1948,200,492,180,423,20,69,34,60,32,202,234,119,39,19,41,63,454,.407,.426,.290,.567,.438,.427,F,princta01"
"205,Jonas Valančiūnas,1.5,1.5,2018-19,26,MEM,19,17,527,152,279,147,261,5,18,70,91,52,151,203,41,6,30,51,64,379,.545,.563,.278,.769,.594,.554,C,valanjo01"
"206,Nick Calathes,1.5,1.5,2013-14,24,MEM,71,7,1173,142,311,123,250,19,61,44,72,23,114,137,207,66,8,101,117,347,.457,.492,.311,.611,.506,.487,G,calatni01"
"207,Bruno Caboclo,1.5,1.5,2018-19,23,MEM,34,19,800,96,225,48,95,48,130,42,50,42,116,158,50,14,33,38,81,282,.427,.505,.369,.840,.571,.533,F-C,cabocbr01"
"208,Dennis Scott,1.5,1.5,1999-00,31,VAN,66,0,1263,125,333,54,144,71,189,48,57,16,90,106,69,28,9,30,104,369,.375,.375,.376,.842,.515,.482,F,scottde01"
"209,Gorgui Dieng,1.5,1.5,2020-21,31,MEM,22,1,371,56,108,33,60,23,48,38,43,28,70,98,29,17,14,22,38,173,.519,.550,.479,.884,.682,.625,C,dienggo01"
"210,Ja Morant,1.5,1.5,2022-23,23,MEM,12,12,395,121,252,96,191,25,61,78,99,13,59,72,84,12,4,48,23,345,.480,.503,.410,.788,.584,.530,G,moranja01"
"211,Michael Smith,1.4,1.4,1997-98,25,VAN,30,29,706,67,133,67,132,0,1,48,73,85,121,206,59,26,6,36,60,182,.504,.508,.000,.658,.551,.504,F,smithmi02"
"212,Cherokee Parks,1.4,1.4,1999-00,27,VAN,56,14,808,72,145,72,144,0,1,24,37,55,128,183,35,29,45,28,115,168,.497,.500,.000,.649,.521,.497,C-F,parksch02"
"213,Lorenzen Wright,1.4,1.4,2001-02,26,MEM,43,33,1251,223,486,223,484,0,2,70,123,130,275,405,44,30,23,72,126,516,.459,.461,.000,.569,.478,.459,F-C,wrighlo02"
"214,Roy Rogers,1.4,1.4,1996-97,23,VAN,82,50,1848,244,483,243,482,1,1,54,94,139,247,386,46,21,163,86,214,543,.505,.504,1.000,.574,.518,.506,F,rogerro02"
"215,Marreese Speights,1.4,1.4,2012-13,25,MEM,40,2,579,106,247,104,242,2,5,48,67,76,113,189,18,10,27,35,86,262,.429,.430,.400,.716,.474,.433,C-F,speigma01"
"216,Grant Long,1.4,1.4,1999-00,33,VAN,42,1,920,74,167,74,163,0,4,55,71,86,148,234,43,45,10,49,108,203,.443,.454,.000,.775,.512,.443,F,longgr01"
"217,Brevin Knight,1.4,1.4,2001-02,26,MEM,53,11,1151,141,334,139,326,2,8,87,115,11,98,109,302,79,7,111,135,371,.422,.426,.250,.757,.482,.425,G,knighbr01"
"218,Dillon Brooks,1.4,1.4,2020-21,25,MEM,67,67,1997,432,1031,304,659,128,372,159,195,53,143,196,157,78,26,119,237,1151,.419,.461,.344,.815,.515,.481,F-G,brookdi01"
"219,Juan Carlos Navarro,1.4,1.4,2007-08,27,MEM,82,30,2117,308,766,152,334,156,432,124,146,34,176,210,177,48,1,134,94,896,.402,.455,.361,.849,.540,.504,G,navarju01"
"220,Solomon Hill,1.4,1.4,2019-20,28,MEM,48,3,901,96,233,40,86,56,147,26,38,24,120,144,94,31,7,40,73,274,.412,.465,.381,.684,.549,.532,F,hillso01"
"221,Otis Thorpe,1.4,1.4,1997-98,35,VAN,47,46,1574,205,430,205,426,0,4,118,170,100,271,371,161,30,23,115,158,528,.477,.481,.000,.694,.523,.477,F-C,thorpot01"
"222,Jon Leuer,1.3,1.3,2014-15,25,MEM,63,6,824,121,273,114,244,7,29,37,59,50,157,207,46,17,9,35,86,286,.443,.467,.241,.627,.478,.456,F,leuerjo01"
"223,Wayne Ellington,1.3,1.3,2012-13,25,MEM,40,4,676,81,199,40,102,41,97,15,16,5,47,52,42,16,1,24,38,218,.407,.392,.423,.938,.529,.510,G,ellinwa01"
"224,Jarell Martin,1.3,1.3,2017-18,23,MEM,73,36,1661,221,496,187,398,34,98,89,116,97,221,318,73,39,49,86,211,565,.446,.470,.347,.767,.516,.480,F,martija01"
"225,Alexander Johnson,1.3,1.3,2006-07,23,MEM,59,19,753,91,169,91,169,0,0,78,118,50,131,181,17,25,35,47,137,260,.538,.538,,.661,.588,.538,F,johnsal01"
"226,Omri Casspi,1.3,1.3,2018-19,30,MEM,36,0,520,86,161,71,118,15,43,39,58,17,98,115,26,20,9,23,35,226,.534,.602,.349,.672,.606,.581,F,casspom01"
"227,Mike Bibby,1.3,1.3,1998-99,20,VAN,50,50,1758,260,605,245,531,15,74,127,169,30,106,136,325,78,5,146,122,662,.430,.461,.203,.751,.487,.442,G,bibbymi01"
"228,Troy Daniels,1.3,1.3,2016-17,25,MEM,67,3,1183,185,495,47,140,138,355,43,54,22,78,100,46,20,4,45,90,551,.374,.336,.389,.796,.531,.513,G,danietr01"
"229,Tony Massenburg,1.3,1.3,1997-98,30,VAN,61,13,894,148,309,148,309,0,0,100,137,80,152,232,21,25,24,60,123,396,.479,.479,,.730,.536,.479,F,masseto01"
"230,Brandan Wright,1.2,1.2,2017-18,30,MEM,27,1,366,57,99,57,99,0,0,21,33,32,61,93,13,13,25,8,29,135,.576,.576,,.636,.595,.576,F-C,wrighbr03"
"231,Lance Stephenson,1.2,1.2,2015-16,25,MEM,26,3,692,146,308,135,277,11,31,66,81,21,94,115,73,19,6,46,56,369,.474,.487,.355,.815,.537,.492,G-F,stephla01"
"232,Grayson Allen,1.2,1.2,2019-20,24,MEM,38,0,718,117,251,60,110,57,141,39,45,8,77,85,52,10,2,33,53,330,.466,.545,.404,.867,.609,.580,G,allengr01"
"233,Sam Young,1.2,1.2,2009-10,24,MEM,80,1,1321,224,497,213,441,11,56,136,175,77,124,201,52,34,20,94,106,595,.451,.483,.196,.777,.518,.462,F,youngsa01"
"234,Aaron Williams,1.2,1.2,1996-97,25,VAN,32,1,553,82,143,82,142,0,1,33,49,60,78,138,15,16,26,28,72,197,.573,.577,.000,.673,.599,.573,F-C,williaa01"
"235,Dillon Brooks,1.2,1.2,2017-18,22,MEM,82,74,2350,340,772,246,508,94,264,124,166,49,208,257,135,73,17,124,233,898,.440,.484,.356,.747,.531,.501,F-G,brookdi01"
"236,Dillon Brooks,1.2,1.2,2019-20,24,MEM,73,73,2112,435,1068,288,657,147,411,164,203,68,175,243,150,63,27,124,278,1181,.407,.438,.358,.808,.510,.476,F-G,brookdi01"
"237,Ivan Rabb,1.2,1.2,2017-18,20,MEM,36,5,516,86,152,86,152,0,0,29,36,53,105,158,32,12,13,35,55,201,.566,.566,,.806,.599,.566,F,rabbiv01"
"238,Jake Tsakalidis,1.2,1.2,2003-04,24,MEM,40,28,533,67,133,67,133,0,0,36,61,37,91,128,18,9,22,23,79,170,.504,.504,,.590,.532,.504,C,tsakaja01"
"239,Shelvin Mack,1.1,1.1,2018-19,28,MEM,53,3,1204,161,389,115,261,46,128,53,75,18,84,102,182,45,4,62,81,421,.414,.441,.359,.707,.499,.473,G,macksh01"
"240,Nick Calathes,1.1,1.1,2014-15,25,MEM,58,0,838,104,247,93,204,11,43,24,45,19,87,106,146,63,5,61,100,243,.421,.456,.256,.533,.455,.443,G,calatni01"
"241,Damon Stoudamire,1.1,1.1,2006-07,33,MEM,62,51,1501,171,437,112,262,59,175,66,83,31,108,139,299,47,2,101,95,467,.391,.427,.337,.795,.493,.459,G,stoudda01"
"242,Chris Andersen,1.1,1.1,2015-16,37,MEM,20,14,366,34,62,32,53,2,9,22,32,33,56,89,9,14,10,7,25,92,.548,.604,.222,.688,.605,.565,C-F,anderch01"
"243,Shane Battier,1.1,1.1,2010-11,32,MEM,23,0,557,43,101,29,59,14,42,15,17,32,60,92,32,16,10,16,31,115,.426,.492,.333,.882,.530,.495,F,battish01"
"244,Chandler Parsons,1.1,1.1,2017-18,29,MEM,36,8,691,108,234,57,113,51,121,17,27,14,76,90,69,18,11,35,53,284,.462,.504,.421,.630,.578,.571,F,parsoch01"
"245,Chris King,1.1,1.1,1995-96,26,VAN,80,66,1930,250,585,206,472,44,113,90,136,102,183,285,104,68,33,103,163,634,.427,.436,.389,.662,.492,.465,F,kingch01"
"246,Sam Mack,1.1,1.1,1997-98,27,VAN,57,54,1414,222,559,112,290,110,269,62,77,30,103,133,101,41,11,69,117,616,.397,.386,.409,.805,.519,.496,F-G,macksa01"
"247,Pete Chilcutt,1.1,1.1,1996-97,28,VAN,54,1,662,72,165,47,96,25,69,13,22,67,89,156,47,26,17,28,52,182,.436,.490,.362,.591,.521,.512,F-C,chilcpe01"
"248,Mike Conley,1.1,1.1,2007-08,20,MEM,53,46,1381,189,442,159,351,30,91,90,123,21,118,139,222,44,2,89,85,498,.428,.453,.330,.732,.502,.462,G,conlemi01"
"249,Jerryd Bayless,1.0,1.0,2013-14,25,MEM,31,5,650,90,239,65,156,25,83,45,57,8,51,59,66,20,5,22,72,250,.377,.417,.301,.789,.473,.429,G,bayleje01"
"250,Bonzi Wells,1.0,1.0,2003-04,27,MEM,59,17,1468,295,675,274,614,21,61,117,156,57,142,199,104,71,16,129,159,728,.437,.446,.344,.750,.489,.453,G-F,wellsbo01"
"251,Stromile Swift,1.0,1.0,2006-07,27,MEM,54,18,1029,161,346,161,341,0,5,97,134,85,165,250,17,30,62,69,146,419,.465,.472,.000,.724,.517,.465,F,swiftst01"
"252,Vince Carter,1.0,1.0,2014-15,38,MEM,66,1,1091,135,406,66,174,69,232,45,57,27,106,133,79,43,14,43,102,384,.333,.379,.297,.789,.445,.417,G-F,cartevi01"
"253,Tayshaun Prince,1.0,1.0,2014-15,34,MEM,26,9,628,75,183,60,150,15,33,25,30,21,62,83,37,9,6,15,22,190,.410,.400,.455,.833,.484,.451,F,princta01"
"254,Jason Williams,0.9,0.9,2001-02,26,MEM,65,65,2236,376,985,249,555,127,430,80,101,22,173,195,519,111,7,214,102,959,.382,.449,.295,.792,.466,.446,G,willija02"
"255,Sam Mack,0.9,0.9,1998-99,28,VAN,19,15,577,86,212,44,104,42,108,28,30,7,46,53,23,20,1,20,53,242,.406,.423,.389,.933,.537,.505,F-G,macksa01"
"256,Brian Cardinal,0.9,0.9,2006-07,29,MEM,28,1,313,42,85,24,41,18,44,25,27,13,46,59,31,22,1,23,42,127,.494,.585,.409,.926,.655,.600,F,cardibr01"
"257,Mike Miller,0.9,0.9,2002-03,22,MEM,16,13,360,77,151,55,107,22,44,29,36,6,49,55,31,6,5,26,34,205,.510,.514,.500,.806,.614,.583,F-G,millemi01"
"258,Tarence Kinsey,0.9,0.9,2006-07,22,MEM,48,12,967,139,304,126,258,13,46,78,98,29,68,97,41,53,1,46,57,369,.457,.488,.283,.796,.532,.479,G,kinseta01"
"259,Othella Harrington,0.9,0.9,2000-01,27,VAN,44,40,1267,180,386,180,383,0,3,120,154,102,187,289,36,19,26,104,136,480,.466,.470,.000,.779,.529,.466,F-C,harriot01"
"260,Ryan Hollins,0.9,0.9,2015-16,31,MEM,32,9,412,45,72,45,72,0,0,26,42,40,47,87,10,6,20,21,58,116,.625,.625,,.619,.641,.625,C,holliry01"
"261,Stromile Swift,0.9,0.9,2007-08,28,MEM,35,4,549,93,177,93,175,0,2,52,81,46,83,129,22,10,36,39,74,238,.525,.531,.000,.642,.560,.525,F,swiftst01"
"262,Dahntay Jones,0.9,0.9,2004-05,24,MEM,52,7,649,83,190,60,130,23,60,44,64,11,58,69,21,13,11,29,81,233,.437,.462,.383,.688,.534,.497,G-F,jonesda02"
"263,Brandon Clarke,0.9,0.9,2022-23,26,MEM,13,1,237,53,78,53,73,0,5,25,33,10,39,49,19,4,11,16,34,131,.679,.726,.000,.758,.708,.679,F,clarkbr01"
"264,Austin Daye,0.9,0.9,2012-13,24,MEM,31,0,328,47,111,27,53,20,58,11,16,6,54,60,21,9,14,16,39,125,.423,.509,.345,.688,.529,.514,F,dayeau01"
"265,Gorgui Dieng,0.9,0.9,2019-20,30,MEM,17,0,318,42,87,34,55,8,32,31,42,18,80,98,15,14,17,16,35,123,.483,.618,.250,.738,.583,.529,C,dienggo01"
"266,Santi Aldama,0.8,0.8,2022-23,22,MEM,13,13,359,47,103,33,56,14,47,14,22,24,56,80,11,12,14,8,34,122,.456,.589,.298,.636,.541,.524,F,aldamsa01"
"267,Rodney Buford,0.8,0.8,2001-02,24,MEM,63,21,1769,258,593,241,523,17,70,58,80,52,220,272,71,42,12,63,110,591,.435,.461,.243,.725,.470,.449,G-F,buforro01"
"268,Hakim Warrick,0.8,0.8,2005-06,23,MEM,68,2,724,101,228,101,228,0,0,76,115,43,101,144,30,14,21,56,113,278,.443,.443,,.661,.499,.443,F,warriha01"
"269,Jarell Martin,0.8,0.8,2015-16,21,MEM,27,0,380,54,116,54,114,0,2,45,62,39,47,86,15,8,7,19,58,153,.466,.474,.000,.726,.534,.466,F,martija01"
"270,Justin Holiday,0.8,0.8,2018-19,29,MEM,44,39,1282,149,383,84,188,65,195,54,60,27,127,154,61,54,15,57,85,417,.389,.447,.333,.900,.509,.474,F,holidju01"
"271,Mike Batiste,0.8,0.8,2002-03,25,MEM,75,2,1248,197,467,179,386,18,81,69,88,82,175,257,52,42,16,69,120,481,.422,.464,.222,.784,.476,.441,F,batismi01"
"272,John Konchar,0.7,0.7,2022-23,26,MEM,12,4,299,31,68,13,23,18,45,1,2,19,44,63,13,12,4,6,18,81,.456,.565,.400,.500,.588,.588,G,konchjo01"
"273,MarShon Brooks,0.7,0.7,2017-18,29,MEM,7,1,193,51,102,32,70,19,32,20,23,8,13,21,25,11,3,16,6,141,.500,.457,.594,.870,.629,.593,G-F,brookma01"
"274,Steven Adams,0.7,0.7,2022-23,29,MEM,12,12,323,34,57,34,57,0,0,9,29,62,76,138,29,9,16,27,32,77,.596,.596,,.310,.552,.596,C,adamsst01"
"275,Mahmoud Abdul-Rauf,0.7,0.7,2000-01,31,VAN,41,0,486,120,246,116,232,4,14,22,29,5,20,25,76,9,1,26,50,266,.488,.500,.286,.759,.514,.496,G,abdulma02"
"276,Tony Massenburg,0.7,0.7,2000-01,33,VAN,52,20,823,92,199,92,199,0,0,49,70,75,135,210,9,10,28,48,122,233,.462,.462,,.700,.507,.462,F,masseto01"
"277,John Konchar,0.7,0.7,2019-20,23,MEM,19,0,181,24,37,19,27,5,10,1,2,18,29,47,22,7,3,7,7,54,.649,.704,.500,.500,.713,.716,G,konchjo01"
"278,Avery Bradley,0.7,0.7,2018-19,28,MEM,14,14,442,87,188,59,115,28,73,23,25,8,36,44,56,14,0,28,34,225,.463,.513,.384,.920,.565,.537,G,bradlav01"
"279,Tyler Dorsey,0.7,0.7,2018-19,22,MEM,21,11,447,75,175,41,82,34,93,22,35,18,52,70,39,7,1,17,33,206,.429,.500,.366,.629,.541,.526,G,dorsety01"
"280,Dahntay Jones,0.7,0.7,2006-07,26,MEM,78,25,1671,220,461,215,449,5,12,138,174,47,106,153,68,39,22,92,192,583,.477,.479,.417,.793,.542,.483,G-F,jonesda02"
"281,Jaren Jackson Jr.,0.7,0.7,2020-21,21,MEM,11,4,258,53,125,36,65,17,60,35,42,17,45,62,12,12,18,15,42,158,.424,.554,.283,.833,.551,.492,F,jacksja02"
"282,Brandan Wright,0.7,0.7,2015-16,28,MEM,12,2,212,35,52,35,52,0,0,13,24,14,29,43,6,5,15,10,21,83,.673,.673,,.542,.663,.673,F-C,wrighbr03"
"283,Bryant Reeves,0.6,0.6,1999-00,26,VAN,69,67,1773,252,562,252,558,0,4,107,165,126,264,390,82,33,38,119,245,611,.448,.452,.000,.648,.481,.448,C,reevebr01"
"284,Jarell Martin,0.6,0.6,2016-17,22,MEM,42,3,558,58,151,49,126,9,25,40,50,42,120,162,8,17,9,28,91,165,.384,.389,.360,.800,.477,.414,F,martija01"
"285,Mario Chalmers,0.6,0.6,2017-18,31,MEM,66,10,1421,168,443,115,252,53,191,118,138,13,144,157,197,79,14,117,179,507,.379,.456,.277,.855,.503,.439,G,chalmma01"
"286,Jake Tsakalidis,0.6,0.6,2004-05,25,MEM,31,1,278,32,64,32,64,0,0,14,18,21,35,56,10,3,16,12,42,78,.500,.500,,.778,.542,.500,C,tsakaja01"
"287,Brian Cardinal,0.6,0.6,2005-06,28,MEM,36,0,402,46,111,33,82,13,29,19,27,11,44,55,33,23,0,27,65,124,.414,.402,.448,.704,.505,.473,F,cardibr01"
"288,Quinton Ross,0.6,0.6,2008-09,27,MEM,68,7,1164,99,259,66,171,33,88,34,42,29,97,126,47,32,14,36,114,265,.382,.386,.375,.810,.478,.446,G,rossqu01"
"289,Mike Conley,0.6,0.6,2017-18,30,MEM,12,12,373,64,168,40,91,24,77,53,66,0,27,27,49,12,3,18,24,205,.381,.440,.312,.803,.520,.452,G,conlemi01"
"290,Dahntay Jones,0.6,0.6,2005-06,25,MEM,71,4,967,109,263,106,242,3,21,60,93,20,84,104,39,38,15,50,108,281,.414,.438,.143,.645,.462,.420,G-F,jonesda02"
"291,Hamed Haddadi,0.6,0.6,2010-11,25,MEM,31,0,168,30,58,30,57,0,1,15,23,24,44,68,5,2,13,11,29,75,.517,.526,.000,.652,.550,.517,C,haddaha01"
"292,Quincy Pondexter,0.6,0.6,2014-15,26,MEM,30,2,540,48,135,31,62,17,73,21,30,20,37,57,28,5,5,10,47,134,.356,.500,.233,.700,.452,.419,G-F,pondequ01"
"293,Anthony Peeler,0.6,0.6,1996-97,27,VAN,72,57,2291,402,1011,274,668,128,343,109,133,54,193,247,256,105,17,157,168,1041,.398,.410,.373,.820,.487,.461,G,peelean01"
"294,Hamed Haddadi,0.6,0.6,2011-12,26,MEM,35,0,206,26,48,26,47,0,1,18,26,28,43,71,8,1,26,21,43,70,.542,.553,.000,.692,.589,.542,C,haddaha01"
"295,Killian Tillie,0.6,0.6,2021-22,23,MEM,36,3,461,43,127,16,41,27,86,5,8,21,39,60,22,23,15,13,58,118,.339,.390,.314,.625,.452,.445,F,tilliki02"
"296,Tyus Jones,0.6,0.6,2022-23,26,MEM,13,1,290,56,122,38,71,18,51,6,11,4,17,21,50,7,1,14,6,136,.459,.535,.353,.545,.536,.533,G,jonesty01"
"297,Lawrence Moten,0.6,0.6,1995-96,23,VAN,44,3,573,112,247,94,192,18,55,49,75,36,25,61,50,29,8,44,54,291,.453,.490,.327,.653,.520,.490,G,motenla01"
"298,Josh Jackson,0.5,0.5,2019-20,22,MEM,22,0,381,70,159,47,87,23,72,35,50,11,55,66,35,18,9,28,40,198,.440,.540,.319,.700,.547,.513,F-G,jacksjo02"
"299,Lawrence Roberts,0.5,0.5,2005-06,23,MEM,33,0,181,20,44,20,42,0,2,11,23,26,23,49,5,8,2,5,30,51,.455,.476,.000,.478,.471,.455,F,roberla01"
"300,Kyle Lowry,0.5,0.5,2006-07,20,MEM,10,0,175,14,38,11,30,3,8,25,28,12,19,31,32,14,1,12,20,56,.368,.367,.375,.893,.556,.408,G,lowryky01"
"301,Greivis Vásquez,0.5,0.5,2010-11,24,MEM,70,1,860,95,233,70,147,25,86,34,44,12,61,73,151,22,4,70,83,249,.408,.476,.291,.773,.493,.461,G,vasqugr01"
"302,Felipe López,0.5,0.5,1998-99,24,VAN,47,32,1218,169,379,157,335,12,44,87,135,69,97,166,62,49,14,82,128,437,.446,.469,.273,.644,.498,.462,G,lopezfe01"
"303,Ben McLemore,0.5,0.5,2017-18,24,MEM,56,17,1091,157,373,102,214,55,159,53,64,34,105,139,51,38,15,61,139,422,.421,.477,.346,.828,.526,.495,G,mclembe01"
"304,DeMarre Carroll,0.5,0.5,2009-10,23,MEM,71,1,795,88,222,88,216,0,6,33,53,53,97,150,33,28,9,24,107,209,.396,.407,.000,.623,.426,.396,F,carrode01"
"305,Darrick Martin,0.5,0.5,1995-96,24,VAN,24,0,402,59,131,54,109,5,22,38,46,13,25,38,61,27,1,37,47,161,.450,.495,.227,.826,.532,.469,G,martida01"
"306,Rudy Gay,0.5,0.5,2006-07,20,MEM,78,43,2103,321,760,269,617,52,143,152,209,93,255,348,100,71,74,140,192,846,.422,.436,.364,.727,.497,.457,F,gayru01"
"307,Jarnell Stokes,0.5,0.5,2014-15,21,MEM,19,2,126,21,37,21,37,0,0,15,28,16,18,34,4,5,5,7,25,57,.568,.568,,.536,.578,.568,F-C,stokeja01"
"308,Toney Douglas,0.5,0.5,2016-17,30,MEM,24,0,394,43,117,36,75,7,42,24,29,13,48,61,56,18,5,21,50,117,.368,.480,.167,.828,.451,.397,G,douglto01"
"309,Darius Miles,0.5,0.5,2008-09,27,MEM,34,0,298,48,99,47,93,1,6,23,31,19,38,57,17,11,20,21,32,120,.485,.505,.167,.742,.533,.490,F,milesda01"
"310,Deyonta Davis,0.5,0.5,2016-17,20,MEM,36,0,238,24,47,24,47,0,0,10,18,20,40,60,2,3,17,8,40,58,.511,.511,,.556,.528,.511,C-F,davisde01"
"311,Antonio Burks,0.5,0.5,2004-05,24,MEM,24,0,219,28,60,25,49,3,11,14,19,1,11,12,28,13,1,12,25,73,.467,.510,.273,.737,.534,.492,G,burksan01"
"312,Obinna Ekezie,0.5,0.5,1999-00,24,VAN,39,0,351,41,88,41,88,0,0,43,64,34,58,92,8,9,4,26,61,125,.466,.466,,.672,.538,.466,F-C,ekeziob01"
"313,Doug West,0.5,0.5,1999-00,32,VAN,38,0,581,59,145,59,142,0,3,34,40,18,53,71,43,12,8,19,80,152,.407,.415,.000,.850,.467,.407,G-F,westdo01"
"314,Erick Strickland,0.5,0.5,2000-01,27,VAN,22,0,409,41,136,27,88,14,48,44,51,9,67,76,66,22,1,27,42,140,.301,.307,.292,.863,.442,.353,G,stricer01"
"315,Lee Mayberry,0.4,0.4,1997-98,27,VAN,79,32,1835,131,349,68,169,63,180,38,51,19,95,114,349,65,10,113,164,363,.375,.402,.350,.745,.489,.466,G,maybele01"
"316,Jake LaRavia,0.4,0.4,2022-23,21,MEM,10,0,180,20,42,7,13,13,29,5,5,9,26,35,5,5,2,6,25,58,.476,.538,.448,1.000,.656,.631,F,laravja01"
"317,Damon Stoudamire,0.4,0.4,2007-08,34,MEM,29,29,624,77,194,41,100,36,94,21,26,14,57,71,112,19,0,50,46,211,.397,.410,.383,.808,.514,.490,G,stoudda01"
"318,Drew Gooden,0.4,0.4,2002-03,21,MEM,51,29,1329,255,576,241,530,14,46,92,132,105,190,295,63,38,22,105,121,616,.443,.455,.304,.697,.486,.455,F,goodedr01"
"319,Leon Powe,0.4,0.4,2010-11,27,MEM,16,0,141,30,60,30,58,0,2,28,46,8,17,25,5,3,1,7,24,88,.500,.517,.000,.609,.548,.500,F,powele01"
"320,Andre Brown,0.4,0.4,2007-08,26,MEM,33,1,286,39,78,39,78,0,0,22,49,37,55,92,8,7,4,14,38,100,.500,.500,,.449,.502,.500,F,brownan01"
"321,Doug West,0.4,0.4,1998-99,31,VAN,14,2,294,31,65,31,63,0,2,19,25,5,20,25,19,16,7,12,38,81,.477,.492,.000,.760,.533,.477,G-F,westdo01"
"322,Jon Leuer,0.4,0.4,2012-13,23,MEM,19,0,96,15,24,15,24,0,0,4,7,8,16,24,3,4,0,3,10,34,.625,.625,,.571,.628,.625,F,leuerjo01"
"323,Jordan Farmar,0.4,0.4,2015-16,29,MEM,12,10,291,42,100,26,55,16,45,10,10,4,21,25,37,15,2,18,22,110,.420,.473,.356,1.000,.527,.500,G,farmajo01"
"324,Gilbert Arenas,0.4,0.4,2011-12,30,MEM,17,0,211,26,64,13,25,13,39,7,10,2,16,18,18,11,1,12,35,72,.406,.520,.333,.700,.526,.508,G,arenagi01"
"325,Jordan Adams,0.4,0.4,2014-15,20,MEM,30,0,248,35,86,25,61,10,25,14,23,9,19,28,16,16,7,14,24,94,.407,.410,.400,.609,.489,.465,G,adamsjo01"
"326,Felipe López,0.4,0.4,1999-00,25,VAN,65,0,781,111,261,108,243,3,18,67,109,59,65,124,44,32,17,53,94,292,.425,.444,.167,.615,.473,.431,G,lopezfe01"
"327,JaMychal Green,0.4,0.4,2014-15,24,MEM,20,1,139,23,40,23,36,0,4,8,10,16,23,39,4,5,3,12,19,54,.575,.639,.000,.800,.608,.575,F,greenja01"
"328,Anthony Peeler,0.4,0.4,1997-98,28,VAN,8,8,202,35,72,30,53,5,19,4,6,6,14,20,23,9,0,6,16,79,.486,.566,.263,.667,.529,.521,G,peelean01"
"329,Hamed Haddadi,0.4,0.4,2008-09,23,MEM,19,0,120,15,31,15,31,0,0,18,30,16,31,47,8,1,12,9,20,48,.484,.484,,.600,.543,.484,C,haddaha01"
"330,Quincy Pondexter,0.4,0.4,2013-14,25,MEM,15,2,270,31,79,20,45,11,34,21,26,10,16,26,20,5,1,15,18,94,.392,.444,.324,.808,.520,.462,G-F,pondequ01"
"331,Hasheem Thabeet,0.3,0.3,2010-11,23,MEM,45,0,369,17,39,17,39,0,0,19,35,24,51,75,4,9,15,17,73,53,.436,.436,,.543,.487,.436,C,thabeha01"
"332,Greg Buckner,0.3,0.3,2008-09,32,MEM,63,0,878,61,159,48,108,13,51,20,25,32,98,130,57,29,8,38,108,155,.384,.444,.255,.800,.456,.425,G,buckngr01"
"333,Josh Davis,0.3,0.3,2011-12,31,MEM,15,0,130,10,27,6,14,4,13,4,8,16,11,27,6,7,1,3,19,28,.370,.429,.308,.500,.459,.444,F,davisjo02"
"334,Wayne Selden,0.3,0.3,2017-18,23,MEM,35,9,692,116,269,67,147,49,122,44,59,16,40,56,66,18,5,54,59,325,.431,.456,.402,.746,.551,.522,G-F,seldewa01"
"335,Santi Aldama,0.3,0.3,2021-22,21,MEM,32,0,360,53,132,47,84,6,48,20,32,33,54,87,21,6,10,16,36,132,.402,.560,.125,.625,.452,.424,F,aldamsa01"
"336,C.J. Miles,0.3,0.3,2018-19,31,MEM,13,0,294,42,105,18,39,24,66,13,14,1,26,27,14,8,5,9,17,121,.400,.462,.364,.929,.544,.514,G-F,milescj01"
"337,Tyler Zeller,0.3,0.3,2018-19,29,MEM,4,1,82,16,28,16,28,0,0,14,18,9,9,18,3,1,3,4,16,46,.571,.571,,.778,.640,.571,F-C,zellety01"
"338,Anthony Tolliver,0.3,0.3,2019-20,34,MEM,13,4,236,19,48,2,7,17,41,7,8,5,28,33,10,7,1,9,14,62,.396,.286,.415,.875,.602,.573,F-C,tollian01"
"339,Darrell Arthur,0.3,0.3,2009-10,21,MEM,32,1,457,63,146,63,145,0,1,17,30,37,73,110,15,14,14,22,60,143,.432,.434,.000,.567,.449,.432,F,arthuda01"
"340,DeJuan Wheat,0.3,0.3,1998-99,25,VAN,46,0,590,73,193,51,133,22,60,40,55,11,34,45,102,26,2,48,59,208,.378,.383,.367,.727,.479,.435,G,wheatde01"
"341,Pete Chilcutt,0.3,0.3,1998-99,30,VAN,46,0,697,63,172,37,104,26,68,14,17,29,88,117,30,22,12,28,52,166,.366,.356,.382,.824,.462,.442,F-C,chilcpe01"
"342,Dillon Brooks,0.3,0.3,2022-23,27,MEM,10,10,292,59,141,38,88,21,53,13,19,4,31,35,21,7,2,13,31,152,.418,.432,.396,.684,.509,.493,F-G,brookdi01"
"343,Chris Johnson,0.2,0.2,2012-13,22,MEM,8,0,102,11,25,5,7,6,18,1,2,5,6,11,2,4,0,3,5,29,.440,.714,.333,.500,.560,.560,F-G,johnsch04"
"344,Chris Robinson,0.2,0.2,1996-97,22,VAN,41,6,681,69,182,35,93,34,89,16,26,23,48,71,65,28,9,34,85,188,.379,.376,.382,.615,.486,.473,G,robinch01"
"345,Cherokee Parks,0.2,0.2,1998-99,26,VAN,48,41,1118,118,275,118,274,0,1,30,55,75,168,243,36,28,28,49,114,266,.429,.431,.000,.545,.445,.429,C-F,parksch02"
"346,Xavier Henry,0.2,0.2,2010-11,19,MEM,38,16,527,65,160,63,143,2,17,33,52,9,28,37,18,11,3,13,48,165,.406,.441,.118,.635,.451,.413,G,henryxa01"
"347,Bobby Jones,0.2,0.2,2007-08,24,MEM,9,2,137,14,36,11,23,3,13,9,10,10,17,27,11,5,2,5,17,40,.389,.478,.231,.900,.495,.431,F,jonesbo02"
"348,Eric Mobley,0.2,0.2,1995-96,25,VAN,34,1,611,72,131,71,129,1,2,37,83,51,77,128,22,13,23,49,82,182,.550,.550,.500,.446,.543,.553,C,mobleer01"
"349,Keyon Dooling,0.2,0.2,2012-13,32,MEM,7,0,82,10,21,5,9,5,12,6,7,0,1,1,8,1,0,5,8,31,.476,.556,.417,.857,.644,.595,G,doolike01"
"350,Chandler Parsons,0.2,0.2,2016-17,28,MEM,34,34,675,75,222,50,129,25,93,35,43,6,78,84,55,20,5,24,52,210,.338,.388,.269,.814,.436,.394,F,parsoch01"
"351,Bruno Caboclo,0.2,0.2,2019-20,24,MEM,22,0,192,28,69,24,44,4,25,2,3,17,27,44,10,10,12,7,23,62,.406,.545,.160,.667,.441,.435,F-C,cabocbr01"
"352,Sam Young,0.2,0.2,2011-12,26,MEM,21,2,240,32,83,32,74,0,9,10,12,14,27,41,9,11,2,9,12,74,.386,.432,.000,.833,.419,.386,F,youngsa01"
"353,Killian Tillie,0.2,0.2,2020-21,22,MEM,18,1,182,19,57,9,24,10,33,9,11,6,18,24,8,5,8,2,20,57,.333,.375,.303,.818,.461,.421,F,tilliki02"
"354,Darko Miličić,0.2,0.2,2007-08,22,MEM,70,64,1663,219,500,219,499,0,1,67,121,127,297,424,58,32,114,101,185,505,.438,.439,.000,.554,.456,.438,F-C,milicda01"
"355,Grant Long,0.2,0.2,2001-02,35,MEM,66,56,1868,164,385,161,368,3,17,86,123,31,200,231,136,63,12,103,123,417,.426,.438,.176,.699,.475,.430,F,longgr01"
"356,David Roddy,0.2,0.2,2022-23,21,MEM,13,0,223,26,72,15,31,11,41,6,8,11,22,33,9,7,4,6,21,69,.361,.484,.268,.750,.457,.438,F,roddyda01"
"357,Sean McDermott,0.2,0.2,2020-21,24,MEM,18,0,158,13,33,8,11,5,22,8,8,6,13,19,4,2,3,4,8,39,.394,.727,.227,1.000,.534,.470,F,mcderse01"
"358,Anthony Roberson,0.2,0.2,2005-06,22,MEM,16,0,88,14,31,9,21,5,10,2,2,0,6,6,5,1,0,3,6,35,.452,.429,.500,1.000,.549,.532,G,roberan02"
"359,Russ Smith,0.2,0.2,2014-15,23,MEM,6,0,36,6,15,5,10,1,5,12,13,1,2,3,6,3,0,5,7,25,.400,.500,.200,.923,.603,.433,G,smithru01"
"360,Brevin Knight,0.2,0.2,2002-03,27,MEM,55,4,928,97,228,95,220,2,8,20,37,15,66,81,233,69,2,94,123,216,.425,.432,.250,.541,.442,.430,G,knighbr01"
"361,Eddie Jones,0.2,0.2,2006-07,35,MEM,29,14,561,57,151,35,77,22,74,25,34,14,47,61,33,22,2,23,54,161,.377,.455,.297,.735,.485,.450,G-F,jonesed02"
"362,Jason Collins,0.1,0.1,2007-08,29,MEM,31,3,488,30,59,30,58,0,1,20,38,29,60,89,6,12,17,25,84,80,.508,.517,.000,.526,.528,.508,C,collija04"
"363,MarShon Brooks,0.1,0.1,2018-19,30,MEM,29,0,387,76,169,61,115,15,54,23,33,12,33,45,25,9,4,21,33,190,.450,.530,.278,.697,.518,.494,G-F,brookma01"
"364,Kwame Brown,0.1,0.1,2007-08,25,MEM,15,1,204,19,39,19,39,0,0,14,34,20,37,57,17,6,4,14,24,52,.487,.487,,.412,.482,.487,F,brownkw01"
"365,Yuta Watanabe,0.1,0.1,2019-20,25,MEM,18,0,105,15,34,12,26,3,8,3,8,7,13,20,5,5,1,2,9,36,.441,.462,.375,.375,.480,.485,F,watanyu01"
"366,Kenny Gattison,0.1,0.1,1995-96,31,VAN,25,14,570,91,190,91,190,0,0,47,78,35,79,114,14,10,11,40,75,229,.479,.479,,.603,.510,.479,F-C,gattike01"
"367,Marko Guduric,0.1,0.1,2019-20,24,MEM,44,0,484,62,157,37,74,25,83,24,26,14,59,73,45,12,8,36,34,173,.395,.500,.301,.923,.514,.475,G,gudurma01"
"368,Beno Udrih,0.1,0.1,2013-14,31,MEM,10,0,55,10,18,8,16,2,2,5,6,0,2,2,6,1,1,5,4,27,.556,.500,1.000,.833,.654,.611,G,udrihbe01"
"369,Antonio Harvey,0.1,0.1,1995-96,25,VAN,18,6,410,39,95,39,93,0,2,20,43,27,67,94,9,14,21,18,38,98,.411,.419,.000,.465,.430,.411,F-C,harvean01"
"370,Myke Henry,0.1,0.1,2017-18,25,MEM,20,0,378,41,109,22,51,19,58,6,10,10,28,38,22,31,6,19,28,107,.376,.431,.328,.600,.472,.463,F,henrymy01"
"371,Wayne Selden,0.1,0.1,2018-19,24,MEM,32,0,455,65,161,45,98,20,63,22,29,16,28,44,36,10,6,23,48,172,.404,.459,.317,.759,.495,.466,G-F,seldewa01"
"372,Julian Washburn,0.1,0.1,2018-19,27,MEM,18,3,254,16,48,11,24,5,24,3,4,8,33,41,14,13,2,7,16,40,.333,.458,.208,.750,.402,.385,F,washbju01"
"373,DeMarre Carroll,0.1,0.1,2010-11,24,MEM,7,0,39,4,9,4,9,0,0,2,2,2,6,8,2,1,1,0,5,10,.444,.444,,1.000,.506,.444,F,carrode01"
"374,Antonis Fotsis,0.1,0.1,2001-02,20,MEM,28,1,320,42,104,35,81,7,23,17,20,25,37,62,10,9,11,21,22,108,.404,.432,.304,.850,.479,.438,F,fotsian01"
"375,Allen Iverson,0.1,0.1,2009-10,34,MEM,3,0,67,15,26,14,25,1,1,6,12,1,3,4,11,1,0,7,5,37,.577,.560,1.000,.500,.591,.596,G,iversal01"
"376,Tony Wroten,0.1,0.1,2012-13,19,MEM,35,0,272,33,86,29,70,4,16,21,29,13,15,28,43,8,4,29,34,91,.384,.414,.250,.724,.461,.407,G,wroteto01"
"377,Michael Dickerson,0.1,0.1,2002-03,27,MEM,6,1,87,10,24,6,13,4,11,5,5,1,5,6,8,5,1,6,16,29,.417,.462,.364,1.000,.553,.500,G-F,dickemi01"
"378,Eddie Gill,0.1,0.1,2001-02,23,MEM,23,5,384,39,92,32,70,7,22,31,39,7,21,28,49,11,3,34,38,116,.424,.457,.318,.795,.531,.462,G,gilled01"
"379,Benoit Benjamin,0.1,0.1,1995-96,31,VAN,13,13,404,71,161,71,161,0,0,39,56,31,72,103,16,10,15,34,40,181,.441,.441,,.696,.488,.441,C,benjabe01"
"380,Antoine Carr,0.1,0.1,1999-00,38,VAN,21,0,221,28,64,28,64,0,0,11,14,8,24,32,7,3,6,9,42,67,.438,.438,,.786,.477,.438,F-C,carran01"
"381,Ryan Humphrey,0.1,0.1,2004-05,25,MEM,35,0,317,42,103,42,101,0,2,18,37,50,37,87,6,10,1,23,35,102,.408,.416,.000,.486,.428,.408,F,humphry01"
"382,Xavier Munford,0.1,0.1,2015-16,23,MEM,14,0,244,32,77,23,54,9,23,7,14,3,28,31,22,13,3,15,25,80,.416,.426,.391,.500,.481,.474,G,munfoxa02"
"383,Jarrett Culver,0.1,0.1,2021-22,22,MEM,37,0,338,51,135,39,88,12,47,16,34,13,35,48,33,20,5,20,42,130,.378,.443,.255,.471,.433,.422,G,culveja01"
"384,Omari Johnson,0.1,0.1,2017-18,28,MEM,4,0,75,9,21,5,9,4,12,0,0,4,7,11,7,2,0,3,6,22,.429,.556,.333,,.524,.524,F,johnsom01"
"385,James Ennis III,0.1,0.1,2015-16,25,MEM,10,0,40,4,13,2,5,2,8,6,10,4,3,7,2,4,2,2,1,16,.308,.400,.250,.600,.460,.385,F,ennisja01"
"386,Brent Price,0.1,0.1,1999-00,31,VAN,41,0,424,41,119,16,51,25,68,34,39,8,29,37,69,17,1,47,63,141,.345,.314,.368,.872,.518,.450,G,pricebr01"
"387,Lester Hudson,0.1,0.1,2009-10,25,MEM,9,0,61,14,35,12,24,2,11,6,7,4,6,10,5,5,1,5,5,36,.400,.500,.182,.857,.473,.429,G,hudsole01"
"388,Alex Stepheson,0.1,0.1,2015-16,28,MEM,4,0,61,8,26,8,26,0,0,4,10,18,8,26,2,1,3,0,8,20,.308,.308,,.400,.329,.308,F,stephal01"
"389,Hamed Haddadi,0.1,0.1,2012-13,27,MEM,13,0,87,7,21,7,21,0,0,1,2,10,14,24,4,1,6,4,15,15,.333,.333,,.500,.343,.333,C,haddaha01"
"390,Tyrus Thomas,0.1,0.1,2014-15,28,MEM,2,0,7,1,1,1,1,0,0,2,2,0,0,0,1,0,0,0,0,4,1.000,1.000,,1.000,1.064,1.000,F,thomaty01"
"391,Theron Smith,0.1,0.1,2003-04,23,MEM,20,0,178,16,43,10,31,6,12,6,8,13,28,41,7,5,5,14,18,44,.372,.323,.500,.750,.473,.442,F,smithth01"
"392,Cuonzo Martin,0.1,0.1,1995-96,24,VAN,4,0,19,3,5,0,2,3,3,0,2,1,1,2,2,1,0,1,1,9,.600,.000,1.000,.000,.765,.900,G-F,marticu01"
"393,Briante Weber,0.1,0.1,2017-18,25,MEM,5,0,119,10,21,10,19,0,2,4,6,5,12,17,9,8,2,8,10,24,.476,.526,.000,.667,.508,.476,G,weberbr01"
"394,Beno Udrih,0.1,0.1,2015-16,33,MEM,8,0,120,20,46,16,35,4,11,3,3,2,7,9,26,3,1,11,11,47,.435,.457,.364,1.000,.497,.478,G,udrihbe01"
"395,Steven Hunter,0.1,0.1,2009-10,28,MEM,21,0,158,17,43,17,43,0,0,19,36,18,24,42,0,1,10,9,10,53,.395,.395,,.528,.450,.395,C,huntest01"
"396,Doug Edwards,0.1,0.1,1995-96,25,VAN,31,0,519,32,91,32,87,0,4,29,38,35,52,87,39,10,18,29,51,93,.352,.368,.000,.763,.432,.352,F,edwardo01"
"397,Yves Pons,0.0,0.0,2021-22,22,MEM,12,0,71,5,16,2,7,3,9,0,2,5,7,12,1,1,4,1,6,13,.313,.286,.333,.000,.385,.406,F,ponsyv01"
"398,Joe Stephens,0.0,0.0,1999-00,27,VAN,13,0,181,19,51,19,43,0,8,3,4,13,23,36,11,7,3,6,9,41,.373,.442,.000,.750,.389,.373,F,stephjo01"
"399,Xavier Tillman Sr.,0.0,0.0,2022-23,24,MEM,8,0,91,12,23,11,19,1,4,3,9,11,12,23,6,0,2,7,8,28,.522,.579,.250,.333,.519,.543,F,tillmxa01"
"400,Marcus Williams,0.0,0.0,2009-10,24,MEM,62,1,872,104,271,80,190,24,81,37,55,13,80,93,161,32,1,74,43,269,.384,.421,.296,.673,.456,.428,G,willima03"
"401,Tarence Kinsey,0.0,0.0,2007-08,23,MEM,11,0,96,16,38,13,31,3,7,5,6,3,9,12,2,3,0,3,11,40,.421,.419,.429,.833,.492,.461,G,kinseta01"
"402,Dusty Hannahs,0.0,0.0,2019-20,26,MEM,2,0,13,4,9,2,6,2,3,2,2,0,1,1,0,0,0,0,1,12,.444,.333,.667,1.000,.607,.556,G,hannadu01"
"403,Dakota Mathias,0.0,0.0,2021-22,26,MEM,6,0,16,2,6,0,0,2,6,0,0,0,2,2,1,1,0,0,1,6,.333,,.333,,.500,.500,G,mathida01"
"404,Troy Williams,0.0,0.0,2016-17,22,MEM,24,13,418,51,123,41,82,10,41,15,25,6,39,45,19,24,9,26,42,127,.415,.500,.244,.600,.474,.455,F,willitr02"
"405,Sam Merrill,0.0,0.0,2021-22,25,MEM,6,0,58,8,24,1,1,7,23,2,4,1,6,7,4,0,0,2,3,25,.333,1.000,.304,.500,.485,.479,G,merrisa01"
"406,Brice Johnson,0.0,0.0,2017-18,23,MEM,9,0,60,13,31,13,31,0,0,1,3,7,11,18,1,3,4,1,6,27,.419,.419,,.333,.418,.419,F,johnsbr02"
"407,Trey Gilder,0.0,0.0,2009-10,25,MEM,2,0,5,1,1,1,1,0,0,0,0,0,1,1,0,1,0,0,0,2,1.000,1.000,,,1.000,1.000,F,gildetr01"
"408,Larry Robinson,0.0,0.0,1997-98,30,VAN,6,0,41,6,19,3,13,3,6,2,2,2,10,12,1,4,0,2,0,17,.316,.231,.500,1.000,.428,.395,F-G,robinla01"
"409,Bryce Cotton,0.0,0.0,2015-16,23,MEM,5,0,6,2,2,2,2,0,0,0,0,0,0,0,0,0,0,0,0,4,1.000,1.000,,,1.000,1.000,G,cottobr01"
"410,Brian Cardinal,0.0,0.0,2007-08,30,MEM,37,1,440,43,126,18,45,25,81,13,19,26,70,96,22,10,2,23,62,124,.341,.400,.309,.684,.461,.440,F,cardibr01"
"411,Javaris Crittenton,0.0,0.0,2008-09,21,MEM,7,0,44,7,15,7,14,0,1,5,11,4,2,6,5,1,0,3,5,19,.467,.500,.000,.455,.479,.467,G,crittja01"
"412,Jontay Porter,0.0,0.0,2020-21,21,MEM,11,0,54,8,15,5,7,3,8,3,5,4,10,14,1,3,1,7,12,22,.533,.714,.375,.600,.640,.633,F-C,portejo01"
"413,Terry Dehere,0.0,0.0,1998-99,27,VAN,22,0,271,27,74,12,40,15,34,5,7,5,17,22,26,5,3,14,28,74,.365,.300,.441,.714,.480,.466,G,deherte01"
"414,Jordan Bell,0.0,0.0,2019-20,25,MEM,2,0,21,3,7,1,4,2,3,2,2,2,1,3,2,1,0,3,2,10,.429,.250,.667,1.000,.635,.571,F,belljo01"
"415,DaQuan Jeffries,0.0,0.0,2021-22,24,MEM,3,0,9,1,2,1,1,0,1,0,0,0,2,2,1,0,0,0,1,2,.500,1.000,.000,,.500,.500,G-F,jeffrda01"
"416,Isaac Austin,0.0,0.0,2001-02,32,MEM,21,8,307,36,92,36,89,0,3,4,4,11,60,71,13,9,5,11,36,76,.391,.404,.000,1.000,.405,.391,C,austiis01"
"417,Makhtar N'Diaye,0.0,0.0,1998-99,25,VAN,4,0,27,1,4,1,4,0,0,3,4,3,2,5,1,0,1,1,9,5,.250,.250,,.750,.434,.250,F,ndiayma01"
"418,Vince Hunter,0.0,0.0,2017-18,23,MEM,4,0,7,3,5,3,5,0,0,0,0,2,1,3,0,0,1,1,0,6,.600,.600,,,.600,.600,F,huntevi01"
"419,Tyrell Terry,0.0,0.0,2021-22,21,MEM,2,0,3,1,1,1,1,0,0,0,0,0,0,0,0,0,0,0,1,2,1.000,1.000,,,1.000,1.000,G,terryty01"
"420,Jason Sasser,0.0,0.0,1998-99,25,VAN,6,0,39,5,11,5,11,0,0,1,2,2,5,7,2,2,0,2,4,11,.455,.455,,.500,.463,.455,F,sasseja01"
"421,Jarnell Stokes,0.0,0.0,2015-16,22,MEM,2,0,4,0,0,0,0,0,0,0,0,1,1,2,0,0,0,0,0,0,,,,,,,F-C,stokeja01"
"422,Will Conroy,0.0,0.0,2006-07,24,MEM,3,0,17,0,0,0,0,0,0,0,0,1,1,2,1,0,0,0,1,0,,,,,,,G,conrowi01"
"423,Rodney Carney,0.0,0.0,2010-11,26,MEM,2,0,5,1,3,1,2,0,1,0,0,1,0,1,0,1,0,0,0,2,.333,.500,.000,,.333,.333,F,carnero01"
"424,Javaris Crittenton,0.0,0.0,2007-08,20,MEM,28,0,508,72,180,63,146,9,34,53,76,20,69,89,33,12,2,33,35,206,.400,.432,.265,.697,.483,.425,G,crittja01"
"425,John Thomas,0.0,0.0,2005-06,30,MEM,3,0,25,2,2,2,2,0,0,0,0,0,0,0,1,0,1,2,3,4,1.000,1.000,,,1.000,1.000,F,thomajo02"
"426,Jordan Adams,0.0,0.0,2015-16,21,MEM,2,0,15,2,6,2,5,0,1,3,5,0,2,2,3,3,0,2,2,7,.333,.400,.000,.600,.427,.333,G,adamsjo01"
"427,Kenneth Lofton Jr.,0.0,0.0,2022-23,20,MEM,3,0,14,4,9,4,8,0,1,1,3,1,1,2,1,0,0,0,3,9,.444,.500,.000,.333,.436,.444,F,loftoke01"
"428,Seth Curry,0.0,0.0,2013-14,23,MEM,1,0,4,0,0,0,0,0,0,0,0,0,0,0,0,0,0,0,0,0,,,,,,,G,curryse01"
"429,Jason Williams,0.0,0.0,2010-11,35,MEM,11,0,124,9,29,6,14,3,15,0,0,0,8,8,28,3,1,7,2,21,.310,.429,.200,,.362,.362,G,willija02"
"430,Adonal Foyle,0.0,0.0,2008-09,33,MEM,1,0,3,0,0,0,0,0,0,0,0,0,0,0,0,0,0,0,1,0,,,,,,,C,foylead01"
"431,Andrew Harrison,0.0,0.0,2018-19,24,MEM,1,0,5,1,2,1,1,0,1,0,0,0,0,0,0,0,0,0,1,2,.500,1.000,.000,,.500,.500,G,harrian01"
"432,Brent Price,0.0,0.0,2000-01,32,VAN,6,0,30,3,11,2,7,1,4,6,7,1,3,4,5,2,0,4,8,13,.273,.286,.250,.857,.462,.318,G,pricebr01"
"433,Ryan Humphrey,0.0,0.0,2002-03,23,MEM,13,0,122,12,35,12,35,0,0,5,11,4,26,30,4,5,2,2,18,29,.343,.343,,.455,.364,.343,F,humphry01"
"434,Chris Owens,0.0,0.0,2002-03,23,MEM,1,0,6,2,3,2,3,0,0,0,0,1,0,1,0,0,0,1,0,4,.667,.667,,,.667,.667,F,owensch01"
"435,Jamaal Franklin,0.0,0.0,2013-14,22,MEM,21,0,161,16,39,11,28,5,11,2,2,4,19,23,6,4,2,11,23,39,.410,.393,.455,1.000,.489,.474,G,frankja01"
"436,Wayne Selden,0.0,0.0,2016-17,22,MEM,11,2,189,20,50,17,29,3,21,12,18,1,10,11,12,4,1,9,12,55,.400,.586,.143,.667,.475,.430,G-F,seldewa01"
"437,Kalin Lucas,0.0,0.0,2014-15,25,MEM,1,0,6,0,1,0,1,0,0,0,0,0,0,0,0,1,0,0,1,0,.000,.000,,,.000,.000,G,lucaska01"
"438,Vince Williams Jr.,0.0,0.0,2022-23,22,MEM,3,0,18,1,6,1,1,0,5,0,0,1,2,3,2,2,1,0,4,2,.167,1.000,.000,,.167,.167,F,willivi01"
"439,Hamed Haddadi,0.0,0.0,2009-10,24,MEM,36,0,240,24,62,24,59,0,3,14,19,26,49,75,10,1,14,20,57,62,.387,.407,.000,.737,.441,.387,C,haddaha01"
"440,Jon Teske,0.0,0.0,2021-22,24,MEM,3,0,8,0,1,0,1,0,0,0,2,0,2,2,1,1,0,0,1,0,.000,.000,,.000,.000,.000,C,teskejo01"
"441,Ronnie Brewer,0.0,0.0,2009-10,24,MEM,5,0,80,3,13,3,13,0,0,4,5,1,6,7,3,6,0,2,0,10,.231,.231,,.800,.329,.231,G-F,brewero02"
"442,D.J. Stephens,0.0,0.0,2018-19,28,MEM,1,0,7,1,2,1,2,0,0,0,0,0,0,0,0,1,0,1,0,2,.500,.500,,,.500,.500,G-F,stephdj01"
"443,Brian Skinner,0.0,0.0,2011-12,35,MEM,1,0,4,0,1,0,1,0,0,0,0,0,0,0,0,0,0,0,1,0,.000,.000,,,.000,.000,F,skinnbr01"
"444,Andre Emmett,0.0,0.0,2004-05,22,MEM,8,0,28,2,6,2,6,0,0,3,5,0,2,2,0,0,0,1,4,7,.333,.333,,.600,.427,.333,F,emmetan01"
"445,Darius Morris,0.0,0.0,2013-14,23,MEM,5,0,66,6,16,4,9,2,7,1,3,4,4,8,8,3,0,6,3,15,.375,.444,.286,.333,.433,.438,G,morrida01"
"446,Xavier Sneed,0.0,0.0,2021-22,24,MEM,2,0,8,0,2,0,0,0,2,0,0,1,1,2,0,0,0,0,2,0,.000,,.000,,.000,.000,F,sneedxa01"
"447,Dillon Brooks,0.0,0.0,2018-19,23,MEM,18,0,330,49,122,34,82,15,40,22,30,9,22,31,16,10,4,19,50,135,.402,.415,.375,.733,.499,.463,F-G,brookdi01"
"448,Briante Weber,0.0,0.0,2015-16,23,MEM,6,4,166,13,38,13,33,0,5,3,4,8,16,24,20,9,3,9,11,29,.342,.394,.000,.750,.365,.342,G,weberbr01"
"449,Jevon Carter,0.0,0.0,2018-19,23,MEM,39,3,577,56,185,22,83,34,102,26,32,14,52,66,69,26,11,33,55,172,.303,.265,.333,.813,.432,.395,G,carteje01"
"450,Elliot Williams,0.0,0.0,2015-16,26,MEM,5,0,45,2,10,1,6,1,4,3,4,1,3,4,4,0,0,1,2,8,.200,.167,.250,.750,.340,.250,G,williel01"
"451,Gordan Giriček,0.0,0.0,2002-03,25,MEM,49,35,1187,207,478,161,348,46,130,88,107,18,90,108,70,22,6,94,104,548,.433,.463,.354,.822,.522,.481,G-F,giricgo01"
"452,Chandler Parsons,0.0,0.0,2018-19,30,MEM,25,3,496,68,182,39,88,29,94,22,25,4,66,70,43,19,5,32,45,187,.374,.443,.309,.880,.484,.453,F,parsoch01"
"453,Shaq Buchanan,0.0,0.0,2021-22,25,MEM,2,0,10,1,4,1,2,0,2,0,0,1,1,2,2,1,0,2,1,2,.250,.500,.000,,.250,.250,G,buchash01"
"454,Jarrod Uthoff,0.0,0.0,2019-20,26,MEM,4,0,14,1,7,1,3,0,4,2,2,1,0,1,0,1,0,0,1,4,.143,.333,.000,1.000,.254,.143,F,uthofja01"
"455,Ryan Humphrey,0.0,0.0,2003-04,24,MEM,2,0,11,1,4,1,3,0,1,0,0,2,1,3,1,1,0,2,3,2,.250,.333,.000,,.250,.250,F,humphry01"
"456,Russ Smith,-0.1,-0.1,2015-16,24,MEM,15,0,66,7,22,6,17,1,5,8,13,1,8,9,11,5,1,7,5,23,.318,.353,.200,.615,.415,.341,G,smithru01"
"457,Marquis Teague,-0.1,-0.1,2017-18,24,MEM,3,0,74,4,16,3,12,1,4,2,5,1,5,6,13,4,0,3,5,11,.250,.250,.250,.400,.302,.281,G,teaguma01"
"458,Eric Leckner,-0.1,-0.1,1996-97,30,VAN,19,1,115,14,30,14,30,0,0,6,12,5,30,35,4,3,2,10,32,34,.467,.467,,.500,.482,.467,C-F,leckner01"
"459,Dusty Hannahs,-0.1,-0.1,2018-19,25,MEM,2,0,26,3,12,3,7,0,5,2,2,0,1,1,5,1,0,1,1,8,.250,.429,.000,1.000,.311,.250,G,hannadu01"
"460,Lee Mayberry,-0.1,-0.1,1998-99,28,VAN,9,0,126,7,19,5,9,2,10,4,5,0,3,3,23,7,0,11,13,20,.368,.556,.200,.800,.472,.421,G,maybele01"
"461,Lester Hudson,-0.1,-0.1,2011-12,27,MEM,3,0,20,3,11,2,8,1,3,2,3,0,0,0,1,0,0,2,0,9,.273,.250,.333,.667,.365,.318,G,hudsole01"
"462,Elliot Perry,-0.1,-0.1,2001-02,32,MEM,2,0,48,5,10,5,10,0,0,1,2,0,4,4,7,3,0,7,6,11,.500,.500,,.500,.506,.500,G,perryel01"
"463,Rich Manning,-0.1,-0.1,1996-97,26,VAN,16,1,128,18,48,16,45,2,3,6,8,8,15,23,2,3,1,5,18,44,.375,.356,.667,.750,.427,.396,C,manniri01"
"464,Blue Edwards,-0.1,-0.1,1996-97,31,VAN,61,12,1439,182,458,157,369,25,89,89,109,49,140,189,114,38,20,81,135,478,.397,.425,.281,.817,.472,.425,G-F,edwarbl01"
"465,Scott Padgett,-0.1,-0.1,2006-07,30,MEM,7,0,33,1,7,1,3,0,4,0,2,5,4,9,0,1,0,1,2,2,.143,.333,.000,.000,.127,.143,F,padgesc01"
"466,Doug West,-0.1,-0.1,2000-01,33,VAN,15,6,171,11,38,11,36,0,2,6,7,4,11,15,14,3,4,4,21,28,.289,.306,.000,.857,.341,.289,G-F,westdo01"
"467,Dexter Pittman,-0.1,-0.1,2012-13,24,MEM,7,0,20,1,6,1,6,0,0,0,3,3,2,5,0,0,0,1,4,2,.167,.167,,.000,.137,.167,C,pittmde01"
"468,Ivano Newbill,-0.1,-0.1,1997-98,27,VAN,28,2,249,20,57,19,56,1,1,17,30,24,45,69,9,10,3,17,38,58,.351,.339,1.000,.567,.413,.360,F,newbiiv01"
"469,Moochie Norris,-0.1,-0.1,1996-97,23,VAN,8,0,89,4,22,2,12,2,10,2,5,3,9,12,23,4,0,5,5,12,.182,.167,.200,.400,.248,.227,G,norrimo01"
"470,Michael Dickerson,-0.1,-0.1,2001-02,26,MEM,4,4,124,15,48,7,27,8,21,5,6,3,9,12,9,3,1,8,12,43,.313,.259,.381,.833,.425,.396,G-F,dickemi01"
"471,Kennedy Chandler,-0.1,-0.1,2022-23,20,MEM,5,0,46,4,14,4,11,0,3,1,4,0,3,3,10,2,2,5,2,9,.286,.364,.000,.250,.286,.286,G,chandke01"
"472,Kevin Edwards,-0.1,-0.1,2000-01,35,VAN,46,5,634,56,170,51,151,5,19,43,53,23,59,82,52,29,8,37,46,160,.329,.338,.263,.811,.414,.344,G,edwarke01"
"473,Bryant Reeves,-0.1,-0.1,1998-99,25,VAN,25,14,702,102,251,102,250,0,1,67,116,50,88,138,37,13,8,47,103,271,.406,.408,.000,.578,.449,.406,C,reevebr01"
"474,Ray McCallum,-0.2,-0.2,2015-16,24,MEM,10,3,219,28,79,18,53,10,26,3,5,2,14,16,27,7,3,13,15,69,.354,.340,.385,.600,.425,.418,G,mccalra01"
"475,Ish Smith,-0.2,-0.2,2010-11,22,MEM,15,0,113,11,32,11,30,0,2,5,11,1,4,5,15,5,0,8,11,27,.344,.367,.000,.455,.366,.344,G,smithis01"
"476,Jeremy Richardson,-0.2,-0.2,2007-08,23,MEM,3,0,15,0,6,0,4,0,2,0,0,0,1,1,1,0,0,1,2,0,.000,.000,.000,,.000,.000,G-F,richaje01"
"477,J.R. Henderson,-0.2,-0.2,1998-99,22,VAN,30,0,331,35,96,33,91,2,5,25,45,20,27,47,22,9,4,18,29,97,.365,.363,.400,.556,.419,.375,F,hendejr01"
"478,Junior Harrington,-0.2,-0.2,2006-07,26,MEM,29,8,543,57,137,50,111,7,26,31,46,12,56,68,89,21,5,52,79,152,.416,.450,.269,.674,.483,.442,G,harriju01"
"479,Isaac Fontaine,-0.2,-0.2,2001-02,26,MEM,6,0,75,3,14,2,9,1,5,4,6,0,5,5,4,0,0,4,6,11,.214,.222,.200,.667,.331,.250,G,fontais01"
"480,Josh Selby,-0.2,-0.2,2012-13,21,MEM,10,0,59,6,22,5,16,1,6,7,11,0,5,5,4,2,0,7,7,20,.273,.313,.167,.636,.373,.295,G,selbyjo01"
"481,Kobi Simmons,-0.2,-0.2,2017-18,20,MEM,32,12,643,80,189,69,150,11,39,25,25,14,36,50,68,18,5,44,61,196,.423,.460,.282,1.000,.490,.452,G,simmoko01"
"482,Jake Tsakalidis,-0.2,-0.2,2006-07,27,MEM,23,7,258,20,50,20,50,0,0,14,24,24,40,64,2,7,11,21,34,54,.400,.400,,.583,.446,.400,C,tsakaja01"
"483,Gerald Wilkins,-0.2,-0.2,1995-96,32,VAN,28,14,738,77,205,63,141,14,64,20,23,22,43,65,68,22,2,37,55,188,.376,.447,.219,.870,.437,.410,G-F,wilkige01"
"484,Tim Frazier,-0.2,-0.2,2020-21,30,MEM,5,0,62,3,20,3,12,0,8,2,6,0,8,8,16,2,1,4,7,8,.150,.250,.000,.333,.177,.150,G,fraziti01"
"485,Carl Herrera,-0.2,-0.2,1998-99,32,VAN,4,0,42,3,13,3,13,0,0,0,2,5,3,8,3,0,0,4,3,6,.231,.231,,.000,.216,.231,F,herreca01"
"486,Rich Manning,-0.2,-0.2,1995-96,25,VAN,29,0,311,49,113,49,112,0,1,9,14,16,39,55,7,3,6,17,37,107,.434,.438,.000,.643,.449,.434,C,manniri01"
"487,Troy Bell,-0.2,-0.2,2003-04,23,MEM,6,0,34,4,18,4,14,0,4,3,3,3,1,4,4,1,0,6,6,11,.222,.286,.000,1.000,.285,.222,G,belltr01"
"488,Robert Archibald,-0.2,-0.2,2002-03,22,MEM,12,0,72,6,20,6,20,0,0,7,18,6,11,17,3,0,3,7,9,19,.300,.300,,.389,.340,.300,F,archiro01"
"489,Yuta Watanabe,-0.2,-0.2,2018-19,24,MEM,15,0,174,15,51,13,35,2,16,7,10,4,27,31,8,4,1,6,11,39,.294,.371,.125,.700,.352,.314,F,watanyu01"
"490,Casey Jacobsen,-0.3,-0.3,2007-08,26,MEM,53,0,547,39,115,23,43,16,72,13,17,12,53,65,20,5,1,16,34,107,.339,.535,.222,.765,.437,.409,G-F,jacobca01"
"491,Acie Law,-0.3,-0.3,2010-11,26,MEM,11,0,94,3,19,3,13,0,6,6,10,3,8,11,14,4,0,10,10,12,.158,.231,.000,.600,.256,.158,G,lawac01"
"492,P.J. Hairston,-0.3,-0.3,2015-16,23,MEM,18,9,375,46,132,30,63,16,69,16,22,7,39,46,9,8,4,17,31,124,.348,.476,.232,.727,.438,.409,G-F,hairspj02"
"493,Cezary Trybański,-0.3,-0.3,2002-03,23,MEM,15,0,86,5,20,5,20,0,0,4,10,6,8,14,1,0,6,8,13,14,.250,.250,,.400,.287,.250,C,trybace01"
"494,Jamaal Tinsley,-0.3,-0.3,2009-10,31,MEM,38,1,589,52,140,45,101,7,39,22,27,11,55,66,108,33,5,63,67,133,.371,.446,.179,.815,.438,.396,G,tinslja01"
"495,Milt Palacio,-0.3,-0.3,1999-00,21,VAN,53,0,394,43,98,43,96,0,2,22,37,17,34,51,48,20,0,44,32,108,.439,.448,.000,.595,.473,.439,G,palacmi01"
"496,Wade Baldwin,-0.3,-0.3,2016-17,20,MEM,33,1,405,36,115,33,93,3,22,31,37,11,35,46,61,18,7,39,40,106,.313,.355,.136,.838,.404,.326,G,baldwwa01"
"497,Nick Anderson,-0.4,-0.4,2001-02,34,MEM,15,0,219,21,76,8,28,13,48,5,9,1,32,33,14,6,6,14,17,60,.276,.286,.271,.556,.375,.362,F-G,anderni01"
"498,Dahntay Jones,-0.4,-0.4,2003-04,23,MEM,20,0,154,15,53,14,49,1,4,5,11,7,16,23,12,5,6,12,23,36,.283,.286,.250,.455,.311,.292,G-F,jonesda02"
"499,Marko Jarić,-0.4,-0.4,2008-09,30,MEM,53,0,605,48,145,37,117,11,28,29,41,23,42,65,74,29,11,49,62,136,.331,.316,.393,.707,.417,.369,G,jaricma01"
"500,Chris Robinson,-0.4,-0.4,1997-98,23,VAN,16,0,143,23,63,16,39,7,24,1,2,0,13,13,10,7,1,15,21,54,.365,.410,.292,.500,.423,.421,G,robinch01"
"501,Antonio Burks,-0.4,-0.4,2005-06,25,MEM,57,1,570,51,144,50,138,1,6,10,23,4,33,37,76,20,0,36,45,113,.354,.362,.167,.435,.367,.358,G,burksan01"
"502,Eric Mobley,-0.4,-0.4,1996-97,26,VAN,28,8,307,28,63,28,63,0,0,16,30,30,28,58,14,5,10,29,44,72,.444,.444,,.533,.472,.444,C,mobleer01"
"503,Xavier Rathan-Mayes,-0.4,-0.4,2017-18,23,MEM,5,0,118,12,42,11,28,1,14,4,9,0,5,5,18,6,3,11,18,29,.286,.393,.071,.444,.315,.298,G,rathaxa01"
"504,Lawrence Moten,-0.4,-0.4,1996-97,24,VAN,67,18,1214,171,441,130,300,41,141,64,99,43,76,119,129,48,24,81,83,447,.388,.433,.291,.646,.461,.434,G,motenla01"
"505,Wesley Person,-0.4,-0.4,2003-04,32,MEM,16,0,284,33,107,22,64,11,43,6,8,2,16,18,23,5,2,16,11,83,.308,.344,.256,.750,.375,.360,G,persowe01"
"506,Isaac Austin,-0.5,-0.5,2000-01,31,VAN,52,16,845,96,270,90,246,6,24,28,40,50,172,222,58,20,23,54,94,226,.356,.366,.250,.700,.393,.367,C,austiis01"
"507,Will Solomon,-0.5,-0.5,2001-02,23,MEM,62,4,872,113,331,67,169,46,162,49,73,12,56,68,92,35,7,62,76,321,.341,.396,.284,.671,.442,.411,G,solomwi01"
"508,Josh Selby,-0.5,-0.5,2011-12,20,MEM,28,0,237,25,72,23,57,2,15,11,14,2,13,15,30,7,0,29,17,63,.347,.404,.133,.786,.403,.361,G,selbyjo01"
"509,Bobby Hurley,-0.5,-0.5,1997-98,26,VAN,27,0,458,46,123,45,116,1,7,29,39,5,25,30,97,10,0,44,43,122,.374,.388,.143,.744,.435,.378,G,hurlebo01"
"510,Rodrick Rhodes,-0.6,-0.6,1998-99,25,VAN,10,1,123,11,44,10,37,1,7,11,19,7,6,13,10,4,2,15,16,34,.250,.270,.143,.579,.325,.261,G-F,rhodero01"
"511,Justise Winslow,-0.7,-0.7,2020-21,24,MEM,26,1,507,74,210,64,156,10,54,20,35,18,100,118,50,15,12,37,47,178,.352,.410,.185,.571,.395,.376,F,winslju01"
"512,Jeremy Pargo,-0.8,-0.8,2011-12,25,MEM,44,5,424,50,150,40,112,10,38,16,27,12,25,37,55,15,0,46,46,126,.333,.357,.263,.593,.389,.367,G,pargoje01"
"513,Anthony Avent,-1.2,-1.2,1995-96,26,VAN,71,32,1586,179,466,179,466,0,0,57,77,108,247,355,69,30,42,107,202,415,.384,.384,,.740,.415,.384,F,aventan01"
"514,Antonio Daniels,-1.3,-1.3,1997-98,22,VAN,74,50,1956,228,548,217,496,11,52,112,170,22,121,143,334,55,10,164,88,579,.416,.438,.212,.659,.465,.426,G,daniean01"