"1,LeBron James,19.3,19.3,2012-13,28,MIA,76,76,2877,765,1354,662,1100,103,254,403,535,97,513,610,551,129,67,226,110,2036,.565,.602,.406,.753,.640,.603,F-G,jamesle01"
"2,LeBron James,15.9,15.9,2013-14,29,MIA,77,77,2902,767,1353,651,1047,116,306,439,585,81,452,533,488,121,26,270,126,2089,.567,.622,.379,.750,.649,.610,F-G,jamesle01"
"3,LeBron James,15.6,15.6,2010-11,26,MIA,79,79,3063,758,1485,666,1206,92,279,503,663,80,510,590,554,124,50,284,163,2111,.510,.552,.330,.759,.594,.541,F-G,jamesle01"
"4,Dwyane Wade,14.7,14.7,2008-09,27,MIA,79,79,3048,854,1739,766,1461,88,278,590,771,89,309,398,589,173,106,272,178,2386,.491,.524,.317,.765,.574,.516,G,wadedw01"
"5,LeBron James,14.5,14.5,2011-12,27,MIA,62,62,2326,621,1169,567,1020,54,149,387,502,94,398,492,387,115,50,213,96,1683,.531,.556,.362,.771,.605,.554,F-G,jamesle01"
"6,Dwyane Wade,14.4,14.4,2005-06,24,MIA,75,75,2892,699,1413,686,1337,13,76,629,803,107,323,430,503,146,58,268,217,2040,.495,.513,.171,.783,.577,.499,G,wadedw01"
"7,Dwyane Wade,13.0,13.0,2009-10,28,MIA,77,77,2792,719,1511,646,1268,73,243,534,702,107,266,373,501,142,82,252,181,2045,.476,.509,.300,.761,.562,.500,G,wadedw01"
"8,Alonzo Mourning,12.9,12.9,1999-00,29,MIA,79,78,2748,652,1184,652,1180,0,4,414,582,215,538,753,123,40,294,217,308,1718,.551,.553,.000,.711,.596,.551,C,mournal01"
"9,Tim Hardaway,12.9,12.9,1996-97,30,MIA,81,81,3136,575,1384,372,794,203,590,291,364,49,228,277,695,151,9,230,165,1644,.415,.469,.344,.799,.532,.489,G,hardati01"
"10,Dwyane Wade,12.8,12.8,2010-11,29,MIA,76,76,2823,692,1384,629,1178,63,206,494,652,123,362,485,346,111,87,237,197,1941,.500,.534,.306,.758,.581,.523,G,wadedw01"
"11,Tim Hardaway,11.7,11.7,1997-98,31,MIA,81,81,3031,558,1296,403,854,155,442,257,329,48,251,299,672,136,16,224,200,1528,.431,.472,.351,.781,.530,.490,G,hardati01"
"12,Anthony Mason,11.6,11.6,2000-01,34,MIA,80,80,3254,460,954,460,954,0,0,370,474,169,601,770,248,80,25,179,231,1290,.482,.482,,.781,.555,.482,F,masonan01"
"13,Dwyane Wade,11.0,11.0,2004-05,23,MIA,77,77,2974,630,1318,617,1273,13,45,581,762,110,287,397,520,121,82,321,230,1854,.478,.485,.289,.762,.561,.483,G,wadedw01"
"14,Shaquille O'Neal,11.0,11.0,2004-05,32,MIA,73,73,2492,658,1095,658,1095,0,0,353,765,253,507,760,200,36,171,203,262,1669,.601,.601,,.461,.583,.601,C,onealsh01"
"15,Eddie Jones,10.5,10.5,2001-02,30,MIA,81,81,3156,517,1198,368,816,149,382,297,355,61,317,378,262,117,77,148,258,1480,.432,.451,.390,.837,.546,.494,G-F,jonesed02"
"16,Chris Bosh,10.3,10.3,2010-11,26,MIA,77,77,2795,524,1056,518,1031,6,25,384,471,141,500,641,144,59,49,138,172,1438,.496,.502,.240,.815,.569,.499,F-C,boshch01"
"17,Hassan Whiteside,10.3,10.3,2015-16,26,MIA,73,43,2125,413,682,413,682,0,0,214,329,238,627,865,30,44,269,137,201,1040,.606,.606,,.650,.629,.606,C,whiteha01"
"18,Glen Rice,10.2,10.2,1993-94,26,MIA,81,81,2999,663,1421,531,1075,132,346,250,284,76,358,434,184,110,32,130,186,1708,.467,.494,.382,.880,.552,.513,F,ricegl01"
"19,Glen Rice,10.0,10.0,1994-95,27,MIA,82,82,3014,667,1403,482,952,185,451,312,365,99,279,378,192,112,14,153,203,1831,.475,.506,.410,.855,.586,.541,F,ricegl01"
"20,Alonzo Mourning,9.9,9.9,1995-96,25,MIA,70,70,2671,563,1076,554,1046,9,30,488,712,218,509,727,159,70,189,262,245,1623,.523,.530,.300,.685,.584,.527,C,mournal01"
"21,Dwyane Wade,9.6,9.6,2012-13,31,MIA,69,69,2391,569,1093,552,1027,17,66,308,425,86,258,344,352,128,56,194,140,1463,.521,.537,.258,.725,.571,.528,G,wadedw01"
"22,Hassan Whiteside,9.5,9.5,2016-17,27,MIA,77,77,2513,542,973,542,973,0,0,225,358,293,795,1088,57,57,161,154,226,1309,.557,.557,,.628,.579,.557,C,whiteha01"
"23,Jimmy Butler,9.3,9.3,2020-21,31,MIA,52,52,1745,366,736,341,634,25,102,359,416,94,265,359,369,108,18,109,71,1116,.497,.538,.245,.863,.607,.514,F-G,butleji01"
"24,Udonis Haslem,9.2,9.2,2004-05,24,MIA,80,80,2675,346,641,346,637,0,4,178,225,239,487,726,108,63,41,113,260,870,.540,.543,.000,.791,.588,.540,F-C,hasleud01"
"25,Jimmy Butler,9.2,9.2,2021-22,32,MIA,57,57,1931,398,829,371,713,27,116,396,455,102,234,336,312,94,27,121,88,1219,.480,.520,.233,.870,.592,.496,F-G,butleji01"
"26,Eddie Jones,9.1,9.1,2003-04,32,MIA,81,81,2998,473,1156,296,677,177,479,278,333,38,270,308,258,92,34,129,226,1401,.409,.437,.370,.835,.538,.486,G-F,jonesed02"
"27,Jimmy Butler,9.0,9.0,2019-20,30,MIA,58,58,1959,345,758,316,639,29,119,438,525,106,280,386,350,103,32,127,81,1157,.455,.495,.244,.834,.585,.474,F-G,butleji01"
"28,Chris Bosh,9.0,9.0,2012-13,28,MIA,74,74,2454,485,907,464,833,21,74,241,302,131,370,501,123,66,101,128,168,1232,.535,.557,.284,.798,.592,.546,F-C,boshch01"
"29,Dwyane Wade,8.8,8.8,2006-07,25,MIA,51,50,1931,472,962,451,883,21,79,432,535,51,188,239,384,107,62,216,117,1397,.491,.511,.266,.807,.583,.502,G,wadedw01"
"30,Bam Adebayo,8.8,8.8,2020-21,23,MIA,64,64,2143,456,800,454,792,2,8,283,354,142,431,573,346,75,66,169,145,1197,.570,.573,.250,.799,.626,.571,C-F,adebaba01"
"31,Damon Jones,8.7,8.7,2004-05,28,MIA,82,66,2576,331,726,106,205,225,521,68,86,14,217,231,350,44,5,98,121,955,.456,.517,.432,.791,.625,.611,G,jonesda01"
"32,Brian Grant,8.7,8.7,2000-01,28,MIA,82,79,2771,484,1010,484,1009,0,1,282,354,217,501,718,101,60,71,170,293,1250,.479,.480,.000,.797,.536,.479,F,grantbr01"
"33,Bam Adebayo,8.5,8.5,2019-20,22,MIA,72,72,2417,440,790,438,776,2,14,264,382,176,559,735,368,82,93,204,182,1146,.557,.564,.143,.691,.598,.558,C-F,adebaba01"
"34,Lamar Odom,8.4,8.4,2003-04,24,MIA,80,80,3003,485,1127,424,922,61,205,340,458,160,616,776,327,85,71,236,273,1371,.430,.460,.298,.742,.516,.457,F,odomla01"
"35,Alonzo Mourning,8.4,8.4,1996-97,26,MIA,66,65,2320,473,885,472,876,1,9,363,565,189,467,656,104,56,189,226,272,1310,.534,.539,.111,.642,.578,.535,C,mournal01"
"36,Steve Smith,8.1,8.1,1993-94,24,MIA,78,77,2776,491,1076,400,814,91,262,273,327,156,196,352,394,84,35,202,217,1346,.456,.491,.347,.835,.552,.499,G,smithst01"
"37,Chris Bosh,8.0,8.0,2013-14,29,MIA,79,79,2531,492,953,418,735,74,218,223,272,98,424,522,87,80,78,125,192,1281,.516,.569,.339,.820,.597,.555,F-C,boshch01"
"38,Eddie Jones,8.0,8.0,2004-05,33,MIA,80,80,2839,351,820,209,438,142,382,174,216,38,367,405,212,86,38,99,251,1018,.428,.477,.372,.806,.556,.515,G-F,jonesed02"
"39,Glen Rice,7.9,7.9,1991-92,24,MIA,79,79,3007,672,1432,517,1036,155,396,266,318,84,310,394,184,90,35,145,170,1765,.469,.499,.391,.836,.561,.523,F,ricegl01"
"40,Eddie Jones,7.9,7.9,2000-01,29,MIA,63,58,2282,388,871,298,633,90,238,228,270,75,217,292,171,110,58,135,183,1094,.445,.471,.378,.844,.553,.497,G-F,jonesed02"
"41,Alonzo Mourning,7.9,7.9,1998-99,28,MIA,46,46,1753,324,634,324,632,0,2,276,423,166,341,507,74,34,180,139,161,924,.511,.513,.000,.652,.563,.511,C,mournal01"
"42,Dwyane Wade,7.7,7.7,2011-12,30,MIA,49,49,1625,416,837,401,781,15,56,235,297,73,164,237,225,82,63,129,110,1082,.497,.513,.268,.791,.559,.506,G,wadedw01"
"43,Grant Long,7.7,7.7,1991-92,25,MIA,82,82,3063,440,890,434,868,6,22,326,404,259,432,691,225,139,40,185,248,1212,.494,.500,.273,.807,.568,.498,F,longgr01"
"44,Brian Grant,7.7,7.7,2002-03,30,MIA,82,82,2641,344,676,344,676,0,0,158,205,241,596,837,104,63,47,129,300,846,.509,.509,,.771,.552,.509,F,grantbr01"
"45,Goran Dragić,7.5,7.5,2016-17,30,MIA,73,73,2459,534,1124,417,835,117,289,298,377,62,217,279,423,89,13,212,199,1483,.475,.499,.405,.790,.575,.527,G,dragigo01"
"46,P.J. Brown,7.5,7.5,1996-97,27,MIA,80,71,2592,300,656,300,654,0,2,161,220,239,431,670,92,85,98,113,283,761,.457,.459,.000,.732,.505,.457,F-C,brownpj01"
"47,P.J. Brown,7.5,7.5,1997-98,28,MIA,74,74,2362,278,590,278,590,0,0,151,197,235,400,635,103,66,98,97,264,707,.471,.471,,.766,.522,.471,F-C,brownpj01"
"48,Alonzo Mourning,7.5,7.5,1997-98,27,MIA,58,56,1939,403,732,403,732,0,0,309,465,193,365,558,52,40,130,179,208,1115,.551,.551,,.665,.595,.551,C,mournal01"
"49,Alonzo Mourning,7.4,7.4,2001-02,31,MIA,75,74,2455,447,866,446,863,1,3,283,431,182,450,632,87,27,186,182,258,1178,.516,.517,.333,.657,.558,.517,C,mournal01"
"50,Bam Adebayo,7.2,7.2,2021-22,24,MIA,56,56,1825,406,729,406,723,0,6,256,340,137,427,564,190,80,44,148,171,1068,.557,.562,.000,.753,.608,.557,C-F,adebaba01"
"51,Voshon Lenard,7.1,7.1,1997-98,24,MIA,81,81,2621,363,854,210,476,153,378,141,179,72,220,292,180,58,16,99,219,1020,.425,.441,.405,.788,.547,.515,G,lenarvo01"
"52,Udonis Haslem,7.0,7.0,2005-06,25,MIA,81,80,2491,300,591,300,589,0,2,157,199,167,467,634,95,50,17,80,216,757,.508,.509,.000,.789,.558,.508,F-C,hasleud01"
"53,Chris Bosh,6.9,6.9,2011-12,27,MIA,57,57,2007,393,807,383,772,10,35,229,279,94,358,452,103,51,45,117,128,1025,.487,.496,.286,.821,.551,.493,F-C,boshch01"
"54,P.J. Brown,6.9,6.9,1999-00,30,MIA,80,80,2302,322,671,322,670,0,1,120,159,216,384,600,145,65,61,100,264,764,.480,.481,.000,.755,.516,.480,F-C,brownpj01"
"55,Voshon Lenard,6.8,6.8,1996-97,23,MIA,73,47,2111,314,684,131,242,183,442,86,105,38,179,217,161,50,18,109,168,897,.459,.541,.414,.819,.614,.593,G,lenarvo01"
"56,Bam Adebayo,6.8,6.8,2018-19,21,MIA,82,28,1913,280,486,277,471,3,15,166,226,165,432,597,184,71,65,121,203,729,.576,.588,.200,.735,.623,.579,C-F,adebaba01"
"57,Rony Seikaly,6.7,6.7,1993-94,28,MIA,72,60,2410,392,803,392,801,0,2,304,422,244,496,740,136,59,100,195,279,1088,.488,.489,.000,.720,.550,.488,C,seikaro01"
"58,Grant Long,6.5,6.5,1992-93,26,MIA,76,62,2728,397,847,391,821,6,26,261,341,197,371,568,182,104,31,133,264,1061,.469,.476,.231,.765,.532,.472,F,longgr01"
"59,Rony Seikaly,6.5,6.5,1992-93,27,MIA,72,64,2456,417,868,416,860,1,8,397,540,259,587,846,100,38,83,203,260,1232,.480,.484,.125,.735,.557,.481,C,seikaro01"
"60,Tim Hardaway,6.4,6.4,2000-01,34,MIA,77,77,2613,408,1042,219,525,189,517,145,181,26,178,204,483,90,6,189,155,1150,.392,.417,.366,.801,.513,.482,G,hardati01"
"61,Jamal Mashburn,6.4,6.4,1999-00,27,MIA,76,76,2828,515,1158,403,880,112,278,186,239,64,317,381,298,79,14,180,215,1328,.445,.458,.403,.778,.526,.493,F,mashbja01"
"62,Luol Deng,6.4,6.4,2015-16,30,MIA,74,73,2394,339,745,251,489,88,256,145,192,108,335,443,140,74,29,81,122,911,.455,.513,.344,.755,.549,.514,F,denglu01"
"63,Chris Bosh,6.4,6.4,2015-16,31,MIA,53,53,1778,358,767,277,545,81,222,213,268,48,342,390,128,36,34,78,101,1010,.467,.508,.365,.795,.571,.520,F-C,boshch01"
"64,Kyle Lowry,6.4,6.4,2021-22,35,MIA,63,63,2133,276,627,132,245,144,382,148,174,33,249,282,474,67,17,168,177,844,.440,.539,.377,.851,.600,.555,G,lowryky01"
"65,Glen Rice,6.3,6.3,1992-93,25,MIA,82,82,3082,582,1324,434,938,148,386,242,295,92,332,424,180,92,25,157,201,1554,.440,.463,.383,.820,.534,.495,F,ricegl01"
"66,Hassan Whiteside,6.3,6.3,2018-19,29,MIA,72,53,1674,388,680,386,664,2,16,109,243,257,560,817,56,46,136,97,192,887,.571,.581,.125,.449,.564,.572,C,whiteha01"
"67,Rony Seikaly,6.2,6.2,1991-92,26,MIA,79,78,2800,463,947,463,944,0,3,370,505,307,627,934,109,40,121,216,278,1296,.489,.490,.000,.733,.554,.489,C,seikaro01"
"68,Shaquille O'Neal,6.2,6.2,2005-06,33,MIA,59,58,1806,480,800,480,800,0,0,221,471,172,369,541,113,23,104,168,230,1181,.600,.600,,.469,.586,.600,C,onealsh01"
"69,Dan Majerle,6.1,6.1,1999-00,34,MIA,69,69,2308,170,422,60,118,110,304,56,69,27,306,333,206,89,17,62,156,506,.403,.508,.362,.812,.559,.533,G-F,majerda01"
"70,Eddie Jones,6.0,6.0,2002-03,31,MIA,47,47,1789,291,688,193,447,98,241,189,230,35,191,226,173,64,31,85,137,869,.423,.432,.407,.822,.551,.494,G-F,jonesed02"
"71,Udonis Haslem,6.0,6.0,2009-10,29,MIA,78,0,2177,312,632,312,632,0,0,147,193,167,462,629,52,30,23,75,174,771,.494,.494,,.762,.538,.494,F-C,hasleud01"
"72,Chris Andersen,6.0,6.0,2013-14,35,MIA,72,0,1396,177,275,174,263,3,12,120,169,129,250,379,19,32,97,53,162,477,.644,.662,.250,.710,.683,.649,C-F,anderch01"
"73,Rafer Alston,5.9,5.9,2003-04,27,MIA,82,28,2581,287,764,126,330,161,434,103,134,26,200,226,372,114,18,128,212,838,.376,.382,.371,.769,.509,.481,G,alstora01"
"74,Tyler Johnson,5.8,5.8,2016-17,24,MIA,73,0,2178,357,824,264,574,93,250,195,254,50,243,293,233,84,44,90,176,1002,.433,.460,.372,.768,.535,.490,G,johnsty01"
"75,Quentin Richardson,5.8,5.8,2009-10,29,MIA,76,75,2082,242,561,100,203,142,358,52,71,64,310,374,93,70,18,62,169,678,.431,.493,.397,.732,.572,.558,G-F,richaqu01"
"76,Bimbo Coles,5.7,5.7,1992-93,24,MIA,81,37,2232,318,686,276,549,42,137,177,220,58,108,166,373,80,11,108,199,855,.464,.503,.307,.805,.546,.494,G,colesbi01"
"77,Udonis Haslem,5.7,5.7,2008-09,28,MIA,75,75,2560,333,643,333,643,0,0,128,170,169,449,618,85,43,25,82,204,794,.518,.518,,.753,.553,.518,F-C,hasleud01"
"78,Josh Richardson,5.6,5.6,2018-19,25,MIA,73,73,2539,423,1026,259,566,164,460,199,231,54,209,263,298,79,34,113,200,1209,.412,.458,.357,.861,.536,.492,G,richajo01"
"79,Jermaine O'Neal,5.6,5.6,2009-10,31,MIA,70,70,1991,394,745,394,743,0,2,162,225,124,362,486,92,25,95,125,212,950,.529,.530,.000,.720,.563,.529,C-F,onealje01"
"80,Dwyane Wade,5.5,5.5,2013-14,32,MIA,54,53,1775,415,761,406,729,9,32,189,258,60,181,241,252,79,29,161,106,1028,.545,.557,.281,.733,.588,.551,G,wadedw01"
"81,Kelly Olynyk,5.5,5.5,2017-18,26,MIA,76,22,1779,316,636,210,356,106,280,134,174,89,342,431,207,62,35,147,222,872,.497,.590,.379,.770,.612,.580,C-F,olynyke01"
"82,Josh Richardson,5.4,5.4,2017-18,24,MIA,81,81,2689,399,885,272,549,127,336,120,142,69,216,285,231,121,75,140,199,1045,.451,.495,.378,.845,.551,.523,G,richajo01"
"83,Tim Hardaway,5.4,5.4,1998-99,32,MIA,48,48,1772,301,752,189,441,112,311,121,149,15,137,152,352,57,6,131,102,835,.400,.429,.360,.812,.511,.475,G,hardati01"
"84,Ray Allen,5.4,5.4,2012-13,37,MIA,79,0,2035,292,651,153,319,139,332,140,158,40,177,217,135,67,15,103,129,863,.449,.480,.419,.886,.599,.555,G,allenra02"
"85,Luol Deng,5.4,5.4,2014-15,29,MIA,72,72,2421,369,787,291,567,78,220,191,251,103,273,376,139,65,22,108,109,1007,.469,.513,.355,.761,.561,.518,F,denglu01"
"86,Sherman Douglas,5.4,5.4,1990-91,24,MIA,73,73,2562,532,1055,528,1024,4,31,284,414,78,131,209,624,121,5,270,178,1352,.504,.516,.129,.686,.546,.506,G,douglsh01"
"87,Duncan Robinson,5.3,5.3,2019-20,25,MIA,73,68,2166,323,687,53,81,270,606,67,72,10,222,232,102,35,19,70,193,983,.470,.654,.446,.931,.684,.667,G-F,robindu01"
"88,Hassan Whiteside,5.3,5.3,2017-18,28,MIA,54,54,1364,312,578,310,576,2,2,128,182,174,444,618,54,37,94,92,131,754,.540,.538,1.000,.703,.573,.542,C,whiteha01"
"89,Goran Dragić,5.3,5.3,2017-18,31,MIA,75,75,2378,484,1075,373,775,111,300,217,271,54,252,306,359,63,12,166,180,1296,.450,.481,.370,.801,.543,.502,G,dragigo01"
"90,Dan Majerle,5.3,5.3,1997-98,32,MIA,72,22,1928,184,439,73,144,111,295,40,51,48,220,268,157,68,15,65,139,519,.419,.507,.376,.784,.562,.546,G-F,majerda01"
"91,Hassan Whiteside,5.3,5.3,2014-15,25,MIA,48,32,1142,243,387,243,387,0,0,78,156,145,337,482,6,27,123,58,129,564,.628,.628,,.500,.619,.628,C,whiteha01"
"92,James Posey,5.2,5.2,2006-07,30,MIA,71,19,1919,186,432,89,173,97,259,81,98,66,291,357,94,71,23,55,193,550,.431,.514,.375,.827,.579,.543,F-G,poseyja01"
"93,Mario Chalmers,5.2,5.2,2008-09,22,MIA,82,82,2626,278,662,164,351,114,311,148,193,37,191,228,403,160,8,165,240,818,.420,.467,.367,.767,.548,.506,G,chalmma01"
"94,Mario Chalmers,5.2,5.2,2012-13,26,MIA,77,77,2068,227,529,104,228,123,301,89,112,19,152,171,273,118,12,119,196,666,.429,.456,.409,.795,.576,.545,G,chalmma01"
"95,Caron Butler,5.1,5.1,2002-03,22,MIA,78,78,2858,429,1032,395,925,34,107,309,375,135,262,397,213,137,31,192,230,1201,.416,.427,.318,.824,.502,.432,F,butleca01"
"96,P.J. Brown,5.1,5.1,1998-99,29,MIA,50,50,1611,229,477,229,477,0,0,113,146,115,231,346,66,46,48,69,166,571,.480,.480,,.774,.527,.480,F-C,brownpj01"
"97,Udonis Haslem,5.1,5.1,2006-07,26,MIA,79,79,2483,353,717,353,713,0,4,138,203,188,466,654,97,49,26,110,236,844,.492,.495,.000,.680,.523,.492,F-C,hasleud01"
"98,Clarence Weatherspoon,5.1,5.1,1999-00,29,MIA,78,2,1615,215,419,215,419,0,0,135,183,128,321,449,93,51,49,100,165,565,.513,.513,,.738,.566,.513,F,weathcl01"
"99,Grant Long,5.1,5.1,1993-94,27,MIA,69,59,2201,300,672,299,666,1,6,187,238,190,305,495,170,89,26,125,244,788,.446,.449,.167,.786,.507,.447,F,longgr01"
"100,James Johnson,5.1,5.1,2016-17,29,MIA,76,5,2085,368,769,281,513,87,256,152,215,66,310,376,276,76,86,171,197,975,.479,.548,.340,.707,.564,.535,F,johnsja01"
"101,Terry Porter,5.0,5.0,1998-99,35,MIA,50,1,1365,172,370,114,229,58,141,123,148,13,127,140,146,48,11,74,97,525,.465,.498,.411,.831,.603,.543,G,portete01"
"102,P.J. Tucker,5.0,5.0,2021-22,36,MIA,71,70,1981,207,428,127,235,80,193,45,61,100,287,387,149,58,15,66,161,539,.484,.540,.415,.738,.593,.577,F,tuckepj01"
"103,James Johnson,5.0,5.0,2017-18,30,MIA,73,41,1943,309,614,252,429,57,185,113,162,61,297,358,280,70,51,141,192,788,.503,.587,.308,.698,.575,.550,F,johnsja01"
"104,Grant Long,5.0,5.0,1990-91,24,MIA,80,66,2514,276,561,275,555,1,6,181,230,225,343,568,176,119,43,156,295,734,.492,.495,.167,.787,.554,.493,F,longgr01"
"105,Dwyane Wade,4.9,4.9,2015-16,34,MIA,74,73,2258,540,1183,533,1139,7,44,322,406,82,220,302,344,79,42,203,116,1409,.456,.468,.159,.793,.517,.459,G,wadedw01"
"106,Rod Strickland,4.9,4.9,2001-02,35,MIA,76,64,2294,316,714,308,688,8,26,154,201,49,183,232,463,82,11,159,114,794,.443,.448,.308,.766,.495,.448,G,stricro02"
"107,Brian Grant,4.9,4.9,2003-04,31,MIA,76,76,2303,289,613,289,612,0,1,86,110,174,350,524,69,51,35,82,254,664,.471,.472,.000,.782,.502,.471,F,grantbr01"
"108,John Salley,4.8,4.8,1993-94,29,MIA,76,45,1910,208,436,206,433,2,3,164,225,132,275,407,135,56,78,94,260,582,.477,.476,.667,.729,.544,.479,F-C,sallejo01"
"109,Brian Grant,4.8,4.8,2001-02,29,MIA,72,72,2256,286,610,286,608,0,2,101,119,168,407,575,137,48,31,122,236,673,.469,.470,.000,.849,.508,.469,F,grantbr01"
"110,Jason Williams,4.8,4.8,2005-06,30,MIA,59,56,1874,268,606,161,318,107,288,85,98,6,133,139,287,53,5,100,101,728,.442,.506,.372,.867,.561,.531,G,willija02"
"111,Mario Chalmers,4.8,4.8,2013-14,27,MIA,73,73,2178,254,560,167,334,87,226,121,163,41,173,214,357,119,16,162,210,716,.454,.500,.385,.742,.567,.531,G,chalmma01"
"112,Udonis Haslem,4.8,4.8,2003-04,23,MIA,75,24,1795,205,447,205,444,0,3,140,183,189,284,473,51,33,24,74,197,550,.459,.462,.000,.765,.521,.459,F-C,hasleud01"
"113,Alonzo Mourning,4.8,4.8,2005-06,35,MIA,65,20,1302,188,315,188,314,0,1,133,224,125,234,359,11,13,173,79,177,509,.597,.599,.000,.594,.615,.597,C,mournal01"
"114,Goran Dragić,4.7,4.7,2015-16,29,MIA,72,72,2363,417,875,353,670,64,205,120,165,54,223,277,419,71,17,185,188,1018,.477,.527,.312,.727,.537,.513,G,dragigo01"
"115,Kelly Olynyk,4.7,4.7,2018-19,27,MIA,79,36,1812,261,564,148,245,113,319,152,185,72,303,375,140,53,37,114,183,787,.463,.604,.354,.822,.610,.563,C-F,olynyke01"
"116,James Jones,4.7,4.7,2010-11,30,MIA,81,8,1549,146,346,23,59,123,287,60,72,23,137,160,43,29,19,21,129,475,.422,.390,.429,.833,.629,.600,F-G,jonesja02"
"117,Grant Long,4.6,4.6,1988-89,22,MIA,82,73,2435,336,692,336,687,0,5,304,406,240,306,546,149,122,48,201,337,976,.486,.489,.000,.749,.561,.486,F,longgr01"
"118,Michael Beasley,4.6,4.6,2009-10,21,MIA,78,78,2328,468,1040,440,938,28,102,192,240,123,375,498,100,80,49,131,221,1156,.450,.469,.275,.800,.505,.463,F,beaslmi01"
"119,Dwyane Wade,4.6,4.6,2003-04,22,MIA,61,56,2126,371,798,355,745,16,53,233,312,85,162,247,275,86,34,196,140,991,.465,.477,.302,.747,.530,.475,G,wadedw01"
"120,Matt Geiger,4.5,4.5,1993-94,24,MIA,72,0,1199,202,352,201,347,1,5,116,149,119,184,303,32,36,29,61,201,521,.574,.579,.200,.779,.624,.575,C,geigema01"
"121,Wayne Ellington,4.5,4.5,2017-18,30,MIA,77,2,2041,285,700,58,121,227,579,67,78,23,195,218,79,53,8,52,94,864,.407,.479,.392,.859,.588,.569,G,ellinwa01"
"122,Sherman Douglas,4.4,4.4,1989-90,23,MIA,81,66,2470,463,938,458,907,5,31,224,326,70,136,206,619,145,10,246,187,1155,.494,.505,.161,.687,.534,.496,G,douglsh01"
"123,Shane Battier,4.4,4.4,2012-13,34,MIA,72,20,1786,152,362,16,46,136,316,32,38,37,128,165,72,41,55,34,149,472,.420,.348,.430,.842,.623,.608,F,battish01"
"124,Glen Rice,4.4,4.4,1990-91,23,MIA,77,77,2646,550,1193,479,1009,71,184,171,209,85,296,381,189,101,26,166,216,1342,.461,.475,.386,.818,.522,.491,F,ricegl01"
"125,Derrick Jones Jr.,4.4,4.4,2019-20,22,MIA,59,16,1375,184,349,147,217,37,132,95,123,66,167,233,62,58,38,30,130,500,.527,.677,.280,.772,.620,.580,F,jonesde02"
"126,Keith Askins,4.4,4.4,1995-96,28,MIA,75,14,1897,157,391,58,154,99,237,45,57,113,211,324,121,48,61,82,271,458,.402,.377,.418,.789,.550,.528,G-F,askinke01"
"127,Keith Askins,4.3,4.3,1996-97,29,MIA,78,30,1773,138,319,69,147,69,172,39,58,86,185,271,75,53,19,59,196,384,.433,.469,.401,.672,.557,.541,G-F,askinke01"
"128,Jason Williams,4.3,4.3,2006-07,31,MIA,61,55,1865,235,569,135,274,100,295,94,103,18,123,141,322,58,1,100,68,664,.413,.493,.339,.913,.540,.501,G,willija02"
"129,Tim Hardaway,4.3,4.3,1999-00,33,MIA,52,52,1672,246,638,152,382,94,256,110,133,25,125,150,385,49,4,119,112,696,.386,.398,.367,.827,.500,.459,G,hardati01"
"130,Dorell Wright,4.3,4.3,2009-10,24,MIA,72,1,1496,194,419,133,262,61,157,61,69,50,185,235,91,52,32,53,94,510,.463,.508,.389,.884,.567,.536,F-G,wrighdo01"
"131,Bimbo Coles,4.3,4.3,1995-96,27,MIA,52,52,1882,231,559,168,387,63,172,139,173,38,163,201,296,63,12,123,175,664,.413,.434,.366,.803,.523,.470,G,colesbi01"
"132,Mario Chalmers,4.3,4.3,2011-12,25,MIA,64,64,1825,223,498,122,238,101,260,80,101,16,155,171,222,97,11,142,166,627,.448,.513,.388,.792,.578,.549,G,chalmma01"
"133,Bruce Bowen,4.2,4.2,2000-01,29,MIA,82,72,2685,211,581,108,274,103,307,98,161,45,200,245,132,83,53,74,269,623,.363,.394,.336,.609,.478,.452,F,bowenbr01"
"134,Bam Adebayo,4.2,4.2,2017-18,20,MIA,69,19,1368,174,340,174,333,0,7,129,179,118,263,381,101,32,41,66,138,477,.512,.523,.000,.721,.570,.512,C-F,adebaba01"
"135,Rex Chapman,4.2,4.2,1995-96,28,MIA,56,50,1865,289,679,164,342,125,337,83,113,22,123,145,166,45,10,79,117,786,.426,.480,.371,.735,.539,.518,G,chapmre01"
"136,Jason Kapono,4.2,4.2,2006-07,25,MIA,67,35,1767,278,563,170,353,108,210,66,74,26,154,180,81,38,2,70,135,730,.494,.482,.514,.892,.613,.590,F,kaponja01"
"137,James Posey,4.2,4.2,2005-06,29,MIA,67,63,1914,159,395,42,105,117,290,48,61,33,286,319,89,54,20,58,196,483,.403,.400,.403,.787,.572,.551,F-G,poseyja01"
"138,Tyler Johnson,4.2,4.2,2017-18,25,MIA,72,39,2052,309,711,190,387,119,324,106,129,34,214,248,165,60,34,81,148,843,.435,.491,.367,.822,.549,.518,G,johnsty01"
"139,Jamal Mashburn,4.1,4.1,1997-98,25,MIA,48,48,1729,251,577,214,455,37,122,184,231,72,164,236,132,43,14,108,137,723,.435,.470,.303,.797,.533,.467,F,mashbja01"
"140,Gary Payton,4.1,4.1,2005-06,37,MIA,81,25,2305,230,547,164,317,66,230,100,126,34,199,233,257,71,10,102,169,626,.420,.517,.287,.794,.520,.481,G,paytoga01"
"141,Ray Allen,4.1,4.1,2013-14,38,MIA,73,9,1936,240,543,124,234,116,309,105,116,23,182,205,143,54,8,84,115,701,.442,.530,.375,.905,.590,.549,G,allenra02"
"142,Eric Murdock,4.1,4.1,1997-98,29,MIA,82,1,1395,177,419,149,328,28,91,125,156,39,117,156,219,103,13,104,173,507,.422,.454,.308,.801,.520,.456,G,murdoer01"
"143,Isaac Austin,4.0,4.0,1996-97,27,MIA,82,17,1881,321,639,321,636,0,3,150,226,136,342,478,101,45,43,161,244,792,.502,.505,.000,.664,.536,.502,C,austiis01"
"144,Caleb Martin,4.0,4.0,2021-22,26,MIA,60,12,1372,208,410,144,255,64,155,71,93,70,160,230,64,58,30,52,104,551,.507,.565,.413,.763,.611,.585,F,martica02"
"145,Clarence Weatherspoon,4.0,4.0,1998-99,28,MIA,49,3,1040,141,264,141,264,0,0,115,143,72,171,243,34,28,17,61,107,397,.534,.534,,.804,.607,.534,F,weathcl01"
"146,Duncan Robinson,3.9,3.9,2021-22,27,MIA,79,68,2043,290,726,58,102,232,624,51,61,24,179,203,129,42,14,60,201,863,.399,.569,.372,.836,.573,.559,G-F,robindu01"
"147,Kurt Thomas,3.8,3.8,1995-96,23,MIA,74,42,1655,274,547,274,545,0,2,118,178,122,317,439,46,47,36,98,271,666,.501,.503,.000,.663,.533,.501,F,thomaku01"
"148,Tyler Herro,3.8,3.8,2021-22,22,MIA,66,10,2151,501,1122,326,683,175,439,190,219,32,297,329,263,44,8,174,95,1367,.447,.477,.399,.868,.561,.525,G,herroty01"
"149,Duncan Robinson,3.7,3.7,2020-21,26,MIA,72,72,2262,315,717,65,104,250,613,62,75,7,243,250,127,43,20,81,181,942,.439,.625,.408,.827,.628,.614,G-F,robindu01"
"150,Carlos Arroyo,3.7,3.7,2009-10,30,MIA,72,35,1585,178,375,171,350,7,25,76,90,26,104,130,225,36,6,54,102,439,.475,.489,.280,.844,.529,.484,G,arroyca01"
"151,Kelly Olynyk,3.7,3.7,2019-20,28,MIA,67,9,1300,184,398,89,164,95,234,86,100,44,261,305,116,45,23,71,173,549,.462,.543,.406,.860,.621,.582,C-F,olynyke01"
"152,Antoine Walker,3.6,3.6,2005-06,29,MIA,82,19,2199,391,898,254,515,137,383,81,129,103,318,421,166,47,30,150,187,1000,.435,.493,.358,.628,.524,.512,F,walkean02"
"153,Max Strus,3.6,3.6,2021-22,25,MIA,68,16,1587,249,564,68,122,181,442,42,53,24,178,202,92,28,16,57,116,721,.441,.557,.410,.792,.614,.602,G,strusma01"
"154,Willie Reed,3.6,3.6,2016-17,26,MIA,71,5,1031,162,285,161,281,1,4,49,88,129,203,332,26,18,47,31,137,374,.568,.573,.250,.557,.578,.570,F-C,reedwi02"
"155,John Salley,3.6,3.6,1994-95,30,MIA,75,50,1955,197,395,197,395,0,0,153,207,110,226,336,123,47,85,97,279,547,.499,.499,,.739,.563,.499,F-C,sallejo01"
"156,Chris Bosh,3.6,3.6,2014-15,30,MIA,44,44,1556,343,745,280,577,63,168,179,232,46,264,310,95,41,25,95,69,928,.460,.485,.375,.772,.548,.503,F-C,boshch01"
"157,Billy Thompson,3.6,3.6,1989-90,26,MIA,79,45,2142,375,727,373,723,2,4,115,185,238,313,551,166,54,89,156,237,867,.516,.516,.500,.622,.536,.517,F,thompbi01"
"158,Kevin Willis,3.6,3.6,1994-95,32,MIA,65,61,2301,457,974,454,960,3,14,195,282,217,479,696,83,59,33,155,208,1112,.469,.473,.214,.691,.506,.471,F-C,willike02"
"159,Chris Andersen,3.6,3.6,2014-15,36,MIA,60,20,1132,120,207,116,194,4,13,76,114,76,223,299,43,26,61,40,88,320,.580,.598,.308,.667,.622,.589,C-F,anderch01"
"160,Shawn Marion,3.6,3.6,2008-09,30,MIA,42,41,1516,215,446,207,406,8,40,67,85,107,258,365,77,57,45,56,92,505,.482,.510,.200,.788,.522,.491,F,mariosh01"
"161,Goran Dragić,3.5,3.5,2019-20,33,MIA,59,3,1663,319,724,195,386,124,338,191,246,29,158,187,301,40,10,144,124,953,.441,.505,.367,.776,.573,.526,G,dragigo01"
"162,Dwyane Wade,3.5,3.5,2014-15,33,MIA,62,62,1971,509,1084,480,982,29,102,284,370,58,161,219,299,73,21,209,105,1331,.470,.489,.284,.768,.534,.483,G,wadedw01"
"163,Alonzo Mourning,3.5,3.5,2006-07,36,MIA,77,43,1572,238,425,238,425,0,0,185,308,126,224,350,18,13,178,129,219,661,.560,.560,,.601,.590,.560,C,mournal01"
"164,Dan Majerle,3.5,3.5,1996-97,31,MIA,36,26,1264,141,347,73,146,68,201,40,59,45,117,162,116,54,14,50,75,390,.406,.500,.338,.678,.523,.504,G-F,majerda01"
"165,Udonis Haslem,3.5,3.5,2011-12,31,MIA,64,10,1589,151,357,151,357,0,0,83,102,117,353,470,42,35,24,60,142,385,.423,.423,,.814,.479,.423,F-C,hasleud01"
"166,Steve Smith,3.5,3.5,1992-93,23,MIA,48,43,1610,279,619,226,487,53,132,155,197,56,141,197,267,50,16,129,148,766,.451,.464,.402,.787,.543,.494,G,smithst01"
"167,Khalid Reeves,3.5,3.5,1994-95,22,MIA,67,17,1462,206,465,139,294,67,171,140,196,52,134,186,288,77,10,132,139,619,.443,.473,.392,.714,.561,.515,G,reevekh01"
"168,Dewayne Dedmon,3.5,3.5,2021-22,32,MIA,67,15,1065,164,290,145,243,19,47,75,100,105,281,386,47,24,42,70,174,422,.566,.597,.404,.750,.632,.598,C,dedmode01"
"169,Dan Majerle,3.5,3.5,1998-99,33,MIA,48,48,1624,118,298,50,95,68,203,33,46,21,187,208,150,38,7,55,100,337,.396,.526,.335,.717,.529,.510,G-F,majerda01"
"170,Joel Anthony,3.4,3.4,2011-12,29,MIA,64,51,1349,85,152,85,152,0,0,49,71,100,150,250,9,36,84,45,126,219,.559,.559,,.690,.598,.559,C,anthojo01"
"171,Kevin Gamble,3.4,3.4,1994-95,29,MIA,77,0,1223,220,450,181,352,39,98,87,111,29,93,122,119,52,10,49,130,566,.489,.514,.398,.784,.567,.532,F-G,gamblke01"
"172,Michael Beasley,3.4,3.4,2008-09,20,MIA,81,19,2009,452,957,419,876,33,81,186,241,110,329,439,83,41,37,121,184,1123,.472,.478,.407,.772,.528,.490,F,beaslmi01"
"173,Tim Hardaway,3.4,3.4,1995-96,29,MIA,28,28,1047,164,386,111,239,53,147,101,123,13,85,98,280,58,6,110,70,482,.425,.464,.361,.821,.548,.494,G,hardati01"
"174,Dwyane Wade,3.3,3.3,2007-08,26,MIA,51,49,1954,439,937,417,860,22,77,354,467,45,169,214,354,87,37,224,137,1254,.469,.485,.286,.758,.549,.480,G,wadedw01"
"175,Wayne Ellington,3.3,3.3,2016-17,29,MIA,62,13,1500,231,555,82,161,149,394,37,43,18,114,132,70,35,4,30,70,648,.416,.509,.378,.860,.565,.550,G,ellinwa01"
"176,Joel Anthony,3.3,3.3,2010-11,28,MIA,75,11,1463,53,99,53,99,0,0,47,73,104,162,266,24,10,93,36,194,153,.535,.535,,.644,.583,.535,C,anthojo01"
"177,Shane Battier,3.3,3.3,2011-12,33,MIA,65,10,1499,113,292,51,109,62,183,23,37,56,100,156,82,64,33,37,105,311,.387,.468,.339,.622,.504,.493,F,battish01"
"178,Isaac Austin,3.2,3.2,1997-98,28,MIA,52,25,1371,252,532,252,529,0,3,155,228,119,211,330,87,43,34,117,162,659,.474,.476,.000,.680,.521,.474,C,austiis01"
"179,Brian Shaw,3.2,3.2,1993-94,27,MIA,77,52,2037,278,667,205,451,73,216,64,89,104,246,350,385,71,21,173,195,693,.417,.455,.338,.719,.491,.472,G,shawbr01"
"180,A.C. Green,3.2,3.2,2000-01,37,MIA,82,1,1411,144,324,144,318,0,6,79,111,107,206,313,39,30,8,45,119,367,.444,.453,.000,.712,.492,.444,F-C,greenac01"
"181,Billy Owens,3.2,3.2,1994-95,25,MIA,70,60,2296,403,820,401,798,2,22,194,313,203,299,502,246,80,30,204,205,1002,.491,.503,.091,.620,.523,.493,F-G,owensbi01"
"182,Jamal Mashburn,3.2,3.2,1996-97,24,MIA,32,30,1189,146,367,98,221,48,146,88,117,41,138,179,111,43,7,57,117,428,.398,.443,.329,.752,.511,.463,F,mashbja01"
"183,Bimbo Coles,3.2,3.2,1993-94,25,MIA,76,4,1726,233,519,213,420,20,99,102,131,50,109,159,263,75,12,107,132,588,.449,.507,.202,.779,.510,.468,G,colesbi01"
"184,Udonis Haslem,3.2,3.2,2012-13,32,MIA,75,59,1414,129,251,129,251,0,0,32,45,97,307,404,38,30,15,45,173,290,.514,.514,,.711,.535,.514,F-C,hasleud01"
"185,Rony Seikaly,3.2,3.2,1989-90,24,MIA,74,72,2409,486,968,486,967,0,1,256,431,253,513,766,78,78,124,236,258,1228,.502,.503,.000,.594,.530,.502,C,seikaro01"
"186,Joel Anthony,3.1,3.1,2009-10,27,MIA,80,16,1322,76,159,76,159,0,0,66,92,123,126,249,12,20,109,45,158,218,.478,.478,,.717,.546,.478,C,anthojo01"
"187,Rony Seikaly,3.0,3.0,1990-91,25,MIA,64,59,2171,395,822,393,816,2,6,258,417,207,502,709,95,51,86,205,213,1050,.481,.482,.333,.619,.522,.482,C,seikaro01"
"188,Bimbo Coles,3.0,3.0,1991-92,23,MIA,81,28,1976,295,649,285,597,10,52,216,262,69,120,189,366,73,13,167,151,816,.455,.477,.192,.824,.534,.462,G,colesbi01"
"189,Voshon Lenard,3.0,3.0,1999-00,26,MIA,53,13,1434,228,560,139,332,89,228,84,106,37,116,153,136,41,15,80,127,629,.407,.419,.390,.792,.518,.487,G,lenarvo01"
"190,Eddie Jones,3.0,3.0,2006-07,35,MIA,35,27,1033,121,271,65,123,56,148,34,41,17,112,129,76,46,8,24,70,332,.446,.528,.378,.829,.574,.550,G-F,jonesed02"
"191,Vladimir Stepania,2.9,2.9,2002-03,26,MIA,79,6,1594,185,427,185,427,0,0,71,134,211,343,554,24,45,40,69,169,441,.433,.433,,.530,.454,.433,C,stepavl01"
"192,Mario Chalmers,2.9,2.9,2010-11,24,MIA,70,28,1579,155,388,72,157,83,231,54,62,12,134,146,177,76,7,91,158,447,.399,.459,.359,.871,.538,.506,G,chalmma01"
"193,Rodney McGruder,2.9,2.9,2016-17,25,MIA,78,65,1966,190,460,117,240,73,220,44,71,94,162,256,124,46,18,56,140,497,.413,.488,.332,.620,.506,.492,G,mcgruro01"
"194,Zydrunas Ilgauskas,2.9,2.9,2010-11,35,MIA,72,51,1145,162,319,162,318,0,1,36,46,108,179,287,26,23,58,52,185,360,.508,.509,.000,.783,.531,.508,C,ilgauzy01"
"195,Derrick Jones Jr.,2.9,2.9,2018-19,21,MIA,60,14,1153,160,324,132,233,28,91,74,122,96,144,240,37,46,42,43,123,422,.494,.567,.308,.607,.559,.537,F,jonesde02"
"196,Kendrick Nunn,2.9,2.9,2020-21,25,MIA,56,44,1650,319,658,197,338,122,320,56,60,21,158,179,148,52,14,80,108,816,.485,.583,.381,.933,.596,.578,G,nunnke01"
"197,Billy Thompson,2.8,2.8,1988-89,25,MIA,79,58,2273,349,716,349,712,0,4,156,224,241,331,572,176,56,105,189,260,854,.487,.490,.000,.696,.524,.487,F,thompbi01"
"198,Shaquille O'Neal,2.8,2.8,2006-07,34,MIA,40,39,1135,283,479,283,479,0,0,124,294,97,200,297,79,8,55,95,139,690,.591,.591,,.422,.567,.591,C,onealsh01"
"199,Jim Jackson,2.8,2.8,2001-02,31,MIA,55,19,1825,238,538,200,457,38,81,75,87,54,236,290,140,42,14,106,145,589,.442,.438,.469,.862,.511,.478,G,jacksji01"
"200,Mario Chalmers,2.8,2.8,2014-15,28,MIA,80,37,2368,267,663,194,415,73,248,206,266,24,182,206,307,122,10,173,251,813,.403,.467,.294,.774,.521,.458,G,chalmma01"
"201,Mark Strickland,2.8,2.8,1997-98,27,MIA,51,8,847,145,269,145,268,0,1,59,82,80,133,213,26,18,34,47,87,349,.539,.541,.000,.720,.572,.539,F,stricma01"
"202,Bimbo Coles,2.8,2.8,1994-95,26,MIA,68,65,2207,261,607,245,531,16,76,141,174,46,145,191,416,99,13,156,185,679,.430,.461,.211,.810,.497,.443,G,colesbi01"
"203,Goran Dragić,2.8,2.8,2014-15,28,MIA,26,26,905,162,323,138,250,24,73,84,104,30,59,89,139,28,6,59,75,432,.502,.552,.329,.808,.586,.539,G,dragigo01"
"204,Justise Winslow,2.8,2.8,2018-19,22,MIA,66,52,1959,324,749,228,493,96,256,86,137,63,292,355,282,72,19,142,177,830,.433,.462,.375,.628,.513,.497,F,winslju01"
"205,Matt Geiger,2.7,2.7,1994-95,25,MIA,74,43,1712,260,485,256,475,4,10,93,143,146,267,413,55,41,51,113,245,617,.536,.539,.400,.650,.563,.540,C,geigema01"
"206,Billy Owens,2.7,2.7,1995-96,26,MIA,40,40,1388,239,473,239,467,0,6,112,177,94,192,286,134,30,22,113,132,590,.505,.512,.000,.633,.536,.505,F-G,owensbi01"
"207,Grant Long,2.7,2.7,1989-90,23,MIA,81,31,1856,257,532,257,529,0,3,172,241,156,246,402,96,91,38,139,300,686,.483,.486,.000,.714,.538,.483,F,longgr01"
"208,Mario Chalmers,2.7,2.7,2009-10,23,MIA,73,22,1807,182,454,107,218,75,236,82,110,25,110,135,246,91,12,123,175,521,.401,.491,.318,.745,.519,.483,G,chalmma01"
"209,Chris Andersen,2.7,2.7,2012-13,34,MIA,42,0,624,71,123,69,120,2,3,63,93,57,115,172,17,16,44,24,89,207,.577,.575,.667,.677,.631,.585,C-F,anderch01"
"210,Christian Laettner,2.7,2.7,2004-05,35,MIA,49,0,739,107,184,106,177,1,7,45,59,36,95,131,41,32,15,29,78,260,.582,.599,.143,.763,.619,.584,F-C,laettch01"
"211,Harold Miner,2.7,2.7,1993-94,22,MIA,63,31,1358,254,532,250,526,4,6,149,180,75,81,156,95,31,13,95,132,661,.477,.475,.667,.828,.541,.481,G,minerha01"
"212,Dan Majerle,2.6,2.6,2000-01,35,MIA,53,19,1306,87,259,30,78,57,181,36,44,20,146,166,88,53,15,35,98,267,.336,.385,.315,.818,.480,.446,G-F,majerda01"
"213,Justise Winslow,2.6,2.6,2017-18,21,MIA,68,25,1680,207,488,158,359,49,129,66,104,64,306,370,148,54,33,77,140,529,.424,.440,.380,.635,.496,.474,F,winslju01"
"214,Chris Gatling,2.6,2.6,1995-96,28,MIA,24,0,565,155,259,155,259,0,0,55,75,51,124,175,17,17,11,35,82,365,.598,.598,,.733,.625,.598,F-C,gatlich01"
"215,Chris Quinn,2.6,2.6,2007-08,24,MIA,60,25,1340,158,373,94,214,64,159,85,98,11,107,118,178,46,4,55,90,465,.424,.439,.403,.867,.559,.509,G,quinnch01"
"216,Mike Miller,2.6,2.6,2012-13,32,MIA,59,17,900,100,231,27,56,73,175,8,11,18,139,157,99,21,4,35,63,281,.433,.482,.417,.727,.596,.591,F-G,millemi01"
"217,Kevin Edwards,2.5,2.5,1992-93,27,MIA,40,30,1134,216,462,211,445,5,17,119,141,48,73,121,120,68,12,75,69,556,.468,.474,.294,.844,.530,.473,G,edwarke01"
"218,Gabe Vincent,2.5,2.5,2021-22,25,MIA,68,27,1589,214,513,95,190,119,323,44,54,22,104,126,210,62,12,98,158,591,.417,.500,.368,.815,.551,.533,G,vincega01"
"219,Justise Winslow,2.5,2.5,2015-16,19,MIA,78,8,2232,195,462,163,346,32,116,80,117,81,322,403,117,68,26,95,184,502,.422,.471,.276,.684,.489,.457,F,winslju01"
"220,John Salley,2.5,2.5,1992-93,28,MIA,51,34,1422,154,307,154,307,0,0,115,144,113,200,313,83,32,70,101,192,423,.502,.502,,.799,.571,.502,F-C,sallejo01"
"221,Josh Richardson,2.5,2.5,2015-16,22,MIA,52,2,1107,123,272,70,157,53,115,42,63,21,86,107,73,36,25,35,107,341,.452,.446,.461,.667,.569,.550,G,richajo01"
"222,Udonis Haslem,2.5,2.5,2007-08,27,MIA,49,48,1805,237,507,237,507,0,0,115,142,107,336,443,68,39,18,67,145,589,.467,.467,,.810,.517,.467,F-C,hasleud01"
"223,Kevin Edwards,2.4,2.4,1991-92,26,MIA,81,1,1840,325,716,318,684,7,32,162,191,56,155,211,170,99,20,120,138,819,.454,.465,.219,.848,.512,.459,G,edwarke01"
"224,John Crotty,2.4,2.4,1996-97,27,MIA,48,0,659,79,154,59,105,20,49,54,64,15,32,47,102,18,0,42,79,232,.513,.562,.408,.844,.637,.578,G,crottjo01"
"225,Dwyane Wade,2.4,2.4,2018-19,37,MIA,72,2,1885,416,960,330,699,86,261,165,233,69,216,285,301,59,38,166,118,1083,.433,.472,.330,.708,.510,.478,G,wadedw01"
"226,Shane Battier,2.4,2.4,2013-14,35,MIA,73,56,1468,105,275,32,65,73,210,15,23,34,104,138,63,50,39,21,124,298,.382,.492,.348,.652,.523,.515,F,battish01"
"227,Amar'e Stoudemire,2.4,2.4,2015-16,33,MIA,52,36,762,125,221,125,221,0,0,50,67,65,157,222,27,18,41,47,92,300,.566,.566,,.746,.599,.566,F-C,stoudam01"
"228,Mark Strickland,2.2,2.2,1999-00,29,MIA,58,5,663,122,224,122,224,0,0,40,56,44,96,140,22,15,18,24,68,284,.545,.545,,.714,.571,.545,F,stricma01"
"229,LaPhonso Ellis,2.2,2.2,2001-02,31,MIA,66,14,1684,189,452,151,328,38,124,53,84,107,180,287,56,30,37,73,196,469,.418,.460,.306,.631,.480,.460,F,ellisla01"
"230,Dorell Wright,2.2,2.2,2007-08,22,MIA,44,34,1104,143,293,139,282,4,11,57,69,48,172,220,60,29,41,29,79,347,.488,.493,.364,.826,.537,.495,F-G,wrighdo01"
"231,Josh Richardson,2.2,2.2,2016-17,23,MIA,53,34,1614,202,513,127,286,75,227,60,77,35,133,168,140,60,39,65,132,539,.394,.444,.330,.779,.493,.467,G,richajo01"
"232,Eddie House,2.2,2.2,2010-11,32,MIA,56,1,978,128,321,60,146,68,175,38,40,9,83,92,62,32,3,29,68,362,.399,.411,.389,.950,.535,.505,G,houseed01"
"233,Walt Williams,2.2,2.2,1995-96,25,MIA,28,28,788,124,268,68,145,56,123,33,60,37,75,112,65,32,16,48,87,337,.463,.469,.455,.550,.572,.567,F-G,williwa02"
"234,Shandon Anderson,2.2,2.2,2004-05,31,MIA,65,5,1151,98,215,93,187,5,28,54,66,40,150,190,70,40,14,49,136,255,.456,.497,.179,.818,.522,.467,F-G,andersh01"
"235,Daequan Cook,2.2,2.2,2008-09,21,MIA,75,4,1833,242,645,89,250,153,395,49,56,19,170,189,71,39,10,42,125,686,.375,.356,.387,.875,.512,.494,G,cookda02"
"236,Kevin Willis,2.1,2.1,1995-96,33,MIA,47,42,1357,195,412,195,407,0,5,89,125,134,286,420,34,19,25,99,158,479,.473,.479,.000,.712,.513,.473,F-C,willike02"
"237,Omer Yurtseven,2.1,2.1,2021-22,23,MIA,56,12,706,130,247,129,236,1,11,38,61,85,209,294,49,17,20,41,84,299,.526,.547,.091,.623,.546,.528,C,yurtsom01"
"238,Caron Butler,2.1,2.1,2003-04,23,MIA,68,56,2030,240,631,230,589,10,42,133,176,92,234,326,126,75,13,91,162,623,.380,.390,.238,.756,.440,.388,F,butleca01"
"239,Willie Burton,2.1,2.1,1990-91,22,MIA,76,26,1928,341,773,337,743,4,30,229,293,111,151,262,107,72,24,144,275,915,.441,.454,.133,.782,.507,.444,F-G,burtowi01"
"240,Chris Quinn,2.1,2.1,2008-09,25,MIA,66,0,962,118,289,62,152,56,137,47,58,8,67,75,132,24,2,33,79,339,.408,.408,.409,.810,.539,.505,G,quinnch01"
"241,Jason Williams,2.1,2.1,2007-08,32,MIA,67,53,1886,211,550,114,275,97,275,69,80,12,118,130,307,83,5,91,93,588,.384,.415,.353,.863,.502,.472,G,willija02"
"242,Meyers Leonard,2.1,2.1,2019-20,27,MIA,51,49,1034,119,234,66,106,53,128,18,28,30,230,260,55,14,15,39,107,309,.509,.623,.414,.643,.627,.622,C-F,leoname01"
"243,Willie Burton,2.0,2.0,1991-92,23,MIA,68,50,1585,280,622,274,607,6,15,196,245,76,168,244,123,46,37,119,186,762,.450,.451,.400,.800,.522,.455,F-G,burtowi01"
"244,Tyler Johnson,2.0,2.0,2015-16,23,MIA,36,5,863,118,243,91,172,27,71,51,64,28,81,109,79,24,14,47,66,314,.486,.529,.380,.797,.579,.541,G,johnsty01"
"245,Kendrick Nunn,2.0,2.0,2019-20,24,MIA,67,67,1962,401,914,264,523,137,391,85,100,21,159,180,220,56,15,114,152,1024,.439,.505,.350,.850,.534,.514,G,nunnke01"
"246,Harold Miner,2.0,2.0,1992-93,21,MIA,73,0,1383,292,615,289,606,3,9,163,214,74,73,147,73,34,8,92,130,750,.475,.477,.333,.762,.529,.477,G,minerha01"
"247,Terry Davis,2.0,2.0,1990-91,23,MIA,55,17,996,115,236,114,234,1,2,69,124,107,159,266,39,18,28,36,129,300,.487,.487,.500,.556,.516,.489,F-C,daviste01"
"248,Tellis Frank,2.0,2.0,1989-90,24,MIA,77,39,1762,278,607,278,607,0,0,179,234,151,234,385,85,51,27,134,282,735,.458,.458,,.765,.518,.458,F-C,frankte01"
"249,Sasha Danilović,2.0,2.0,1996-97,26,MIA,43,33,1351,175,396,112,220,63,176,73,94,21,81,102,77,39,8,94,123,486,.442,.509,.358,.777,.556,.521,G,danilsa01"
"250,Shawne Williams,2.0,2.0,2014-15,28,MIA,44,22,924,102,240,42,88,60,152,28,33,27,112,139,36,21,17,23,116,292,.425,.477,.395,.848,.574,.550,F,willish03"
"251,Joe Johnson,2.0,2.0,2015-16,34,MIA,24,24,769,130,251,95,167,35,84,26,34,15,53,68,86,21,2,43,46,321,.518,.569,.417,.765,.603,.588,G-F,johnsjo02"
"252,Jae Crowder,1.9,1.9,2019-20,29,MIA,20,8,553,79,164,22,36,57,128,22,30,12,95,107,36,25,10,15,58,237,.482,.611,.445,.733,.669,.655,F,crowdja01"
"253,Dorell Wright,1.9,1.9,2006-07,21,MIA,66,19,1292,162,364,157,330,5,34,64,86,40,232,272,95,41,46,65,112,393,.445,.476,.147,.744,.489,.452,F-G,wrighdo01"
"254,James Ennis III,1.9,1.9,2014-15,24,MIA,62,3,1051,101,247,70,152,31,95,79,94,51,125,176,48,25,17,39,89,312,.409,.461,.326,.840,.541,.472,F,ennisja01"
"255,Rodney McGruder,1.9,1.9,2018-19,27,MIA,66,45,1550,186,461,107,236,79,225,52,72,60,178,238,112,36,12,64,115,503,.403,.453,.351,.722,.510,.489,G,mcgruro01"
"256,John Shasky,1.9,1.9,1988-89,24,MIA,65,4,944,121,248,121,246,0,2,115,167,96,136,232,22,14,13,46,94,357,.488,.492,.000,.689,.555,.488,C,shaskjo01"
"257,Keith Askins,1.9,1.9,1994-95,27,MIA,50,5,854,81,207,60,129,21,78,46,57,86,112,198,39,35,17,25,109,229,.391,.465,.269,.807,.493,.442,G-F,askinke01"
"258,Kelly Olynyk,1.9,1.9,2020-21,29,MIA,43,38,1157,162,376,85,133,77,243,31,40,44,217,261,91,40,26,55,123,432,.431,.639,.317,.775,.549,.533,C-F,olynyke01"
"259,Michael Doleac,1.9,1.9,2004-05,27,MIA,80,8,1175,148,331,148,329,0,2,25,41,74,185,259,47,23,22,36,160,321,.447,.450,.000,.610,.460,.447,C,doleami01"
"260,Ricky Davis,1.9,1.9,2007-08,28,MIA,82,47,2963,420,971,285,638,135,333,155,197,55,298,353,276,87,14,191,187,1130,.433,.447,.405,.787,.534,.502,G,davisri01"
"261,Erick Dampier,1.9,1.9,2010-11,35,MIA,51,22,815,52,89,52,88,0,1,24,44,53,124,177,22,14,47,32,82,128,.584,.591,.000,.545,.591,.584,C,dampier01"
"262,Jamal Mashburn,1.8,1.8,1998-99,26,MIA,24,23,855,134,297,121,267,13,30,75,104,24,122,146,75,20,3,60,58,356,.451,.453,.433,.721,.519,.473,F,mashbja01"
"263,Travis Best,1.8,1.8,2002-03,30,MIA,72,52,1807,231,583,195,474,36,109,105,123,26,121,147,255,44,7,106,174,603,.396,.411,.330,.854,.473,.427,G,besttr01"
"264,Mike James,1.8,1.8,2002-03,27,MIA,78,8,1722,218,585,151,357,67,228,104,142,26,123,149,246,64,5,108,176,607,.373,.423,.294,.732,.469,.430,G,jamesmi01"
"265,Luke Babbitt,1.8,1.8,2016-17,27,MIA,68,55,1065,113,281,26,71,87,210,11,15,12,129,141,36,20,11,25,118,324,.402,.366,.414,.733,.563,.557,F,babbilu01"
"266,Brian Shaw,1.8,1.8,1992-93,26,MIA,68,45,1603,197,501,154,371,43,130,61,78,70,187,257,235,48,19,96,163,498,.393,.415,.331,.782,.465,.436,G,shawbr01"
"267,Mike Miller,1.8,1.8,2011-12,31,MIA,39,2,752,91,209,38,92,53,117,2,5,22,106,128,42,14,6,30,58,237,.435,.413,.453,.400,.561,.562,F-G,millemi01"
"268,Tyler Johnson,1.8,1.8,2018-19,26,MIA,44,10,1123,171,401,99,197,72,204,61,88,19,102,121,112,40,21,63,72,475,.426,.503,.353,.693,.540,.516,G,johnsty01"
"269,Jimmy Butler,1.8,1.8,2022-23,33,MIA,10,10,360,70,148,61,123,9,25,74,84,20,45,65,59,20,2,17,14,223,.473,.496,.360,.881,.603,.503,F-G,butleji01"
"270,Andre Iguodala,1.7,1.7,2020-21,37,MIA,63,5,1339,95,248,35,66,60,182,25,38,38,183,221,142,57,35,67,90,275,.383,.530,.330,.658,.519,.504,G-F,iguodan01"
"271,Joel Anthony,1.7,1.7,2008-09,26,MIA,65,28,1048,57,118,57,118,0,0,30,46,89,108,197,27,20,93,41,139,144,.483,.483,,.652,.521,.483,C,anthojo01"
"272,Vladimir Stepania,1.7,1.7,2001-02,25,MIA,67,4,884,117,249,116,247,1,2,50,104,100,170,270,16,24,44,52,103,285,.470,.470,.500,.481,.483,.472,C,stepavl01"
"273,Rasual Butler,1.7,1.7,2004-05,25,MIA,65,15,1203,163,409,106,256,57,153,37,48,15,136,151,62,18,29,37,104,420,.399,.414,.373,.771,.488,.468,F-G,butlera01"
"274,Gerald Green,1.7,1.7,2015-16,30,MIA,69,14,1557,230,587,146,327,84,260,72,92,25,138,163,56,38,19,46,123,616,.392,.446,.323,.783,.491,.463,G-F,greenge01"
"275,Kevin Gamble,1.7,1.7,1995-96,30,MIA,44,13,1033,117,297,79,206,38,91,33,38,14,72,86,82,31,5,32,119,305,.394,.383,.418,.868,.486,.458,F-G,gamblke01"
"276,Anthony Carter,1.7,1.7,2000-01,25,MIA,72,6,1630,195,480,189,440,6,40,65,103,46,134,180,268,73,10,119,154,461,.406,.430,.150,.631,.439,.413,G,cartean01"
"277,Rashard Lewis,1.7,1.7,2013-14,34,MIA,60,6,971,98,236,52,102,46,134,26,33,24,86,110,57,53,8,35,90,268,.415,.510,.343,.788,.535,.513,F,lewisra02"
"278,Tyler Herro,1.7,1.7,2020-21,21,MIA,54,15,1635,307,699,200,402,107,297,94,117,25,243,268,184,35,17,101,71,815,.439,.498,.360,.803,.543,.516,G,herroty01"
"279,James Jones,1.7,1.7,2011-12,31,MIA,51,10,666,57,150,11,36,46,114,25,30,6,43,49,19,17,9,10,45,185,.380,.306,.404,.833,.567,.533,F-G,jonesja02"
"280,Billy Thompson,1.7,1.7,1990-91,27,MIA,73,46,1481,205,411,205,407,0,4,89,124,120,192,312,111,32,48,117,161,499,.499,.504,.000,.718,.536,.499,F,thompbi01"
"281,Dion Waiters,1.6,1.6,2016-17,25,MIA,46,43,1384,281,663,196,448,85,215,82,127,18,135,153,200,42,20,103,95,729,.424,.438,.395,.646,.507,.488,G,waitedi01"
"282,Willie Burton,1.6,1.6,1993-94,25,MIA,53,1,697,124,283,121,268,3,15,120,158,50,86,136,39,18,20,54,96,371,.438,.451,.200,.759,.526,.443,F-G,burtowi01"
"283,Goran Dragić,1.6,1.6,2018-19,32,MIA,36,22,991,179,433,122,269,57,164,79,101,20,91,111,174,30,5,71,81,494,.413,.454,.348,.782,.517,.479,G,dragigo01"
"284,Kevin Edwards,1.6,1.6,1990-91,25,MIA,79,16,2000,380,927,356,843,24,84,171,213,80,125,205,240,129,46,163,151,955,.410,.422,.286,.803,.468,.423,G,edwarke01"
"285,Carlos Arroyo,1.6,1.6,2010-11,31,MIA,49,42,995,109,238,81,174,28,64,28,35,13,67,80,100,14,1,43,60,274,.458,.466,.438,.800,.541,.517,G,arroyca01"
"286,Rory Sparrow,1.6,1.6,1988-89,30,MIA,80,79,2613,444,982,426,908,18,74,94,107,55,161,216,429,103,17,204,168,1000,.452,.469,.243,.879,.486,.461,G,sparrro01"
"287,Michael Beasley,1.6,1.6,2013-14,25,MIA,55,2,831,177,355,156,301,21,54,61,79,31,141,172,42,23,21,57,93,436,.499,.518,.389,.772,.559,.528,F,beaslmi01"
"288,Trevor Ariza,1.6,1.6,2020-21,35,MIA,30,27,841,99,241,49,98,50,143,34,44,27,117,144,55,31,18,21,55,282,.411,.500,.350,.773,.542,.515,F,arizatr01"
"289,Rasual Butler,1.6,1.6,2003-04,24,MIA,45,0,675,119,250,69,142,50,108,16,21,4,57,61,23,10,13,28,72,304,.476,.486,.463,.762,.586,.576,F-G,butlera01"
"290,Tyler Herro,1.6,1.6,2019-20,20,MIA,55,8,1508,270,631,154,333,116,298,87,100,16,208,224,121,34,9,87,76,743,.428,.462,.389,.870,.550,.520,G,herroty01"
"291,Mike Miller,1.6,1.6,2010-11,30,MIA,41,2,838,81,202,38,84,43,118,23,34,38,146,184,51,20,2,41,88,228,.401,.452,.364,.676,.525,.507,F-G,millemi01"
"292,Scott Hastings,1.5,1.5,1988-89,28,MIA,75,6,1206,143,328,134,300,9,28,91,107,72,159,231,59,32,42,68,203,386,.436,.447,.321,.850,.515,.450,F-C,hastisc01"
"293,Steve Smith,1.5,1.5,1991-92,22,MIA,61,59,1806,297,654,257,529,40,125,95,127,81,107,188,278,59,19,152,162,729,.454,.486,.320,.748,.513,.485,G,smithst01"
"294,Keyon Dooling,1.5,1.5,2004-05,24,MIA,74,0,1184,139,345,120,270,19,75,85,109,11,79,90,132,39,11,65,120,382,.403,.444,.253,.780,.486,.430,G,doolike01"
"295,James Johnson,1.5,1.5,2018-19,31,MIA,55,33,1164,164,379,114,230,50,149,50,70,22,154,176,135,35,27,74,114,428,.433,.496,.336,.714,.522,.499,F,johnsja01"
"296,Brad Lohaus,1.5,1.5,1994-95,30,MIA,61,1,730,97,231,34,76,63,155,10,15,28,74,102,43,20,25,29,85,267,.420,.447,.406,.667,.562,.556,F-C,lohaubr01"
"297,Jamario Moon,1.5,1.5,2008-09,28,MIA,26,21,689,72,157,45,84,27,73,13,15,10,106,116,25,21,16,12,48,184,.459,.536,.370,.867,.562,.545,F,moonja01"
"298,Sasha Danilović,1.5,1.5,1995-96,25,MIA,19,18,542,83,184,49,106,34,78,55,72,12,34,46,47,15,3,37,49,255,.451,.462,.436,.764,.591,.543,G,danilsa01"
"299,Anthony Carter,1.4,1.4,1999-00,24,MIA,79,30,1859,201,509,198,486,3,23,93,124,48,151,199,378,93,5,173,167,498,.395,.407,.130,.750,.442,.398,G,cartean01"
"300,Keith Askins,1.4,1.4,1992-93,25,MIA,69,1,935,88,213,66,148,22,65,29,40,74,124,198,31,31,29,37,141,227,.413,.446,.338,.725,.492,.465,G-F,askinke01"
"301,Glen Rice,1.4,1.4,1989-90,22,MIA,77,60,2311,470,1071,453,1002,17,69,91,124,100,252,352,138,67,27,113,198,1048,.439,.452,.246,.734,.466,.447,F,ricegl01"
"302,Udonis Haslem,1.4,1.4,2014-15,34,MIA,62,25,995,107,239,105,229,2,10,45,64,71,187,258,46,21,13,41,113,261,.448,.459,.200,.703,.488,.452,F-C,hasleud01"
"303,Chris Gatling,1.4,1.4,2001-02,34,MIA,54,1,809,131,293,130,285,1,8,82,117,71,135,206,25,17,11,58,109,345,.447,.456,.125,.701,.501,.449,F-C,gatlich01"
"304,Goran Dragić,1.3,1.3,2020-21,34,MIA,50,11,1337,240,555,149,311,91,244,101,122,25,144,169,219,33,8,118,113,672,.432,.479,.373,.828,.552,.514,G,dragigo01"
"305,Jamaal Magloire,1.3,1.3,2008-09,30,MIA,55,12,709,65,131,65,131,0,0,29,60,82,140,222,22,11,25,32,121,159,.496,.496,,.483,.505,.496,C,magloja01"
"306,Precious Achiuwa,1.3,1.3,2020-21,21,MIA,61,4,737,124,228,124,227,0,1,56,110,73,135,208,29,20,28,43,91,304,.544,.546,.000,.509,.550,.544,F,achiupr01"
"307,Gary Payton,1.3,1.3,2006-07,38,MIA,68,28,1503,144,366,112,243,32,123,38,57,18,114,132,201,43,3,66,117,358,.393,.461,.260,.667,.458,.437,G,paytoga01"
"308,Chris Silva,1.3,1.3,2019-20,23,MIA,44,0,346,48,78,48,75,0,3,37,55,60,66,126,23,9,21,32,85,133,.615,.640,.000,.673,.651,.615,F,silvach01"
"309,Michael Doleac,1.2,1.2,2006-07,29,MIA,56,0,698,82,175,82,174,0,1,36,41,44,111,155,22,18,15,30,96,200,.469,.471,.000,.878,.518,.469,C,doleami01"
"310,Alec Kessler,1.2,1.2,1991-92,25,MIA,77,4,1197,158,383,158,383,0,0,94,115,114,200,314,34,17,32,58,185,410,.413,.413,,.817,.473,.413,F-C,kesslal01"
"311,Dion Waiters,1.2,1.2,2018-19,27,MIA,44,28,1138,198,478,89,189,109,289,22,44,7,109,116,121,29,9,64,72,527,.414,.471,.377,.500,.530,.528,G,waitedi01"
"312,Norris Cole,1.2,1.2,2013-14,25,MIA,82,6,2014,207,500,147,326,60,174,53,68,17,143,160,248,77,5,127,156,527,.414,.451,.345,.779,.497,.474,G,coleno01"
"313,Joel Anthony,1.2,1.2,2012-13,30,MIA,62,3,566,35,68,35,68,0,0,17,28,45,70,115,13,13,42,22,49,87,.515,.515,,.607,.542,.515,C,anthojo01"
"314,Jason Kapono,1.2,1.2,2005-06,24,MIA,51,2,665,79,177,58,124,21,53,28,33,12,59,71,37,7,3,20,89,207,.446,.468,.396,.848,.540,.506,F,kaponja01"
"315,Rashard Lewis,1.2,1.2,2012-13,33,MIA,55,9,792,103,249,52,118,51,131,28,45,19,102,121,30,21,14,33,67,285,.414,.441,.389,.622,.530,.516,F,lewisra02"
"316,Matt Geiger,1.2,1.2,1992-93,23,MIA,48,2,554,76,145,76,141,0,4,62,92,46,74,120,14,15,18,36,123,214,.524,.539,.000,.674,.577,.524,C,geigema01"
"317,Jermaine O'Neal,1.2,1.2,2008-09,30,MIA,27,27,811,145,305,145,305,0,0,60,80,55,90,145,55,11,54,52,81,350,.475,.475,,.750,.514,.475,C-F,onealje01"
"318,Shaquille O'Neal,1.2,1.2,2007-08,35,MIA,33,33,945,191,329,191,329,0,0,88,178,99,159,258,45,19,54,98,134,470,.581,.581,,.494,.577,.581,C,onealsh01"
"319,Udonis Haslem,1.1,1.1,2013-14,33,MIA,46,18,653,74,146,74,146,0,0,25,44,42,133,175,13,11,15,24,79,173,.507,.507,,.568,.523,.507,F-C,hasleud01"
"320,Dewayne Dedmon,1.1,1.1,2020-21,31,MIA,16,0,210,46,65,45,60,1,5,20,27,28,58,86,12,9,6,13,36,113,.708,.750,.200,.741,.735,.715,C,dedmode01"
"321,Otis Thorpe,1.1,1.1,1999-00,37,MIA,51,1,777,125,243,125,240,0,3,29,48,56,110,166,33,26,9,59,136,279,.514,.521,.000,.604,.528,.514,F-C,thorpot01"
"322,Kyle Lowry,1.1,1.1,2022-23,36,MIA,12,12,423,45,112,18,36,27,76,40,44,7,45,52,67,15,5,23,34,157,.402,.500,.355,.909,.598,.522,G,lowryky01"
"323,Bimbo Coles,1.1,1.1,1990-91,22,MIA,82,9,1355,162,393,156,359,6,34,71,95,56,97,153,232,65,12,98,149,401,.412,.435,.176,.747,.461,.420,G,colesbi01"
"324,Loren Woods,1.1,1.1,2003-04,25,MIA,38,2,506,44,96,44,96,0,0,33,55,65,69,134,10,11,19,26,52,121,.458,.458,,.600,.503,.458,F-C,woodslo01"
"325,Cedric Ceballos,1.1,1.1,2000-01,31,MIA,27,0,393,73,158,62,125,11,33,29,33,27,53,80,13,10,4,23,42,186,.462,.496,.333,.879,.539,.497,F,cebalce01"
"326,LaPhonso Ellis,1.1,1.1,2002-03,32,MIA,55,3,784,100,262,73,155,27,107,50,66,44,113,157,15,15,15,31,88,277,.382,.471,.252,.758,.476,.433,F,ellisla01"
"327,James Jones,1.0,1.0,2009-10,29,MIA,36,6,503,43,119,6,29,37,90,23,28,4,41,45,17,11,4,11,45,146,.361,.207,.411,.821,.556,.517,F-G,jonesja02"
"328,Jon Sundvold,1.0,1.0,1988-89,27,MIA,68,8,1338,307,675,259,583,48,92,47,57,18,69,87,137,27,1,87,78,709,.455,.444,.522,.825,.506,.490,G,sundvjo01"
"329,Ledell Eackles,1.0,1.0,1994-95,28,MIA,54,6,898,143,326,125,285,18,41,91,126,33,62,95,72,19,2,53,88,395,.439,.439,.439,.722,.518,.466,G-F,eacklle01"
"330,Mike Bibby,1.0,1.0,2010-11,32,MIA,22,12,582,55,126,15,38,40,88,10,16,2,47,49,55,11,3,32,47,160,.437,.395,.455,.625,.601,.595,G,bibbymi01"
"331,Mark Strickland,1.0,1.0,1998-99,28,MIA,32,1,357,50,101,50,100,0,1,19,26,26,52,78,9,7,8,13,28,119,.495,.500,.000,.731,.529,.495,F,stricma01"
"332,Wayne Ellington,1.0,1.0,2018-19,31,MIA,25,12,533,69,184,12,29,57,155,14,16,6,41,47,29,24,3,14,40,209,.375,.414,.368,.875,.547,.530,G,ellinwa01"
"333,Alonzo Mourning,0.9,0.9,2000-01,30,MIA,13,3,306,73,141,73,140,0,1,31,55,35,66,101,12,4,31,28,24,177,.518,.521,.000,.564,.536,.518,C,mournal01"
"334,Udonis Haslem,0.9,0.9,2010-11,30,MIA,13,0,345,44,86,44,86,0,0,16,20,29,77,106,6,7,3,14,39,104,.512,.512,,.800,.549,.512,F-C,hasleud01"
"335,Max Strus,0.9,0.9,2020-21,24,MIA,39,0,507,85,187,35,39,50,148,16,24,5,36,41,24,11,2,8,43,236,.455,.897,.338,.667,.597,.588,G,strusma01"
"336,Terry Mills,0.9,0.9,1997-98,30,MIA,50,0,782,81,206,56,125,25,81,25,33,34,118,152,39,19,9,45,129,212,.393,.448,.309,.758,.481,.454,F,millste01"
"337,Eddie House,0.9,0.9,2001-02,23,MIA,64,3,1230,209,524,155,367,54,157,42,49,17,93,110,123,43,5,80,98,514,.399,.422,.344,.857,.471,.450,G,houseed01"
"338,Juwan Howard,0.9,0.9,2010-11,37,MIA,57,0,592,55,125,55,125,0,0,29,35,36,86,122,23,10,4,25,61,139,.440,.440,,.829,.495,.440,F,howarju01"
"339,Bruce Bowen,0.9,0.9,1999-00,28,MIA,27,2,567,46,121,20,65,26,56,19,31,13,47,60,18,14,10,14,81,137,.380,.308,.464,.613,.509,.488,F,bowenbr01"
"340,Voshon Lenard,0.9,0.9,1995-96,22,MIA,30,0,323,53,141,17,40,36,101,34,43,12,40,52,31,6,1,23,31,176,.376,.425,.356,.791,.550,.504,G,lenarvo01"
"341,Shawn Marion,0.9,0.9,2007-08,29,MIA,16,15,602,96,209,88,178,8,31,29,42,50,129,179,40,30,15,37,33,229,.459,.494,.258,.690,.503,.478,F,mariosh01"
"342,Willie Anderson,0.9,0.9,1996-97,30,MIA,28,1,303,29,64,21,45,8,19,17,20,15,27,42,34,14,4,19,36,83,.453,.467,.421,.850,.570,.516,G-F,anderwi01"
"343,Alonzo Mourning,0.9,0.9,2004-05,34,MIA,19,3,245,32,62,32,62,0,0,31,55,22,49,71,4,3,33,12,32,95,.516,.516,,.564,.551,.516,C,mournal01"
"344,James Jones,0.9,0.9,2008-09,28,MIA,40,1,630,55,149,22,53,33,96,26,31,12,50,62,20,12,14,12,58,169,.369,.415,.344,.839,.520,.480,F-G,jonesja02"
"345,Malik Allen,0.9,0.9,2002-03,24,MIA,80,73,2318,335,790,335,786,0,4,97,121,134,291,425,54,37,78,128,234,767,.424,.426,.000,.802,.455,.424,F-C,allenma01"
"346,Sean Lampley,0.9,0.9,2002-03,23,MIA,35,0,487,56,129,56,125,0,4,57,82,26,57,83,31,7,3,25,43,169,.434,.448,.000,.695,.512,.434,F,lamplse01"
"347,Jon Sundvold,0.8,0.8,1989-90,28,MIA,63,2,867,148,363,104,263,44,100,44,52,15,56,71,102,25,0,52,69,384,.408,.395,.440,.846,.498,.468,G,sundvjo01"
"348,Wayne Simien,0.8,0.8,2005-06,22,MIA,43,2,414,58,120,58,120,0,0,30,34,38,50,88,7,13,1,24,70,146,.483,.483,,.882,.541,.483,F,simiewa01"
"349,Josh McRoberts,0.8,0.8,2015-16,28,MIA,42,1,595,55,148,43,99,12,49,28,40,22,83,105,81,18,7,30,68,150,.372,.434,.245,.700,.453,.412,F,mcrobjo01"
"350,Alonzo Mourning,0.8,0.8,2007-08,37,MIA,25,0,389,52,95,52,95,0,0,45,76,34,59,93,7,4,42,25,56,149,.547,.547,,.592,.580,.547,C,mournal01"
"351,Rodney McGruder,0.8,0.8,2017-18,26,MIA,18,2,299,36,73,21,38,15,35,4,8,11,22,33,17,8,3,4,21,91,.493,.553,.429,.500,.595,.596,G,mcgruro01"
"352,Tony Smith,0.8,0.8,1995-96,27,MIA,25,1,410,46,101,33,62,13,39,4,9,6,33,39,68,16,5,26,46,109,.455,.532,.333,.444,.519,.520,G,smithto02"
"353,Marty Conlon,0.8,0.8,1997-98,30,MIA,18,0,209,28,62,28,62,0,0,32,44,16,30,46,12,9,5,11,27,88,.452,.452,,.727,.541,.452,F-C,conloma01"
"354,Alec Kessler,0.8,0.8,1992-93,26,MIA,40,2,415,57,122,52,111,5,11,36,47,25,66,91,14,4,12,21,63,155,.467,.468,.455,.766,.543,.488,F-C,kesslal01"
"355,Bam Adebayo,0.8,0.8,2022-23,25,MIA,12,12,421,84,160,84,156,0,4,45,52,27,76,103,42,15,10,42,42,213,.525,.538,.000,.865,.582,.525,C-F,adebaba01"
"356,Tyler Johnson,0.8,0.8,2014-15,22,MIA,32,2,603,70,167,52,119,18,48,32,47,14,67,81,42,33,9,30,42,190,.419,.437,.375,.681,.506,.473,G,johnsty01"
"357,Ronny Turiaf,0.7,0.7,2011-12,29,MIA,13,5,221,16,30,16,29,0,1,13,22,19,39,58,5,8,14,8,32,45,.533,.552,.000,.591,.567,.533,F,turiaro01"
"358,James Jones,0.7,0.7,2013-14,33,MIA,20,6,236,31,68,3,14,28,54,7,11,2,21,23,9,3,4,4,6,97,.456,.214,.519,.636,.666,.662,F-G,jonesja02"
"359,Tyrone Corbin,0.7,0.7,1995-96,33,MIA,22,0,354,38,92,36,86,2,6,23,28,26,39,65,23,16,3,17,51,101,.413,.419,.333,.821,.484,.424,G-F,corbity01"
"360,Keith Askins,0.7,0.7,1997-98,30,MIA,46,12,681,39,122,18,48,21,74,12,19,28,73,101,29,27,12,26,107,111,.320,.375,.284,.632,.426,.406,G-F,askinke01"
"361,Toney Douglas,0.7,0.7,2013-14,27,MIA,27,17,410,41,104,29,61,12,43,20,26,14,47,61,49,13,3,18,47,114,.394,.475,.279,.769,.494,.452,G,douglto01"
"362,Sylvester Gray,0.7,0.7,1988-89,21,MIA,55,15,1220,167,398,166,394,1,4,105,156,117,169,286,117,36,25,102,144,440,.420,.421,.250,.673,.471,.421,F,graysy01"
"363,Samaki Walker,0.7,0.7,2003-04,27,MIA,33,0,418,38,99,38,97,0,2,29,44,42,70,112,6,9,11,15,54,105,.384,.392,.000,.659,.444,.384,F,walkesa01"
"364,Keith Askins,0.7,0.7,1991-92,24,MIA,59,4,843,84,205,59,132,25,73,26,37,65,77,142,38,40,15,47,109,219,.410,.447,.342,.703,.495,.471,G-F,askinke01"
"365,Rory Sparrow,0.7,0.7,1989-90,31,MIA,82,25,1756,210,510,202,470,8,40,59,77,37,101,138,298,49,4,99,140,487,.412,.430,.200,.766,.448,.420,G,sparrro01"
"366,Ed Pinckney,0.7,0.7,1996-97,33,MIA,27,0,273,23,43,23,43,0,0,20,25,25,40,65,6,8,9,19,30,66,.535,.535,,.800,.611,.535,F,pincked01"
"367,Eddie House,0.7,0.7,2002-03,24,MIA,55,7,1025,172,444,136,324,36,120,31,36,17,84,101,87,44,1,46,73,411,.387,.420,.300,.861,.447,.428,G,houseed01"
"368,Mark Blount,0.7,0.7,2007-08,32,MIA,69,46,1542,238,515,221,471,17,44,88,138,69,194,263,41,33,34,70,133,581,.462,.469,.386,.638,.505,.479,C,blounma01"
"369,Kendall Gill,0.7,0.7,2001-02,33,MIA,65,49,1410,162,422,156,378,6,44,42,62,29,155,184,100,44,8,55,140,372,.384,.413,.136,.677,.414,.391,G,gillke01"
"370,Brent Barry,0.7,0.7,1997-98,26,MIA,17,0,259,23,62,11,28,12,34,12,12,2,26,28,21,14,4,9,30,70,.371,.393,.353,1.000,.520,.468,G,barrybr01"
"371,Max Strus,0.7,0.7,2022-23,26,MIA,12,5,386,63,141,30,49,33,92,11,14,9,38,47,23,9,5,12,30,170,.447,.612,.359,.786,.578,.564,G,strusma01"
"372,Duane Causwell,0.7,0.7,1999-00,31,MIA,25,2,185,20,37,20,37,0,0,26,38,11,36,47,2,2,16,10,42,66,.541,.541,,.684,.614,.541,C,causwdu01"
"373,Malik Allen,0.7,0.7,2003-04,25,MIA,45,6,616,83,198,83,198,0,0,25,33,42,77,119,16,12,28,27,81,191,.419,.419,,.758,.449,.419,F-C,allenma01"
"374,Norris Cole,0.6,0.6,2014-15,26,MIA,47,23,1148,118,306,91,204,27,102,32,46,12,96,108,165,42,8,58,75,295,.386,.446,.265,.696,.452,.430,G,coleno01"
"375,Okaro White,0.6,0.6,2016-17,24,MIA,35,0,471,33,87,21,53,12,34,20,22,25,57,82,21,10,10,18,52,98,.379,.396,.353,.909,.507,.448,F,whiteok01"
"376,Dexter Pittman,0.6,0.6,2011-12,23,MIA,35,6,301,44,94,44,94,0,0,18,28,27,44,71,9,8,8,17,73,106,.468,.468,,.643,.498,.468,C,pittmde01"
"377,Norris Cole,0.6,0.6,2012-13,24,MIA,80,4,1590,179,425,144,327,35,98,52,80,18,112,130,164,57,7,104,155,445,.421,.440,.357,.650,.483,.462,G,coleno01"
"378,Michael Doleac,0.6,0.6,2005-06,28,MIA,31,3,371,37,88,37,88,0,0,24,30,23,62,85,8,10,7,14,45,98,.420,.420,,.800,.484,.420,C,doleami01"
"379,Tyler Herro,0.6,0.6,2022-23,23,MIA,10,10,314,72,154,48,90,24,64,28,31,6,58,64,26,7,6,21,16,196,.468,.533,.375,.903,.585,.545,G,herroty01"
"380,Chris Quinn,0.6,0.6,2006-07,23,MIA,42,1,408,48,131,28,74,20,57,25,37,6,24,30,65,15,0,21,32,141,.366,.378,.351,.676,.479,.443,G,quinnch01"
"381,Derek Anderson,0.6,0.6,2005-06,31,MIA,23,3,465,40,130,19,63,21,67,32,38,9,51,60,48,8,2,17,49,133,.308,.302,.313,.842,.453,.388,G,anderde01"
"382,Pat Cummings,0.6,0.6,1988-89,32,MIA,53,28,1096,197,394,197,392,0,2,72,97,84,197,281,47,29,18,111,160,466,.500,.503,.000,.742,.534,.500,F-C,cummipa01"
"383,Jamaal Magloire,0.6,0.6,2009-10,31,MIA,36,0,359,28,56,28,56,0,0,21,59,41,80,121,1,9,11,17,59,77,.500,.500,,.356,.470,.500,C,magloja01"
"384,Danny Granger,0.6,0.6,2014-15,31,MIA,30,6,613,65,162,35,78,30,84,28,37,20,60,80,17,13,6,24,67,188,.401,.449,.357,.757,.527,.494,F,grangda01"
"385,Malik Allen,0.6,0.6,2004-05,26,MIA,14,0,248,35,76,35,76,0,0,13,14,24,28,52,11,4,11,11,29,83,.461,.461,,.929,.505,.461,F-C,allenma01"
"386,Rodney Buford,0.6,0.6,1999-00,22,MIA,34,0,386,62,151,55,122,7,29,16,22,10,38,48,21,10,8,9,44,147,.411,.451,.241,.727,.457,.434,G-F,buforro01"
"387,Keith Askins,0.6,0.6,1990-91,23,MIA,39,1,266,34,81,28,56,6,25,12,25,30,38,68,19,16,13,11,46,86,.420,.500,.240,.480,.467,.457,G-F,askinke01"
"388,Andre Iguodala,0.6,0.6,2019-20,36,MIA,21,0,418,38,88,24,41,14,47,6,15,17,61,78,51,14,21,26,35,96,.432,.585,.298,.400,.507,.511,G-F,iguodan01"
"389,Jamaal Magloire,0.6,0.6,2010-11,32,MIA,18,0,158,13,22,13,22,0,0,9,18,17,44,61,3,4,2,5,26,35,.591,.591,,.500,.585,.591,C,magloja01"
"390,Joel Anthony,0.6,0.6,2007-08,25,MIA,24,1,498,28,60,28,60,0,0,29,49,38,55,93,3,9,31,17,55,85,.467,.467,,.592,.521,.467,C,anthojo01"
"391,Kurt Thomas,0.5,0.5,1996-97,24,MIA,18,9,374,39,105,39,104,0,1,35,46,31,76,107,9,12,9,25,67,113,.371,.375,.000,.761,.451,.371,F,thomaku01"
"392,Terry Davis,0.5,0.5,1989-90,22,MIA,63,9,884,122,262,122,261,0,1,54,87,93,136,229,25,25,28,68,171,298,.466,.467,.000,.621,.496,.466,F-C,daviste01"
"393,Greg Oden,0.5,0.5,2013-14,26,MIA,23,6,212,27,49,27,49,0,0,13,23,23,31,54,1,7,13,12,52,67,.551,.551,,.565,.567,.551,C,odengr01"
"394,Duane Causwell,0.5,0.5,1997-98,29,MIA,37,2,363,37,89,37,89,0,0,15,26,29,70,99,5,7,27,18,73,89,.416,.416,,.577,.443,.416,C,causwdu01"
"395,Shandon Anderson,0.5,0.5,2005-06,32,MIA,48,1,638,54,126,49,107,5,19,13,18,18,63,81,30,17,6,24,75,126,.429,.458,.263,.722,.470,.448,F-G,andersh01"
"396,Henry Walker,0.5,0.5,2014-15,27,MIA,24,13,628,58,168,13,36,45,132,14,18,7,75,82,29,24,9,24,76,175,.345,.361,.341,.778,.497,.479,F,walkebi01"
"397,Yakhouba Diawara,0.5,0.5,2008-09,26,MIA,63,21,851,76,217,25,54,51,163,10,19,26,56,82,27,13,6,16,75,213,.350,.463,.313,.526,.473,.468,G-F,diawaya01"
"398,Marcus Banks,0.5,0.5,2007-08,26,MIA,12,2,259,42,82,27,45,15,37,15,19,1,24,25,36,6,5,21,27,114,.512,.600,.405,.789,.631,.604,G,banksma01"
"399,Shabazz Napier,0.5,0.5,2014-15,23,MIA,51,10,1012,87,228,44,110,43,118,44,56,17,96,113,130,40,4,81,76,261,.382,.400,.364,.786,.517,.476,G,napiesh01"
"400,KZ Okpala,0.5,0.5,2021-22,22,MIA,21,0,244,30,69,21,43,9,26,8,11,11,30,41,14,4,7,5,25,77,.435,.488,.346,.727,.521,.500,F,okpalkz01"
"401,Alan Ogg,0.5,0.5,1991-92,24,MIA,43,0,367,46,84,46,84,0,0,16,30,30,44,74,7,5,28,19,73,108,.548,.548,,.533,.556,.548,C,oggal01"
"402,Rex Walters,0.5,0.5,1998-99,28,MIA,33,13,506,35,95,23,57,12,38,19,23,10,40,50,58,10,3,32,63,101,.368,.404,.316,.826,.480,.432,G,waltere01"
"403,Malik Allen,0.5,0.5,2001-02,23,MIA,12,2,161,22,51,22,50,0,1,8,10,15,23,38,5,3,8,2,16,52,.431,.440,.000,.800,.469,.431,F-C,allenma01"
"404,Pete Myers,0.5,0.5,1995-96,32,MIA,39,1,639,62,160,51,118,11,42,49,76,21,52,73,97,14,11,56,75,184,.388,.432,.262,.645,.476,.422,G-F,myerspe01"
"405,Pearl Washington,0.5,0.5,1988-89,25,MIA,54,8,1065,164,387,163,373,1,14,82,104,49,74,123,226,73,4,122,101,411,.424,.437,.071,.788,.475,.425,G,washipe01"
"406,Victor Oladipo,0.4,0.4,2021-22,29,MIA,8,1,173,35,73,20,37,15,36,14,19,3,20,23,28,5,1,16,13,99,.479,.541,.417,.737,.608,.582,G,oladivi01"
"407,Caleb Martin,0.4,0.4,2022-23,27,MIA,11,11,307,37,86,28,59,9,27,7,8,21,28,49,17,14,1,9,23,90,.430,.475,.333,.875,.503,.483,F,martica02"
"408,Blue Edwards,0.4,0.4,1998-99,33,MIA,24,0,283,32,72,28,62,4,10,9,13,7,26,33,30,17,5,21,23,77,.444,.452,.400,.692,.495,.472,G-F,edwarbl01"
"409,Clinton Wheeler,0.4,0.4,1988-89,29,MIA,8,0,143,24,42,24,42,0,0,8,10,5,7,12,21,8,0,6,9,56,.571,.571,,.800,.603,.571,G,wheelcl01"
"410,Josh McRoberts,0.4,0.4,2014-15,27,MIA,17,4,296,28,53,20,34,8,19,8,13,7,38,45,33,12,3,22,41,72,.528,.588,.421,.615,.613,.604,F,mcrobjo01"
"411,Rafer Alston,0.4,0.4,2009-10,33,MIA,25,25,655,60,169,30,88,30,81,15,27,4,50,54,72,23,5,34,53,165,.355,.341,.370,.556,.456,.444,G,alstora01"
"412,Justin Hamilton,0.4,0.4,2014-15,24,MIA,24,5,289,27,65,21,46,6,19,6,7,24,24,48,12,8,5,8,33,66,.415,.457,.316,.857,.485,.462,C,hamilju01"
"413,Danny Schayes,0.4,0.4,1995-96,36,MIA,32,6,399,32,94,32,94,0,0,37,46,29,60,89,9,11,16,23,60,101,.340,.340,,.804,.442,.340,C-F,schayda01"
"414,Eddie House,0.4,0.4,2000-01,22,MIA,50,0,550,104,247,85,192,19,55,24,35,5,37,42,52,13,0,35,58,251,.421,.443,.345,.686,.478,.460,G,houseed01"
"415,Nemanja Bjelica,0.4,0.4,2020-21,32,MIA,11,2,156,20,46,10,19,10,27,5,9,5,22,27,20,7,3,5,20,55,.435,.526,.370,.556,.550,.543,F,bjeline01"
"416,Gary Grant,0.4,0.4,1996-97,31,MIA,28,0,365,39,110,25,64,14,46,18,22,8,30,38,45,16,0,27,39,110,.355,.391,.304,.818,.460,.418,G,grantga01"
"417,Derrick Walton,0.4,0.4,2017-18,22,MIA,16,0,147,8,25,1,8,7,17,6,6,2,14,16,16,7,3,2,7,29,.320,.125,.412,1.000,.525,.460,G,waltode01"
"418,Udonis Haslem,0.4,0.4,2015-16,35,MIA,37,0,260,23,61,22,52,1,9,12,16,10,65,75,14,5,2,5,25,59,.377,.423,.111,.750,.434,.385,F-C,hasleud01"
"419,Dewayne Dedmon,0.4,0.4,2022-23,33,MIA,10,0,120,20,35,16,24,4,11,13,16,6,27,33,6,1,1,6,22,57,.571,.667,.364,.813,.678,.629,C,dedmode01"
"420,James Johnson,0.4,0.4,2019-20,32,MIA,18,0,281,39,87,23,42,16,45,8,14,8,44,52,21,6,13,15,34,102,.448,.548,.356,.571,.547,.540,F,johnsja01"
"421,Beno Udrih,0.4,0.4,2015-16,33,MIA,36,5,587,66,152,55,119,11,33,15,17,6,57,63,90,11,0,42,40,158,.434,.462,.333,.882,.495,.470,G,udrihbe01"
"422,Markieff Morris,0.3,0.3,2021-22,32,MIA,17,1,298,54,114,41,75,13,39,8,9,17,28,45,23,6,1,20,33,129,.474,.547,.333,.889,.547,.531,F,morrima02"
"423,Wesley Person,0.3,0.3,2004-05,33,MIA,16,3,206,25,57,17,36,8,21,4,4,1,21,22,11,6,0,7,6,62,.439,.472,.381,1.000,.528,.509,G,persowe01"
"424,Avery Bradley,0.3,0.3,2020-21,30,MIA,10,1,211,31,66,15,28,16,38,7,9,2,16,18,14,7,1,9,26,85,.470,.536,.421,.778,.607,.591,G,bradlav01"
"425,Jordan Mickey,0.3,0.3,2017-18,23,MIA,23,3,284,39,82,37,66,2,16,13,19,18,63,81,9,6,10,18,36,93,.476,.561,.125,.684,.515,.488,F,mickejo01"
"426,Kevin Pritchard,0.3,0.3,1994-95,27,MIA,14,0,158,13,29,11,24,2,5,15,17,0,11,11,23,2,1,7,19,43,.448,.458,.400,.882,.589,.483,G,pritcke01"
"427,Derrick Williams,0.3,0.3,2016-17,25,MIA,25,11,377,54,137,45,92,9,45,31,50,16,57,73,14,9,5,14,33,148,.394,.489,.200,.620,.465,.427,F,willide02"
"428,Rex Walters,0.3,0.3,1997-98,27,MIA,19,0,108,13,24,10,16,3,8,9,11,2,13,15,14,3,1,10,11,38,.542,.625,.375,.818,.659,.604,G,waltere01"
"429,John Wallace,0.3,0.3,2003-04,29,MIA,37,0,368,61,145,56,132,5,13,31,40,12,47,59,14,5,8,24,38,158,.421,.424,.385,.775,.486,.438,F,wallajo01"
"430,Roger Mason,0.3,0.3,2013-14,33,MIA,25,2,260,25,67,8,19,17,48,7,7,1,21,22,19,6,1,9,26,74,.373,.421,.354,1.000,.528,.500,G,masonro01"
"431,Keith Askins,0.3,0.3,1993-94,26,MIA,37,0,319,36,88,32,67,4,21,9,10,33,49,82,13,11,1,21,57,85,.409,.478,.190,.900,.460,.432,G-F,askinke01"
"432,Sean Marks,0.3,0.3,2001-02,26,MIA,21,6,319,38,88,38,88,0,0,20,34,19,56,75,8,5,10,19,40,96,.432,.432,,.588,.466,.432,F-C,marksse01"
"433,Voshon Lenard,0.3,0.3,1998-99,25,MIA,12,2,190,31,79,19,44,12,35,8,11,4,12,16,10,3,1,7,18,82,.392,.432,.343,.727,.489,.468,G,lenarvo01"
"434,Brian Shaw,0.3,0.3,1991-92,25,MIA,46,23,987,139,349,134,333,5,16,37,51,39,96,135,161,45,12,67,86,320,.398,.402,.313,.725,.431,.405,G,shawbr01"
"435,Alan Ogg,0.3,0.3,1990-91,23,MIA,31,1,261,24,55,24,53,0,2,6,10,15,34,49,2,6,27,8,53,54,.436,.453,.000,.600,.455,.436,C,oggal01"
"436,Josh McRoberts,0.3,0.3,2016-17,29,MIA,22,14,381,44,118,31,87,13,31,6,9,23,51,74,50,10,4,23,31,107,.373,.356,.419,.667,.439,.428,F,mcrobjo01"
"437,Rex Walters,0.3,0.3,1999-00,29,MIA,33,0,389,38,91,33,71,5,20,12,16,8,28,36,65,6,0,29,44,93,.418,.465,.250,.750,.474,.445,G,waltere01"
"438,Derrick Jones Jr.,0.3,0.3,2017-18,20,MIA,14,8,212,19,49,16,33,3,16,11,18,19,15,34,6,3,9,6,22,52,.388,.485,.188,.611,.457,.418,F,jonesde02"
"439,Chris Silva,0.3,0.3,2021-22,25,MIA,9,0,88,8,15,8,15,0,0,10,12,13,22,35,7,0,1,8,20,26,.533,.533,,.833,.641,.533,F,silvach01"
"440,Stéphane Lasme,0.3,0.3,2007-08,25,MIA,15,4,303,32,71,32,71,0,0,19,32,26,27,53,3,13,22,15,35,83,.451,.451,,.594,.488,.451,F,lasmest01"
"441,Kevin Edwards,0.3,0.3,1989-90,24,MIA,78,54,2211,395,959,386,929,9,30,139,183,77,205,282,252,125,33,180,149,938,.412,.416,.300,.760,.451,.417,G,edwarke01"
"442,James Jones,0.2,0.2,2012-13,32,MIA,38,0,221,21,61,5,8,16,53,2,4,0,22,22,13,2,6,3,16,60,.344,.625,.302,.500,.478,.475,F-G,jonesja02"
"443,Keith Askins,0.2,0.2,1998-99,31,MIA,33,13,415,20,62,12,33,8,29,5,8,10,34,44,10,17,3,13,58,53,.323,.364,.276,.625,.404,.387,G-F,askinke01"
"444,Anfernee Hardaway,0.2,0.2,2007-08,36,MIA,16,8,325,22,60,14,41,8,19,8,9,3,32,35,35,19,1,13,24,60,.367,.341,.421,.889,.469,.433,G-F,hardaan01"
"445,Tang Hamilton,0.2,0.2,2001-02,23,MIA,9,2,98,10,19,10,18,0,1,0,1,6,12,18,5,4,0,2,10,20,.526,.556,.000,.000,.514,.526,F,hamilta01"
"446,Ron Grandison,0.2,0.2,1995-96,31,MIA,18,3,235,13,39,9,26,4,13,13,19,14,22,36,10,8,1,11,27,43,.333,.346,.308,.684,.454,.385,F,grandro01"
"447,Bobby Jones,0.2,0.2,2007-08,24,MIA,6,0,143,17,32,11,17,6,15,8,13,8,16,24,5,2,0,7,18,48,.531,.647,.400,.615,.636,.625,F,jonesbo02"
"448,Jim Rowinski,0.2,0.2,1989-90,29,MIA,14,0,112,14,32,14,32,0,0,22,26,17,12,29,5,1,2,10,19,50,.438,.438,,.846,.576,.438,F-C,rowinji01"
"449,Chris Silva,0.2,0.2,2020-21,24,MIA,11,0,83,9,13,8,12,1,1,11,15,7,18,25,6,1,5,9,20,30,.692,.667,1.000,.733,.765,.731,F,silvach01"
"450,Anthony Taylor,0.2,0.2,1988-89,23,MIA,21,7,368,60,151,60,149,0,2,24,32,11,23,34,43,22,5,20,37,144,.397,.403,.000,.750,.436,.397,G,tayloan01"
"451,Wang Zhizhi,0.2,0.2,2004-05,27,MIA,20,0,92,17,36,15,33,2,3,7,12,6,12,18,5,3,2,5,9,43,.472,.455,.667,.583,.521,.500,C,zhizhwa01"
"452,Luther Head,0.2,0.2,2008-09,26,MIA,10,0,176,16,43,10,27,6,16,5,8,3,22,25,23,11,1,9,22,43,.372,.370,.375,.625,.462,.442,G,headlu01"
"453,Alexander Johnson,0.2,0.2,2007-08,24,MIA,43,6,549,61,125,61,125,0,0,57,83,32,62,94,13,13,10,42,80,179,.488,.488,,.687,.554,.488,F,johnsal01"
"454,Ricky Davis,0.2,0.2,2000-01,21,MIA,7,0,70,12,29,11,28,1,1,7,8,1,6,7,11,5,2,5,7,32,.414,.393,1.000,.875,.492,.431,G,davisri01"
"455,Udonis Haslem,0.2,0.2,2016-17,36,MIA,16,0,130,11,23,11,20,0,3,9,15,8,28,36,6,6,1,8,22,31,.478,.550,.000,.600,.524,.478,F-C,hasleud01"
"456,Steve Smith,0.2,0.2,1994-95,25,MIA,2,2,62,11,29,9,17,2,12,17,22,4,2,6,7,2,1,4,9,41,.379,.529,.167,.773,.530,.414,G,smithst01"
"457,Don MacLean,0.2,0.2,2000-01,31,MIA,8,1,76,10,20,8,18,2,2,9,12,7,11,18,4,5,1,10,9,31,.500,.444,1.000,.750,.613,.550,F,macledo01"
"458,Anthony Carter,0.2,0.2,2001-02,26,MIA,46,18,1050,89,260,88,241,1,19,19,36,19,98,117,214,50,3,72,85,198,.342,.365,.053,.528,.359,.344,G,cartean01"
"459,Gabe Vincent,0.2,0.2,2022-23,26,MIA,12,0,306,37,97,21,44,16,53,17,21,4,24,28,36,12,2,18,34,107,.381,.477,.302,.810,.504,.464,G,vincega01"
"460,Dorell Wright,0.2,0.2,2005-06,20,MIA,20,2,132,20,43,17,37,3,6,15,17,2,30,32,8,3,1,14,12,58,.465,.459,.500,.882,.574,.500,F-G,wrighdo01"
"461,Duncan Robinson,0.2,0.2,2022-23,28,MIA,12,0,202,27,75,8,19,19,56,6,7,3,27,30,16,0,0,4,23,79,.360,.421,.339,.857,.506,.487,G-F,robindu01"
"462,Jon Sundvold,0.2,0.2,1990-91,29,MIA,24,0,225,43,107,28,72,15,35,11,11,3,6,9,24,7,0,16,11,112,.402,.389,.429,1.000,.501,.472,G,sundvjo01"
"463,Duncan Robinson,0.2,0.2,2018-19,24,MIA,15,1,161,18,46,8,11,10,35,4,6,2,17,19,5,5,0,4,11,50,.391,.727,.286,.667,.514,.500,G-F,robindu01"
"464,Okaro White,0.2,0.2,2017-18,25,MIA,6,4,80,7,16,3,5,4,11,2,3,3,8,11,2,1,1,1,6,20,.438,.600,.364,.667,.577,.563,F,whiteok01"
"465,Gabe Vincent,0.2,0.2,2020-21,24,MIA,50,7,655,88,233,42,84,46,149,20,23,10,46,56,67,21,2,34,79,242,.378,.500,.309,.870,.498,.476,G,vincega01"
"466,Justin Hamilton,0.1,0.1,2013-14,23,MIA,7,0,68,9,20,6,11,3,9,5,5,4,3,7,0,4,0,3,8,26,.450,.545,.333,1.000,.586,.525,C,hamilju01"
"467,Todd Day,0.1,0.1,1997-98,28,MIA,5,0,69,11,31,9,19,2,12,6,9,4,2,6,7,7,0,3,10,30,.355,.474,.167,.667,.429,.387,G-F,dayto01"
"468,Daequan Cook,0.1,0.1,2009-10,22,MIA,45,3,691,81,253,41,127,40,126,21,25,9,73,82,43,14,10,24,50,223,.320,.323,.317,.840,.422,.399,G,cookda02"
"469,KZ Okpala,0.1,0.1,2020-21,21,MIA,37,9,447,36,96,24,46,12,50,8,15,21,47,68,19,10,11,15,59,92,.375,.522,.240,.533,.448,.438,F,okpalkz01"
"470,Pat Cummings,0.1,0.1,1989-90,33,MIA,37,1,391,77,159,77,159,0,0,21,37,28,65,93,13,12,4,32,60,175,.484,.484,,.568,.499,.484,F-C,cummipa01"
"471,Haywood Highsmith,0.1,0.1,2021-22,25,MIA,19,1,163,16,46,7,18,9,28,2,5,10,16,26,6,2,3,3,13,43,.348,.389,.321,.400,.446,.446,F,highsha01"
"472,Alec Kessler,0.1,0.1,1993-94,27,MIA,15,0,66,11,25,6,16,5,9,6,8,4,6,10,2,1,1,5,14,33,.440,.375,.556,.750,.579,.540,F-C,kesslal01"
"473,Kyle Guy,0.1,0.1,2021-22,24,MIA,19,0,186,26,65,12,25,14,40,8,12,4,13,17,17,7,1,13,12,74,.400,.480,.350,.667,.526,.508,G,guyky01"
"474,Gerald Fitch,0.1,0.1,2005-06,23,MIA,18,1,239,30,89,23,63,7,26,17,23,7,23,30,33,7,5,15,28,84,.337,.365,.269,.739,.424,.376,G,fitchge01"
"475,Chris Andersen,0.1,0.1,2015-16,37,MIA,7,1,36,4,10,2,5,2,5,3,4,3,6,9,3,1,3,2,4,13,.400,.400,.400,.750,.553,.500,C-F,anderch01"
"476,Mychal Mulder,0.1,0.1,2021-22,27,MIA,2,1,44,4,10,0,2,4,8,2,2,0,3,3,2,0,1,0,1,14,.400,.000,.500,1.000,.643,.600,G-F,muldemy01"
"477,Sherman Douglas,0.1,0.1,1991-92,25,MIA,5,2,98,16,31,16,30,0,1,5,7,1,5,6,19,4,0,8,10,37,.516,.533,.000,.714,.543,.516,G,douglsh01"
"478,Maurice Harkless,0.1,0.1,2020-21,27,MIA,11,3,124,5,13,0,2,5,11,0,2,2,11,13,7,2,4,3,14,15,.385,.000,.455,.000,.540,.577,F-G,harklma01"
"479,Willie Burton,0.1,0.1,1992-93,24,MIA,26,8,451,54,141,49,126,5,15,91,127,22,48,70,16,13,16,50,58,204,.383,.389,.333,.717,.518,.401,F-G,burtowi01"
"480,Todd Mitchell,0.1,0.1,1988-89,22,MIA,22,0,320,41,88,41,88,0,0,36,60,17,30,47,20,15,2,29,49,118,.466,.466,,.600,.516,.466,F,mitchto01"
"481,Tyrone Hill,0.1,0.1,2003-04,35,MIA,5,0,38,3,5,3,5,0,0,3,4,5,3,8,0,0,1,2,10,9,.600,.600,,.750,.666,.600,F,hillty01"
"482,Mario Chalmers,0.1,0.1,2015-16,29,MIA,6,0,120,10,32,9,21,1,11,12,13,1,13,14,19,8,1,9,16,33,.313,.429,.091,.923,.437,.328,G,chalmma01"
"483,Solomon Hill,0.1,0.1,2019-20,28,MIA,11,1,187,14,45,7,21,7,24,14,16,5,16,21,10,12,5,11,12,49,.311,.333,.292,.875,.471,.389,F,hillso01"
"484,Marcus Garrett,0.1,0.1,2021-22,23,MIA,12,0,128,5,21,4,17,1,4,2,5,9,14,23,7,5,3,2,16,13,.238,.235,.250,.400,.280,.262,G,garrema01"
"485,Dion Waiters,0.1,0.1,2017-18,26,MIA,30,30,918,163,410,111,240,52,170,51,69,8,69,77,113,23,9,70,61,429,.398,.463,.306,.739,.487,.461,G,waitedi01"
"486,Marcus Banks,0.1,0.1,2008-09,27,MIA,16,0,166,15,39,13,25,2,14,10,15,0,15,15,22,10,2,11,21,42,.385,.520,.143,.667,.461,.410,G,banksma01"
"487,Javonte Smart,0.1,0.1,2021-22,22,MIA,4,0,40,8,17,4,8,4,9,0,0,1,4,5,2,2,1,2,1,20,.471,.500,.444,,.588,.588,G,smartja01"
"488,Jeff Malone,0.1,0.1,1995-96,34,MIA,7,0,103,13,33,13,33,0,0,5,6,0,8,8,7,3,0,3,6,31,.394,.394,,.833,.435,.394,G,malonje01"
"489,Antonio Lang,0.1,0.1,1997-98,25,MIA,6,0,29,3,5,3,5,0,0,6,8,2,3,5,1,2,0,4,3,12,.600,.600,,.750,.704,.600,F-G,langan02"
"490,Nik Stauskas,0.1,0.1,2021-22,28,MIA,2,0,24,3,8,1,4,2,4,3,4,1,2,3,1,0,0,0,1,11,.375,.250,.500,.750,.564,.500,G,stausni01"
"491,Terrel Harris,0.1,0.1,2011-12,24,MIA,22,1,318,29,83,21,44,8,39,14,21,18,33,51,26,9,2,25,34,80,.349,.477,.205,.667,.434,.398,G,harrite01"
"492,Steve Smith,0.1,0.1,2004-05,35,MIA,13,0,114,9,30,6,15,3,15,2,3,2,14,16,14,2,0,3,8,23,.300,.400,.200,.667,.367,.350,G,smithst01"
"493,Jarnell Stokes,0.1,0.1,2015-16,22,MIA,5,0,14,3,5,3,5,0,0,1,2,0,2,2,1,1,0,0,1,7,.600,.600,,.500,.595,.600,F-C,stokeja01"
"494,KZ Okpala,0.1,0.1,2019-20,20,MIA,5,0,26,3,5,3,4,0,1,1,2,1,4,5,1,2,1,1,2,7,.600,.750,.000,.500,.595,.600,F,okpalkz01"
"495,Rasual Butler,0.1,0.1,2002-03,23,MIA,72,28,1514,207,572,157,401,50,171,76,104,29,157,186,93,21,43,77,105,540,.362,.392,.292,.731,.437,.406,F-G,butlera01"
"496,Udonis Haslem,0.1,0.1,2021-22,41,MIA,13,0,83,14,31,13,27,1,4,3,3,4,21,25,4,1,1,5,15,32,.452,.481,.250,1.000,.495,.468,F-C,hasleud01"
"497,Wayne Simien,0.0,0.0,2006-07,23,MIA,8,0,93,9,23,9,23,0,0,5,7,5,6,11,4,2,0,3,13,23,.391,.391,,.714,.441,.391,F,simiewa01"
"498,DeAndre Liggins,0.0,0.0,2013-14,25,MIA,1,0,1,1,1,1,1,0,0,0,0,1,0,1,0,0,0,0,0,2,1.000,1.000,,,1.000,1.000,G,liggide01"
"499,Juwan Howard,0.0,0.0,2012-13,39,MIA,7,2,51,10,19,10,19,0,0,1,1,0,8,8,6,0,0,4,9,21,.526,.526,,1.000,.540,.526,F,howarju01"
"500,Miloš Babić,0.0,0.0,1991-92,23,MIA,9,0,35,6,13,6,13,0,0,6,8,2,9,11,6,1,0,5,0,18,.462,.462,,.750,.545,.462,C-F,babicmi01"
"501,Milt Wagner,0.0,0.0,1990-91,27,MIA,13,1,116,24,57,18,40,6,17,9,11,0,7,7,15,2,3,12,14,63,.421,.450,.353,.818,.509,.474,G,wagnemi01"
"502,Briante Weber,0.0,0.0,2015-16,23,MIA,1,0,3,1,1,1,1,0,0,0,0,0,1,1,1,0,0,0,1,2,1.000,1.000,,,1.000,1.000,G,weberbr01"
"503,Joel Anthony,0.0,0.0,2013-14,31,MIA,12,0,37,2,6,2,6,0,0,2,2,2,5,7,0,0,4,1,4,6,.333,.333,,1.000,.436,.333,C,anthojo01"
"504,Kasib Powell,0.0,0.0,2007-08,26,MIA,11,4,304,35,95,27,62,8,33,6,9,8,36,44,18,9,2,5,18,84,.368,.435,.242,.667,.424,.411,F,powelka01"
"505,Udonis Haslem,0.0,0.0,2019-20,39,MIA,4,1,44,4,11,3,8,1,3,3,4,1,15,16,1,0,0,1,6,12,.364,.375,.333,.750,.470,.409,F-C,hasleud01"
"506,Udonis Haslem,0.0,0.0,2020-21,40,MIA,1,0,3,2,2,2,2,0,0,0,0,0,1,1,0,0,0,0,0,4,1.000,1.000,,,1.000,1.000,F-C,hasleud01"
"507,Dexter Pittman,0.0,0.0,2012-13,24,MIA,4,0,12,3,5,3,5,0,0,0,0,4,3,7,0,0,0,2,4,6,.600,.600,,,.600,.600,C,pittmde01"
"508,Wang Zhizhi,0.0,0.0,2003-04,26,MIA,14,0,105,17,45,13,31,4,14,5,6,4,10,14,2,3,4,6,13,43,.378,.419,.286,.833,.451,.422,C,zhizhwa01"
"509,Jon Sundvold,0.0,0.0,1991-92,30,MIA,3,0,8,1,3,0,2,1,1,0,0,0,0,0,2,0,0,0,2,3,.333,.000,1.000,,.500,.500,G,sundvjo01"
"510,Meyers Leonard,0.0,0.0,2020-21,28,MIA,3,2,29,3,7,0,0,3,7,1,2,0,7,7,2,0,0,2,5,10,.429,,.429,.500,.635,.643,C-F,leoname01"
"511,Qyntel Woods,0.0,0.0,2004-05,23,MIA,3,0,40,5,12,5,12,0,0,0,0,2,4,6,0,4,0,2,6,10,.417,.417,,,.417,.417,F,woodsqy01"
"512,Grant Long,0.0,0.0,1994-95,28,MIA,2,2,62,5,12,5,12,0,0,6,10,1,10,11,4,2,0,4,11,16,.417,.417,,.600,.488,.417,F,longgr01"
"513,Duane Causwell,0.0,0.0,2000-01,32,MIA,31,14,384,32,85,32,85,0,0,12,25,23,60,83,5,8,18,23,67,76,.376,.376,,.480,.396,.376,C,causwdu01"
"514,Mike James,0.0,0.0,2001-02,26,MIA,15,0,119,15,43,7,22,8,21,4,7,2,12,14,19,6,1,13,17,42,.349,.318,.381,.571,.456,.442,G,jamesmi01"
"515,James Ennis III,0.0,0.0,2015-16,25,MIA,3,0,7,0,0,0,0,0,0,0,0,0,0,0,1,0,0,0,1,0,,,,,,,F,ennisja01"
"516,Winston Bennett,0.0,0.0,1991-92,26,MIA,2,0,2,1,2,1,2,0,0,0,0,1,0,1,0,0,0,0,1,2,.500,.500,,,.500,.500,F,bennewi01"
"517,Bruce Bowen,0.0,0.0,1996-97,25,MIA,1,0,1,0,0,0,0,0,0,0,0,0,0,0,0,0,1,0,0,0,,,,,,,F,bowenbr01"
"518,Jerry Stackhouse,0.0,0.0,2010-11,36,MIA,7,1,50,3,12,2,8,1,4,5,7,1,6,7,3,0,2,2,3,12,.250,.250,.250,.714,.398,.292,G-F,stackje01"
"519,Emanuel Terry,0.0,0.0,2018-19,22,MIA,1,0,3,0,1,0,1,0,0,1,2,1,0,1,1,0,0,0,0,1,.000,.000,,.500,.266,.000,F,terryem01"
"520,Josh Harrellson,0.0,0.0,2012-13,23,MIA,6,0,31,4,9,3,4,1,5,1,2,3,4,7,0,1,1,3,4,10,.444,.750,.200,.500,.506,.500,C,harrejo01"
"521,Matt Fish,0.0,0.0,1996-97,27,MIA,1,0,1,0,0,0,0,0,0,0,0,0,0,0,0,0,0,0,0,0,,,,,,,C,fishma01"
"522,Nikola Jović,0.0,0.0,2022-23,19,MIA,3,0,22,3,7,3,4,0,3,0,0,1,1,2,1,2,0,1,5,6,.429,.750,.000,,.429,.429,G-F,jovicni01"
"523,Kyle Alexander,0.0,0.0,2019-20,23,MIA,2,0,13,1,2,1,2,0,0,0,0,2,1,3,0,0,0,1,1,2,.500,.500,,,.500,.500,F,alexaky01"
"524,Mickell Gladness,0.0,0.0,2011-12,25,MIA,8,0,28,1,3,1,3,0,0,0,0,1,10,11,2,1,1,3,8,2,.333,.333,,,.333,.333,C,gladnmi01"
"525,Dion Waiters,0.0,0.0,2019-20,28,MIA,3,0,42,10,26,2,9,8,17,0,1,0,11,11,3,0,2,3,5,28,.385,.222,.471,.000,.530,.538,G,waitedi01"
"526,Todd Fuller,0.0,0.0,2000-01,26,MIA,10,0,77,10,35,10,35,0,0,8,8,7,11,18,1,3,2,3,10,28,.286,.286,,1.000,.363,.286,C,fulleto02"
"527,Udonis Haslem,0.0,0.0,2022-23,42,MIA,2,0,10,1,3,1,3,0,0,1,2,0,2,2,0,0,1,0,1,3,.333,.333,,.500,.387,.333,F-C,hasleud01"
"528,Norris Cole,0.0,0.0,2011-12,23,MIA,65,2,1260,177,450,156,374,21,76,66,85,21,70,91,133,44,2,105,124,441,.393,.417,.276,.776,.452,.417,G,coleno01"
"529,Ken Johnson,0.0,0.0,2002-03,24,MIA,16,0,156,15,37,15,37,0,0,2,6,4,28,32,0,1,12,6,20,32,.405,.405,,.333,.404,.405,F-C,johnske03"
"530,Dru Smith,0.0,0.0,2022-23,25,MIA,1,0,6,1,3,1,1,0,2,0,0,0,1,1,0,1,0,0,1,2,.333,1.000,.000,,.333,.333,G,smithdr01"
"531,Yante Maten,0.0,0.0,2018-19,22,MIA,2,0,13,1,4,1,3,0,1,0,0,1,2,3,0,1,0,0,0,2,.250,.333,.000,,.250,.250,F,matenya01"
"532,Ryan Anderson,0.0,0.0,2018-19,30,MIA,10,0,44,2,9,0,3,2,6,1,2,4,5,9,2,1,0,2,2,7,.222,.000,.333,.500,.354,.333,F,anderry01"
"533,Jamie Watson,0.0,0.0,1998-99,26,MIA,3,0,18,1,2,1,2,0,0,0,0,0,1,1,1,0,0,1,1,2,.500,.500,,,.500,.500,F,watsoja01"
"534,Mark Strickland,0.0,0.0,1996-97,26,MIA,31,0,153,25,60,25,59,0,1,12,21,16,21,37,1,4,10,15,17,62,.417,.424,.000,.571,.448,.417,F,stricma01"
"535,Terry Mills,0.0,0.0,1998-99,31,MIA,1,0,29,3,8,1,4,2,4,1,2,3,1,4,0,1,0,3,3,9,.375,.250,.500,.500,.507,.500,F,millste01"
"536,Jerome Beasley,0.0,0.0,2003-04,23,MIA,2,0,5,1,3,1,3,0,0,0,0,0,1,1,0,0,0,0,0,2,.333,.333,,,.333,.333,F,beaslje01"
"537,Shavlik Randolph,0.0,0.0,2009-10,26,MIA,3,0,47,5,15,5,15,0,0,0,0,7,6,13,0,1,1,2,9,10,.333,.333,,,.333,.333,F,randosh01"
"538,Shaun Livingston,0.0,0.0,2008-09,23,MIA,4,0,41,3,8,3,8,0,0,3,4,0,2,2,4,2,0,3,4,9,.375,.375,,.750,.461,.375,G,livinsh01"
"539,Duane Causwell,0.0,0.0,1998-99,30,MIA,19,1,137,20,35,20,35,0,0,4,12,14,21,35,2,0,11,18,32,44,.571,.571,,.333,.546,.571,C,causwdu01"
"540,Luke Jackson,0.0,0.0,2007-08,26,MIA,14,1,228,26,80,15,50,11,30,16,23,7,26,33,17,8,0,9,22,79,.325,.300,.367,.696,.438,.394,F,jackslu02"
"541,Gary Alexander,0.0,0.0,1993-94,24,MIA,4,0,12,1,2,1,2,0,0,0,2,1,2,3,1,0,0,1,3,2,.500,.500,,.000,.347,.500,F,alexaga01"
"542,Blake Ahearn,0.0,0.0,2007-08,23,MIA,12,0,177,15,57,5,23,10,34,30,31,1,18,19,19,6,0,16,20,70,.263,.217,.294,.968,.495,.351,G,ahearbl01"
"543,Terrel Harris,0.0,0.0,2012-13,25,MIA,7,0,29,2,8,2,7,0,1,6,8,4,5,9,2,0,0,4,3,10,.250,.286,.000,.750,.434,.250,G,harrite01"
"544,Harold Jamison,0.0,0.0,1999-00,23,MIA,12,0,74,7,20,7,20,0,0,4,18,16,5,21,4,2,1,4,17,18,.350,.350,,.222,.322,.350,F,jamisha01"
"545,Shannon Brown,0.0,0.0,2014-15,29,MIA,5,2,89,7,19,4,12,3,7,3,4,0,1,1,3,4,0,4,8,20,.368,.333,.429,.750,.482,.447,G,brownsh01"
"546,Justise Winslow,0.0,0.0,2019-20,23,MIA,11,5,352,50,129,44,102,6,27,18,27,16,57,73,44,7,5,24,38,124,.388,.431,.222,.667,.440,.411,F,winslju01"
"547,Martin Müürsepp,0.0,0.0,1996-97,22,MIA,10,0,27,5,14,4,10,1,4,6,14,2,3,5,3,0,1,3,3,17,.357,.400,.250,.429,.422,.393,F,muursma01"
"548,Matt Walsh,0.0,0.0,2005-06,23,MIA,2,0,3,1,1,1,1,0,0,0,2,0,0,0,0,0,0,1,0,2,1.000,1.000,,.000,.532,1.000,G-F,walshma01"
"549,John Morton,0.0,0.0,1991-92,24,MIA,21,0,216,33,81,31,66,2,15,24,29,3,16,19,27,12,1,24,20,92,.407,.470,.133,.828,.491,.420,G,mortojo01"
"550,Zoran Dragić,0.0,0.0,2014-15,25,MIA,10,1,62,9,22,6,13,3,9,1,2,3,2,5,4,2,0,5,5,22,.409,.462,.333,.500,.481,.477,G-F,dragizo01"
"551,Matt Williams,0.0,0.0,2017-18,24,MIA,3,0,11,2,6,1,1,1,5,0,0,0,1,1,0,0,0,1,1,5,.333,1.000,.200,,.417,.417,G,willima05"
"552,Daryl Macon,0.0,0.0,2019-20,24,MIA,4,0,14,1,3,0,1,1,2,0,0,0,0,0,1,0,0,2,1,3,.333,.000,.500,,.500,.500,G,maconda01"
"553,Tim James,-0.1,-0.1,1999-00,23,MIA,4,0,23,5,14,5,14,0,0,1,3,3,1,4,2,0,3,2,1,11,.357,.357,,.333,.359,.357,F,jamesti01"
"554,Dexter Pittman,-0.1,-0.1,2010-11,22,MIA,2,0,11,1,3,1,3,0,0,0,0,1,2,3,0,0,0,2,2,2,.333,.333,,,.333,.333,C,pittmde01"
"555,Morlon Wiley,-0.1,-0.1,1993-94,27,MIA,4,0,34,3,8,2,4,1,4,0,0,0,4,4,7,2,0,6,4,7,.375,.500,.250,,.438,.438,G,wileymo01"
"556,Dorell Wright,-0.1,-0.1,2004-05,19,MIA,3,0,27,3,11,3,7,0,4,1,1,0,1,1,3,4,0,3,2,7,.273,.429,.000,1.000,.306,.273,F-G,wrighdo01"
"557,Michael Beasley,-0.1,-0.1,2014-15,26,MIA,24,1,505,92,212,84,178,8,34,20,26,12,77,89,32,15,13,37,66,212,.434,.472,.235,.769,.474,.453,F,beaslmi01"
"558,Andre Dawkins,-0.1,-0.1,2014-15,23,MIA,4,0,22,1,6,0,0,1,6,0,0,0,2,2,1,0,0,1,3,3,.167,,.167,,.250,.250,G,dawkian01"
"559,Eddy Curry,-0.1,-0.1,2011-12,29,MIA,14,1,83,12,26,12,26,0,0,6,8,4,8,12,1,0,2,10,17,30,.462,.462,,.750,.508,.462,C,curryed01"
"560,Scott Haffner,-0.1,-0.1,1989-90,23,MIA,43,6,559,88,217,85,196,3,21,17,25,7,44,51,80,13,2,33,53,196,.406,.434,.143,.680,.430,.412,G,haffnsc01"
"561,Udonis Haslem,-0.1,-0.1,2017-18,37,MIA,14,0,72,3,15,2,7,1,8,1,2,3,7,10,5,0,2,2,3,8,.200,.286,.125,.500,.252,.233,F-C,hasleud01"
"562,Mark Davis,-0.1,-0.1,1998-99,25,MIA,4,1,35,2,6,2,6,0,0,5,6,2,5,7,1,1,0,7,12,9,.333,.333,,.833,.521,.333,G-F,davisma02"
"563,Dave Popson,-0.1,-0.1,1988-89,24,MIA,7,0,38,5,15,5,15,0,0,1,2,7,4,11,2,0,1,4,8,11,.333,.333,,.500,.346,.333,F-C,popsoda01"
"564,Kelvin Upshaw,-0.1,-0.1,1988-89,26,MIA,9,0,144,26,63,25,58,1,5,4,6,4,9,13,20,7,0,13,18,57,.413,.431,.200,.667,.434,.421,G,upshake01"
"565,Jarvis Varnado,-0.1,-0.1,2012-13,24,MIA,8,0,40,1,3,1,3,0,0,0,0,1,5,6,2,0,2,5,9,2,.333,.333,,,.333,.333,F,varnaja01"
"566,Mark Blount,-0.1,-0.1,2008-09,33,MIA,20,0,207,30,78,19,51,11,27,8,13,10,31,41,4,1,7,14,17,79,.385,.373,.407,.615,.472,.455,C,blounma01"
"567,Yakhouba Diawara,-0.1,-0.1,2009-10,27,MIA,6,2,44,2,10,1,4,1,6,0,0,1,3,4,3,1,0,3,8,5,.200,.250,.167,,.250,.250,G-F,diawaya01"
"568,Udonis Haslem,-0.1,-0.1,2018-19,38,MIA,10,1,74,11,33,11,21,0,12,3,4,3,24,27,2,0,0,3,9,25,.333,.524,.000,.750,.360,.333,F-C,hasleud01"
"569,Sam Mack,-0.1,-0.1,2001-02,31,MIA,12,1,159,14,49,7,21,7,28,5,7,2,12,14,4,5,1,7,17,40,.286,.333,.250,.714,.384,.357,F-G,macksa01"
"570,Haywood Highsmith,-0.1,-0.1,2022-23,26,MIA,5,0,27,1,6,1,2,0,4,0,0,0,4,4,0,3,0,3,1,2,.167,.500,.000,,.167,.167,F,highsha01"
"571,Justise Winslow,-0.1,-0.1,2016-17,20,MIA,18,15,625,80,225,73,190,7,35,29,47,23,71,94,66,26,6,33,52,196,.356,.384,.200,.617,.399,.371,F,winslju01"
"572,Kirk Penney,-0.1,-0.1,2003-04,23,MIA,2,0,18,1,6,0,3,1,3,0,0,0,1,1,1,1,0,3,1,3,.167,.000,.333,,.250,.250,G,penneki01"
"573,James Scott,-0.1,-0.1,1996-97,24,MIA,8,0,32,0,8,0,4,0,4,1,2,1,5,6,3,2,0,2,5,1,.000,.000,.000,.500,.056,.000,F,scottja01"
"574,LeRon Ellis,-0.1,-0.1,1995-96,26,MIA,12,1,74,5,22,5,22,0,0,3,6,5,3,8,4,2,3,3,11,13,.227,.227,,.500,.264,.227,F-C,ellisle02"
"575,Bimbo Coles,-0.1,-0.1,2003-04,35,MIA,22,1,170,12,34,12,34,0,0,4,6,2,8,10,15,3,0,9,27,28,.353,.353,,.667,.382,.353,G,colesbi01"
"576,Dorell Wright,-0.1,-0.1,2008-09,23,MIA,6,0,73,8,20,8,20,0,0,2,6,2,18,20,2,2,0,6,8,18,.400,.400,,.333,.398,.400,F-G,wrighdo01"
"577,Terrence Rencher,-0.1,-0.1,1995-96,22,MIA,34,1,397,32,99,23,70,9,29,30,43,9,33,42,54,16,1,41,36,103,.323,.329,.310,.698,.437,.369,G,renchte01"
"578,Dwyane Wade,-0.1,-0.1,2017-18,36,MIA,21,0,467,101,247,92,206,9,41,41,55,11,60,71,65,19,15,48,40,252,.409,.447,.220,.745,.465,.427,G,wadedw01"
"579,Victor Oladipo,-0.1,-0.1,2020-21,28,MIA,4,4,111,16,43,12,26,4,17,12,18,3,11,14,14,7,2,14,13,48,.372,.462,.235,.667,.471,.419,G,oladivi01"
"580,Alec Kessler,-0.1,-0.1,1990-91,24,MIA,78,18,1259,199,468,199,464,0,4,88,131,115,221,336,31,17,26,108,189,486,.425,.429,.000,.672,.462,.425,F-C,kesslal01"
"581,Marty Conlon,-0.1,-0.1,1998-99,31,MIA,7,0,35,3,13,3,13,0,0,2,2,1,4,5,1,0,1,3,6,8,.231,.231,,1.000,.288,.231,F-C,conloma01"
"582,Ernest Brown,-0.2,-0.2,2001-02,22,MIA,3,0,21,1,6,1,6,0,0,1,4,1,5,6,0,0,1,3,4,3,.167,.167,,.250,.193,.167,C,browner01"
"583,Robert Hite,-0.2,-0.2,2006-07,23,MIA,12,0,136,19,60,14,37,5,23,8,12,4,12,16,8,3,2,6,8,51,.317,.378,.217,.667,.391,.358,G,hitero01"
"584,Earl Barron,-0.2,-0.2,2005-06,24,MIA,8,0,45,5,16,5,16,0,0,3,4,2,8,10,0,0,0,5,10,13,.313,.313,,.750,.366,.313,C,barroea01"
"585,Craig Neal,-0.2,-0.2,1988-89,24,MIA,32,0,341,34,88,26,63,8,25,13,21,4,14,18,86,15,4,40,46,89,.386,.413,.320,.619,.458,.432,G,nealcr01"
"586,Kevin Edwards,-0.2,-0.2,1988-89,23,MIA,79,62,2349,470,1105,460,1068,10,37,144,193,85,177,262,349,139,27,246,154,1094,.425,.431,.270,.746,.460,.430,G,edwarke01"
"587,Sean Marks,-0.2,-0.2,2002-03,27,MIA,23,0,223,22,59,22,58,0,1,10,15,8,27,35,3,5,6,14,37,54,.373,.379,.000,.667,.412,.373,F-C,marksse01"
"588,Stacey King,-0.2,-0.2,1995-96,29,MIA,15,0,156,17,36,17,36,0,0,4,8,9,14,23,2,7,2,18,39,38,.472,.472,,.500,.481,.472,F-C,kingst01"
"589,Gabe Vincent,-0.2,-0.2,2019-20,23,MIA,9,0,83,8,37,2,10,6,27,0,0,0,5,5,6,5,0,1,6,22,.216,.200,.222,,.297,.297,G,vincega01"
"590,Charles Smith,-0.2,-0.2,1997-98,22,MIA,11,0,32,4,18,3,15,1,3,1,2,5,3,8,2,2,1,6,3,10,.222,.200,.333,.500,.265,.250,G,smithch04"
"591,Luke Babbitt,-0.2,-0.2,2017-18,28,MIA,13,5,145,11,47,0,2,11,45,0,0,2,13,15,5,1,2,4,7,33,.234,.000,.244,,.351,.351,F,babbilu01"
"592,Smush Parker,-0.2,-0.2,2007-08,26,MIA,9,0,183,17,54,11,30,6,24,3,4,2,17,19,15,5,3,8,13,43,.315,.367,.250,.750,.386,.370,G,parkesm01"
"593,Anthony Carter,-0.2,-0.2,2002-03,27,MIA,49,26,912,83,233,83,225,0,8,33,50,12,71,83,203,45,5,81,70,199,.356,.369,.000,.660,.390,.356,G,cartean01"
"594,Jamal Robinson,-0.2,-0.2,2000-01,27,MIA,6,0,72,3,22,3,20,0,2,0,0,3,8,11,2,6,0,3,7,6,.136,.150,.000,,.136,.136,F,robinja03"
"595,Manute Bol,-0.3,-0.3,1993-94,31,MIA,8,0,61,1,12,1,9,0,3,0,0,1,10,11,0,0,6,5,4,2,.083,.111,.000,,.083,.083,C,bolma01"
"596,Earl Barron,-0.3,-0.3,2006-07,25,MIA,28,0,203,24,83,24,82,0,1,17,18,19,22,41,5,6,4,11,21,65,.289,.293,.000,.944,.357,.289,C,barroea01"
"597,Antoine Walker,-0.3,-0.3,2006-07,30,MIA,78,15,1818,265,668,181,363,84,305,46,105,92,247,339,130,48,17,141,173,660,.397,.499,.275,.438,.462,.460,F,walkean02"
"598,Juwan Howard,-0.3,-0.3,2011-12,38,MIA,28,0,190,17,55,17,55,0,0,8,10,18,29,47,10,4,1,20,18,42,.309,.309,,.800,.354,.309,F,howarju01"
"599,Earl Barron,-0.4,-0.4,2007-08,26,MIA,46,15,889,132,327,131,314,1,13,61,87,67,131,198,29,19,8,48,114,326,.404,.417,.077,.701,.446,.405,C,barroea01"
"600,Daequan Cook,-0.4,-0.4,2007-08,20,MIA,59,19,1441,196,514,117,276,79,238,47,57,20,157,177,75,23,9,63,157,518,.381,.424,.332,.825,.480,.458,G,cookda02"
"601,Harold Miner,-0.4,-0.4,1994-95,23,MIA,45,16,871,123,305,109,256,14,49,69,95,38,79,117,69,15,6,77,85,329,.403,.426,.286,.726,.474,.426,G,minerha01"
"602,Rony Seikaly,-0.5,-0.5,1988-89,23,MIA,78,62,1962,333,744,332,740,1,4,181,354,204,345,549,55,46,96,200,258,848,.448,.449,.250,.511,.471,.448,C,seikaro01"