"1,Gerald Wallace,11.5,11.5,2009-10,27,CHA,76,76,3119,456,943,404,803,52,140,422,544,150,612,762,161,117,83,178,194,1386,.484,.503,.371,.776,.586,.511,F,wallage01"
"2,Anthony Mason,11.4,11.4,1996-97,30,CHH,73,73,3143,433,825,432,822,1,3,319,428,186,643,829,414,76,33,165,202,1186,.525,.526,.333,.745,.585,.525,F,masonan01"
"3,Glen Rice,10.8,10.8,1996-97,29,CHH,79,78,3362,722,1513,515,1073,207,440,464,535,67,251,318,160,72,26,177,190,2115,.477,.480,.470,.867,.605,.546,F,ricegl01"
"4,Larry Johnson,10.1,10.1,1995-96,26,CHH,81,81,3274,583,1225,516,1042,67,183,427,564,249,434,683,355,55,43,182,173,1660,.476,.495,.366,.757,.563,.503,F,johnsla02"
"5,Eddie Jones,10.1,10.1,1999-00,28,CHH,72,72,2807,478,1119,350,778,128,341,362,419,81,262,343,305,192,49,160,176,1446,.427,.450,.375,.864,.555,.484,G-F,jonesed02"
"6,Kemba Walker,9.9,9.9,2015-16,25,CHO,81,81,2885,568,1331,386,841,182,490,371,438,56,301,357,421,126,39,171,111,1689,.427,.459,.371,.847,.554,.495,G,walkeke02"
"7,Larry Johnson,9.6,9.6,1992-93,23,CHH,82,82,3323,728,1385,710,1314,18,71,336,438,281,583,864,353,53,27,227,187,1810,.526,.540,.254,.767,.574,.532,F,johnsla02"
"8,Gerald Wallace,9.5,9.5,2008-09,26,CHA,71,71,2669,389,811,350,680,39,131,365,454,112,441,553,189,121,67,148,210,1182,.480,.515,.298,.804,.585,.504,F,wallage01"
"9,Alonzo Mourning,9.4,9.4,1994-95,24,CHH,77,77,2941,571,1101,560,1067,11,34,490,644,200,561,761,111,49,225,241,275,1643,.519,.525,.324,.761,.593,.524,C,mournal01"
"10,Glen Rice,9.3,9.3,1997-98,30,CHH,82,82,3295,634,1386,504,1086,130,300,428,504,89,264,353,182,77,22,182,200,1826,.457,.464,.433,.849,.568,.504,F,ricegl01"
"11,Anthony Mason,9.3,9.3,1997-98,31,CHH,81,80,3148,389,764,389,760,0,4,261,402,177,649,826,342,68,18,146,182,1039,.509,.512,.000,.649,.552,.509,F,masonan01"
"12,Baron Davis,8.9,8.9,2000-01,21,CHH,82,82,3192,409,957,324,683,85,274,228,337,129,279,408,598,170,36,226,267,1131,.427,.474,.310,.677,.512,.472,G,davisba01"
"13,Larry Johnson,8.9,8.9,1991-92,22,CHH,82,77,3047,616,1258,611,1236,5,22,339,409,323,576,899,292,81,51,160,225,1576,.490,.494,.227,.829,.548,.492,F,johnsla02"
"14,Anthony Mason,8.9,8.9,1999-00,33,CHH,82,81,3133,317,661,317,660,0,1,314,421,145,554,699,367,74,29,160,220,948,.480,.480,.000,.746,.560,.480,F,masonan01"
"15,Hersey Hawkins,8.7,8.7,1994-95,28,CHH,82,82,2731,390,809,259,511,131,298,261,301,60,254,314,262,122,18,150,178,1172,.482,.507,.440,.867,.622,.563,G,hawkihe01"
"16,Muggsy Bogues,8.6,8.6,1994-95,30,CHH,78,78,2629,348,730,342,700,6,30,160,180,51,206,257,675,103,0,132,151,862,.477,.489,.200,.889,.533,.481,G,boguemu01"
"17,Kemba Walker,8.6,8.6,2017-18,27,CHO,80,80,2736,588,1363,357,762,231,601,363,420,32,216,248,444,91,24,179,98,1770,.431,.469,.384,.864,.572,.516,G,walkeke02"
"18,Larry Johnson,8.5,8.5,1994-95,25,CHH,81,81,3234,585,1219,504,1009,81,210,274,354,190,395,585,369,78,28,207,174,1525,.480,.500,.386,.774,.555,.513,F,johnsla02"
"19,Glen Rice,8.3,8.3,1995-96,28,CHH,79,79,3142,610,1296,439,893,171,403,319,381,86,292,378,232,91,19,163,217,1710,.471,.492,.424,.837,.584,.537,F,ricegl01"
"20,Emeka Okafor,8.2,8.2,2008-09,26,CHA,82,81,2691,433,772,433,772,0,0,219,369,275,552,827,53,48,136,144,247,1085,.561,.561,,.593,.581,.561,C-F,okafoem01"
"21,P.J. Brown,8.2,8.2,2001-02,32,CHH,80,80,2563,250,527,250,527,0,0,169,197,273,513,786,107,59,78,85,222,669,.474,.474,,.858,.545,.474,F-C,brownpj01"
"22,Baron Davis,8.2,8.2,2001-02,22,CHH,82,82,3318,559,1341,389,863,170,478,196,338,93,256,349,698,172,47,246,241,1484,.417,.451,.356,.580,.498,.480,G,davisba01"
"23,Alonzo Mourning,8.2,8.2,1992-93,22,CHH,78,78,2644,572,1119,572,1116,0,3,495,634,263,542,805,76,27,271,236,286,1639,.511,.513,.000,.781,.586,.511,C,mournal01"
"24,Kemba Walker,8.1,8.1,2016-17,26,CHO,79,79,2739,643,1449,403,847,240,602,304,359,45,263,308,434,85,22,168,119,1830,.444,.476,.399,.847,.569,.527,G,walkeke02"
"25,P.J. Brown,8.0,8.0,2000-01,31,CHH,80,79,2811,249,561,249,557,0,4,178,209,257,485,742,127,78,92,108,260,676,.444,.447,.000,.852,.518,.444,F-C,brownpj01"
"26,Marvin Williams,7.8,7.8,2015-16,29,CHO,81,81,2338,338,747,186,369,152,378,120,144,127,394,521,110,58,77,62,133,948,.452,.504,.402,.833,.585,.554,F,willima02"
"27,Al Jefferson,7.8,7.8,2013-14,29,CHA,73,73,2553,700,1376,697,1361,3,15,191,277,156,636,792,155,67,79,124,176,1594,.509,.512,.200,.690,.532,.510,C-F,jeffeal01"
"28,Gerald Wallace,7.7,7.7,2006-07,24,CHA,72,71,2640,478,952,439,832,39,120,309,447,142,376,518,185,144,69,160,209,1304,.502,.528,.325,.691,.568,.523,F,wallage01"
"29,David Wesley,7.6,7.6,2000-01,30,CHH,82,82,3106,523,1239,426,981,97,258,271,339,64,160,224,361,128,16,171,220,1414,.422,.434,.376,.799,.509,.461,G,wesleda01"
"30,Elden Campbell,7.6,7.6,2001-02,33,CHH,77,74,2156,384,794,384,792,0,2,306,384,133,397,530,102,60,137,138,264,1074,.484,.485,.000,.797,.558,.484,C,campbel01"
"31,Jason Richardson,7.4,7.4,2007-08,27,CHA,82,82,3149,648,1468,405,869,243,599,249,331,80,361,441,258,116,57,166,241,1788,.441,.466,.406,.752,.554,.524,G,richaja01"
"32,Kemba Walker,7.4,7.4,2018-19,28,CHO,82,82,2863,731,1684,471,953,260,731,380,450,52,309,361,484,102,34,211,131,2102,.434,.494,.356,.844,.558,.511,G,walkeke02"
"33,Jamal Mashburn,7.3,7.3,2000-01,28,CHH,76,76,2989,573,1388,470,1099,103,289,279,364,92,484,576,411,85,13,211,185,1528,.413,.428,.356,.766,.493,.450,F,mashbja01"
"34,Vlade Divac,7.3,7.3,1996-97,28,CHH,81,80,2840,418,847,407,800,11,47,177,259,241,484,725,301,103,180,193,277,1024,.494,.509,.234,.683,.533,.500,C,divacvl01"
"35,Miles Bridges,7.2,7.2,2021-22,23,CHO,80,80,2837,596,1214,442,749,154,465,267,333,90,469,559,300,74,67,150,193,1613,.491,.590,.331,.802,.593,.554,G-F,bridgmi02"
"36,Emeka Okafor,7.1,7.1,2006-07,24,CHA,67,65,2329,394,740,394,740,0,0,175,295,258,499,757,80,57,172,111,210,963,.532,.532,,.593,.554,.532,C-F,okafoem01"
"37,Dwight Howard,6.8,6.8,2017-18,32,CHO,81,81,2463,506,911,505,904,1,7,334,582,255,757,1012,105,48,131,208,249,1347,.555,.559,.143,.574,.577,.556,C,howardw01"
"38,Muggsy Bogues,6.7,6.7,1989-90,25,CHH,81,65,2743,326,664,321,638,5,26,106,134,48,159,207,867,166,3,146,168,763,.491,.503,.192,.791,.528,.495,G,boguemu01"
"39,Derrick Coleman,6.5,6.5,1999-00,32,CHH,74,64,2347,446,979,395,838,51,141,296,377,124,508,632,175,34,130,173,195,1239,.456,.471,.362,.785,.541,.482,F-C,colemde01"
"40,Raymond Felton,6.5,6.5,2009-10,25,CHA,80,80,2643,388,846,328,690,60,156,132,173,53,235,288,446,123,22,168,172,968,.459,.475,.385,.763,.525,.494,G,feltora01"
"41,Hersey Hawkins,6.5,6.5,1993-94,27,CHH,82,82,2648,395,859,317,624,78,235,312,362,89,288,377,216,135,22,158,167,1180,.460,.508,.332,.862,.579,.505,G,hawkihe01"
"42,Josh McRoberts,6.5,6.5,2013-14,26,CHA,78,78,2360,247,566,142,275,105,291,62,85,85,288,373,333,58,46,83,189,661,.436,.516,.361,.729,.548,.529,F,mcrobjo01"
"43,Gerald Wallace,6.4,6.4,2005-06,23,CHA,55,52,1895,317,589,303,539,14,50,188,306,123,289,412,96,138,115,99,150,836,.538,.562,.280,.614,.578,.550,F,wallage01"
"44,Muggsy Bogues,6.4,6.4,1993-94,29,CHH,77,77,2746,354,751,352,739,2,12,125,155,78,235,313,780,133,2,171,147,835,.471,.476,.167,.806,.510,.473,G,boguemu01"
"45,Elden Campbell,6.4,6.4,2000-01,32,CHH,78,78,2337,367,834,367,828,0,6,288,406,157,451,608,104,60,140,144,280,1022,.440,.443,.000,.709,.505,.440,C,campbel01"
"46,Alonzo Mourning,6.3,6.3,1993-94,23,CHH,60,59,2018,427,845,427,843,0,2,433,568,177,433,610,86,27,188,199,207,1287,.505,.507,.000,.762,.588,.505,C,mournal01"
"47,Cody Zeller,6.3,6.3,2015-16,23,CHO,73,60,1774,231,437,230,427,1,10,175,232,138,317,455,71,57,63,68,204,638,.529,.539,.100,.754,.592,.530,C-F,zelleco01"
"48,Boris Diaw,6.2,6.2,2009-10,27,CHA,82,82,2906,373,773,307,567,66,206,113,147,131,293,424,325,60,57,178,219,925,.483,.541,.320,.769,.552,.525,F-C,diawbo01"
"49,D.J. Augustin,6.2,6.2,2010-11,23,CHA,82,82,2757,399,958,288,625,111,333,269,297,38,187,225,498,54,3,155,152,1178,.416,.461,.333,.906,.541,.474,G,augusdj01"
"50,David Wesley,6.1,6.1,1999-00,29,CHH,82,82,2760,407,955,319,707,88,248,214,275,39,186,225,463,109,11,159,186,1116,.426,.451,.355,.778,.519,.472,G,wesleda01"
"51,Vlade Divac,5.9,5.9,1997-98,29,CHH,64,41,1805,267,536,264,522,3,14,130,188,183,335,518,172,83,94,114,179,667,.498,.506,.214,.691,.539,.501,C,divacvl01"
"52,Matt Geiger,5.9,5.9,1997-98,28,CHH,78,42,1839,358,709,357,698,1,11,168,236,196,325,521,78,68,87,111,191,885,.505,.511,.091,.712,.544,.506,C,geigema01"
"53,Terry Rozier,5.9,5.9,2021-22,27,CHO,73,73,2458,518,1167,296,574,222,593,150,176,56,259,315,326,93,25,96,119,1408,.444,.516,.374,.852,.566,.539,G,roziete01"
"54,Muggsy Bogues,5.9,5.9,1992-93,28,CHH,81,80,2833,331,730,325,704,6,26,140,168,51,247,298,711,161,5,154,179,808,.453,.462,.231,.833,.503,.458,G,boguemu01"
"55,Michael Kidd-Gilchrist,5.8,5.8,2016-17,23,CHO,81,81,2349,295,618,294,609,1,9,152,194,156,409,565,114,81,77,56,187,743,.477,.483,.111,.784,.528,.478,F,kiddgmi01"
"56,LaMelo Ball,5.8,5.8,2021-22,20,CHO,75,75,2422,538,1254,318,689,220,565,212,243,108,393,501,571,119,30,245,237,1508,.429,.462,.389,.872,.554,.517,G,ballla01"
"57,Emeka Okafor,5.8,5.8,2007-08,25,CHA,82,82,2718,460,860,460,860,0,0,213,374,255,621,876,70,62,138,164,241,1133,.535,.535,,.570,.553,.535,C-F,okafoem01"
"58,David Wesley,5.8,5.8,1997-98,27,CHH,81,81,2845,383,864,324,694,59,170,229,288,49,164,213,529,140,30,226,229,1054,.443,.467,.347,.795,.532,.477,G,wesleda01"
"59,Jamaal Magloire,5.7,5.7,2001-02,23,CHH,82,8,1549,228,414,228,413,0,1,243,333,153,308,461,31,27,86,118,201,699,.551,.552,.000,.730,.624,.551,C,magloja01"
"60,Scott Burrell,5.6,5.6,1994-95,24,CHH,65,62,2014,277,593,181,358,96,235,100,144,96,272,368,161,75,40,85,187,750,.467,.506,.409,.694,.571,.548,G-F,burresc01"
"61,Cody Zeller,5.6,5.6,2016-17,24,CHO,62,58,1725,253,443,253,442,0,1,133,196,135,270,405,99,62,58,65,189,639,.571,.572,.000,.679,.604,.571,C-F,zelleco01"
"62,Elden Campbell,5.5,5.5,1999-00,31,CHH,78,77,2538,370,829,370,823,0,6,247,358,168,422,590,129,56,150,127,269,987,.446,.450,.000,.690,.500,.446,C,campbel01"
"63,Jeremy Lamb,5.3,5.3,2018-19,26,CHO,79,55,2250,431,979,316,649,115,330,231,260,65,369,434,172,88,32,80,140,1208,.440,.487,.348,.888,.552,.499,G-F,lambje01"
"64,Terry Rozier,5.2,5.2,2020-21,26,CHO,69,69,2383,510,1134,288,563,222,571,165,202,47,255,302,293,87,26,128,119,1407,.450,.512,.389,.817,.575,.548,G,roziete01"
"65,Dell Curry,5.1,5.1,1995-96,31,CHH,82,29,2371,441,974,277,568,164,406,146,171,68,196,264,176,108,25,130,173,1192,.453,.488,.404,.854,.568,.537,G,curryde01"
"66,D.J. Augustin,5.1,5.1,2008-09,21,CHA,72,12,1908,267,621,159,375,108,246,208,233,17,116,133,250,42,2,119,140,850,.430,.424,.439,.893,.587,.517,G,augusdj01"
"67,Kemba Walker,5.1,5.1,2013-14,23,CHA,73,73,2614,449,1143,340,816,109,327,282,337,39,267,306,447,86,32,169,128,1289,.393,.417,.333,.837,.499,.441,G,walkeke02"
"68,Marvin Williams,5.0,5.0,2016-17,30,CHO,76,76,2295,297,704,173,350,124,354,131,150,89,411,500,106,58,53,60,134,849,.422,.494,.350,.873,.551,.510,F,willima02"
"69,Marvin Williams,5.0,5.0,2017-18,31,CHO,78,78,2006,258,563,132,258,126,305,102,123,74,296,370,96,56,38,66,116,744,.458,.512,.413,.829,.603,.570,F,willima02"
"70,Dell Curry,5.0,5.0,1993-94,29,CHH,82,0,2173,533,1171,381,793,152,378,117,134,71,191,262,221,98,27,120,161,1335,.455,.480,.402,.873,.543,.520,G,curryde01"
"71,Stephen Jackson,5.0,5.0,2009-10,31,CHA,72,72,2829,544,1285,426,932,118,353,312,397,72,294,366,258,118,37,233,181,1518,.423,.457,.334,.786,.520,.469,F-G,jacksst02"
"72,Nicolas Batum,5.0,5.0,2015-16,27,CHO,70,70,2448,372,873,233,474,139,399,163,192,55,373,428,403,65,43,205,114,1046,.426,.492,.348,.849,.546,.506,F-G,batumni01"
"73,Muggsy Bogues,5.0,5.0,1996-97,32,CHH,65,65,1880,204,443,144,299,60,144,54,64,25,116,141,469,82,2,108,114,522,.460,.482,.417,.844,.554,.528,G,boguemu01"
"74,Primož Brezec,4.9,4.9,2004-05,25,CHA,72,72,2276,387,756,387,756,0,0,164,220,226,305,531,86,33,55,106,183,938,.512,.512,,.745,.550,.512,C,brezepr01"
"75,Brevin Knight,4.9,4.9,2005-06,30,CHA,69,67,2351,308,772,305,759,3,13,252,314,35,188,223,610,157,4,164,202,871,.399,.402,.231,.803,.478,.401,G,knighbr01"
"76,Jeremy Lamb,4.9,4.9,2017-18,25,CHO,80,18,1967,380,832,286,578,94,254,179,208,49,275,324,186,61,32,93,138,1033,.457,.495,.370,.861,.559,.513,G-F,lambje01"
"77,Kurt Rambis,4.8,4.8,1988-89,30,CHH,75,75,2233,325,627,325,624,0,3,182,248,269,434,703,159,100,57,148,208,832,.518,.521,.000,.734,.565,.518,F,rambiku01"
"78,Kemba Walker,4.8,4.8,2012-13,22,CHA,82,82,2859,526,1244,419,912,107,332,296,371,60,223,283,471,160,31,200,153,1455,.423,.459,.322,.798,.517,.466,G,walkeke02"
"79,Boris Diaw,4.8,4.8,2010-11,28,CHA,82,82,2778,381,774,303,548,78,226,84,123,105,309,414,337,74,46,166,190,924,.492,.553,.345,.683,.558,.543,F-C,diawbo01"
"80,Muggsy Bogues,4.8,4.8,1990-91,26,CHH,81,46,2299,241,524,241,512,0,12,86,108,58,158,216,669,137,3,120,160,568,.460,.471,.000,.796,.497,.460,G,boguemu01"
"81,Jason Hart,4.8,4.8,2004-05,26,CHA,74,27,1887,257,573,222,478,35,95,157,200,18,185,203,367,99,14,102,167,706,.449,.464,.368,.785,.534,.479,G,hartja01"
"82,Muggsy Bogues,4.8,4.8,1991-92,27,CHH,82,69,2790,317,671,315,644,2,27,94,120,58,177,235,743,170,6,156,156,730,.472,.489,.074,.783,.504,.474,G,boguemu01"
"83,David Wesley,4.8,4.8,1998-99,28,CHH,50,50,1848,243,545,182,375,61,170,159,191,23,138,161,322,100,10,142,130,706,.446,.485,.359,.832,.561,.502,G,wesleda01"
"84,Mason Plumlee,4.7,4.7,2021-22,31,CHO,73,73,1793,205,320,205,318,0,2,67,171,176,389,565,226,61,52,100,224,477,.641,.645,.000,.392,.603,.641,C-F,plumlma01"
"85,Al Jefferson,4.7,4.7,2014-15,30,CHO,65,61,1992,486,1010,484,1005,2,5,108,165,99,449,548,113,47,84,68,139,1082,.481,.482,.400,.655,.500,.482,C-F,jeffeal01"
"86,Kendall Gill,4.7,4.7,1991-92,23,CHH,79,79,2906,666,1427,660,1402,6,25,284,381,165,237,402,329,154,46,180,237,1622,.467,.471,.240,.745,.509,.469,G,gillke01"
"87,Gerald Wallace,4.6,4.6,2007-08,25,CHA,62,59,2376,408,908,337,687,71,221,313,428,58,315,373,216,131,58,180,189,1200,.449,.491,.321,.731,.547,.488,F,wallage01"
"88,Primož Brezec,4.6,4.6,2005-06,26,CHA,79,79,2165,409,791,409,789,0,2,164,224,181,259,440,45,19,32,85,227,982,.517,.518,.000,.732,.552,.517,C,brezepr01"
"89,Matt Carroll,4.6,4.6,2006-07,26,CHA,72,47,1878,285,658,174,391,111,267,188,208,35,172,207,91,53,9,73,176,869,.433,.445,.416,.904,.580,.517,G,carroma01"
"90,Nicolas Batum,4.6,4.6,2016-17,28,CHO,77,77,2617,393,975,258,570,135,405,243,284,46,435,481,456,86,29,194,109,1164,.403,.453,.333,.856,.529,.472,F-G,batumni01"
"91,Kenny Gattison,4.5,4.5,1991-92,27,CHH,82,71,2223,423,799,423,797,0,2,196,285,177,403,580,131,59,69,140,273,1042,.529,.531,.000,.688,.564,.529,F-C,gattike01"
"92,Brevin Knight,4.5,4.5,2004-05,29,CHA,66,61,1944,248,587,245,567,3,20,167,196,21,149,170,591,131,5,147,192,666,.422,.432,.150,.852,.495,.425,G,knighbr01"
"93,Kemba Walker,4.5,4.5,2014-15,24,CHO,62,58,2119,378,981,293,701,85,280,234,283,35,185,220,318,89,31,100,92,1075,.385,.418,.304,.827,.486,.429,G,walkeke02"
"94,Marvin Williams,4.3,4.3,2014-15,28,CHO,78,37,2035,210,495,115,230,95,265,62,87,58,328,386,100,69,36,60,146,577,.424,.500,.358,.713,.541,.520,F,willima02"
"95,Matt Geiger,4.3,4.3,1995-96,26,CHH,77,50,2349,357,666,354,658,3,8,149,205,201,448,649,60,46,63,137,290,866,.536,.538,.375,.727,.573,.538,C,geigema01"
"96,Raymond Felton,4.3,4.3,2008-09,24,CHA,82,81,3086,442,1083,383,876,59,207,219,272,54,256,310,553,126,30,228,191,1162,.408,.437,.285,.805,.483,.435,G,feltora01"
"97,Miles Bridges,4.2,4.2,2020-21,22,CHO,66,19,1932,313,622,197,332,116,290,98,113,81,316,397,147,44,52,106,143,840,.503,.593,.400,.867,.625,.596,G-F,bridgmi02"
"98,Johnny Newman,4.1,4.1,1990-91,27,CHH,81,81,2477,478,1017,448,933,30,84,385,476,94,160,254,188,100,17,189,278,1371,.470,.480,.357,.809,.559,.485,F-G,newmajo01"
"99,Armen Gilliam,4.1,4.1,1989-90,25,CHH,60,59,2159,432,819,432,817,0,2,264,363,185,344,529,91,63,46,166,184,1128,.527,.529,.000,.727,.576,.527,F-C,gilliar01"
"100,Bismack Biyombo,4.0,4.0,2014-15,22,CHO,64,21,1243,101,186,101,186,0,0,102,175,159,248,407,16,18,99,52,140,304,.543,.543,,.583,.578,.543,C-F,biyombi01"
"101,Emeka Okafor,4.0,4.0,2004-05,22,CHA,73,73,2600,448,1003,448,1002,0,1,209,343,275,520,795,64,62,125,125,214,1105,.447,.447,.000,.609,.479,.447,C-F,okafoem01"
"102,Kenny Anderson,4.0,4.0,1995-96,25,CHH,38,36,1302,206,454,150,297,56,157,109,150,26,76,102,328,59,6,88,105,577,.454,.505,.357,.727,.555,.515,G,anderke01"
"103,Boris Diaw,4.0,4.0,2008-09,26,CHA,59,59,2216,368,743,298,576,70,167,83,121,94,254,348,287,50,44,178,163,889,.495,.517,.419,.686,.558,.542,F-C,diawbo01"
"104,Eddie Robinson,4.0,4.0,2000-01,24,CHH,67,6,1201,216,407,214,403,2,4,64,88,60,138,198,59,50,32,43,66,498,.531,.531,.500,.727,.559,.533,G-F,robined01"
"105,Eddie Jones,4.0,4.0,1998-99,27,CHH,30,30,1157,164,368,136,290,28,78,153,191,30,88,118,125,90,34,72,86,509,.446,.469,.359,.801,.563,.484,G-F,jonesed02"
"106,Cody Martin,3.9,3.9,2021-22,26,CHO,71,11,1866,204,423,143,264,61,159,75,107,82,203,285,179,88,32,61,116,544,.482,.542,.384,.701,.579,.554,G-F,martico01"
"107,Larry Johnson,3.9,3.9,1993-94,24,CHH,51,51,1757,346,672,341,651,5,21,137,197,143,305,448,184,29,14,116,131,834,.515,.524,.238,.695,.550,.519,F,johnsla02"
"108,Cody Zeller,3.9,3.9,2018-19,26,CHO,49,47,1243,190,345,184,323,6,22,111,141,110,223,333,102,38,41,62,164,497,.551,.570,.273,.787,.611,.559,C-F,zelleco01"
"109,Brad Miller,3.8,3.8,1999-00,23,CHH,55,4,961,135,293,135,291,0,2,153,195,113,180,293,45,23,35,48,111,423,.461,.464,.000,.785,.558,.461,C,millebr01"
"110,Dell Curry,3.8,3.8,1996-97,32,CHH,68,20,2078,384,836,258,540,126,296,114,142,40,171,211,118,60,14,93,147,1008,.459,.478,.426,.803,.561,.535,G,curryde01"
"111,Marvin Williams,3.8,3.8,2018-19,32,CHO,75,75,2133,275,652,135,270,140,382,66,86,76,331,407,92,71,61,47,156,756,.422,.500,.366,.767,.548,.529,F,willima02"
"112,Cody Zeller,3.8,3.8,2014-15,22,CHO,62,45,1487,172,373,171,372,1,1,127,164,97,265,362,100,34,49,62,156,472,.461,.460,1.000,.774,.530,.462,C-F,zelleco01"
"113,Michael Kidd-Gilchrist,3.8,3.8,2014-15,21,CHO,55,52,1587,224,482,224,482,0,0,150,214,109,307,416,77,30,38,63,115,598,.465,.465,,.701,.519,.465,F,kiddgmi01"
"114,Nicolas Batum,3.7,3.7,2018-19,30,CHO,75,72,2354,253,562,137,264,116,298,77,89,71,319,390,247,71,43,117,140,699,.450,.519,.389,.865,.581,.553,F-G,batumni01"
"115,Elden Campbell,3.7,3.7,1998-99,30,CHH,32,32,1134,178,364,178,363,0,1,134,207,88,213,301,61,38,57,58,108,490,.489,.490,.000,.647,.538,.489,C,campbel01"
"116,Johnny Newman,3.7,3.7,1992-93,29,CHH,64,27,1471,279,534,267,489,12,45,194,240,72,71,143,117,45,19,90,154,764,.522,.546,.267,.808,.597,.534,F-G,newmajo01"
"117,Gerald Henderson,3.6,3.6,2013-14,26,CHA,77,77,2461,403,930,363,815,40,115,235,309,31,279,310,199,51,32,113,159,1081,.433,.445,.348,.761,.507,.455,G,hendege02"
"118,Frank Kaminsky,3.6,3.6,2017-18,24,CHO,79,4,1835,307,716,203,442,104,274,155,194,46,242,288,129,36,19,66,95,873,.429,.459,.380,.799,.545,.501,F-C,kaminfr01"
"119,Cody Zeller,3.6,3.6,2019-20,27,CHO,58,39,1341,251,479,233,404,18,75,122,179,160,251,411,88,40,25,75,140,642,.524,.577,.240,.682,.576,.543,C-F,zelleco01"
"120,Gerald Wallace,3.6,3.6,2010-11,28,CHA,48,48,1872,252,582,217,476,35,106,210,284,72,322,394,116,59,48,100,120,749,.433,.456,.330,.739,.530,.463,F,wallage01"
"121,Gerald Henderson,3.6,3.6,2014-15,27,CHO,80,72,2315,370,847,325,711,45,136,184,217,36,237,273,206,51,22,110,135,969,.437,.457,.331,.848,.514,.463,G,hendege02"
"122,Nazr Mohammed,3.6,3.6,2009-10,32,CHA,58,29,984,189,342,189,342,0,0,81,125,114,190,304,28,15,43,53,105,459,.553,.553,,.648,.578,.553,C,mohamna01"
"123,Gordon Hayward,3.5,3.5,2020-21,30,CHO,44,44,1496,311,658,226,453,85,205,156,185,37,221,258,181,52,14,91,74,863,.473,.499,.415,.843,.584,.537,F-G,haywago01"
"124,Jeremy Lin,3.5,3.5,2015-16,27,CHO,78,13,2048,300,728,224,502,76,226,238,292,42,211,253,235,58,42,150,165,914,.412,.446,.336,.815,.534,.464,G,linje01"
"125,Kenny Gattison,3.5,3.5,1993-94,29,CHH,77,18,1644,233,445,233,445,0,0,126,195,105,253,358,95,59,46,79,229,592,.524,.524,,.646,.558,.524,F-C,gattike01"
"126,Kwame Brown,3.5,3.5,2010-11,28,CHA,66,50,1714,194,375,194,375,0,0,136,231,147,303,450,43,26,39,69,174,524,.517,.517,,.589,.550,.517,F,brownkw01"
"127,Nicolas Batum,3.5,3.5,2017-18,29,CHO,64,64,1981,270,650,178,376,92,274,108,130,57,249,306,349,65,23,131,72,740,.415,.473,.336,.831,.523,.486,F-G,batumni01"
"128,Lee Nailon,3.5,3.5,2001-02,26,CHH,79,41,1912,369,764,368,762,1,2,112,150,103,188,291,94,59,17,96,175,851,.483,.483,.500,.747,.513,.484,F,nailole01"
"129,Devonte' Graham,3.4,3.4,2020-21,25,CHO,55,44,1659,252,669,73,192,179,477,133,158,22,126,148,295,48,6,84,77,816,.377,.380,.375,.842,.552,.510,G,grahade01"
"130,Dell Curry,3.4,3.4,1992-93,28,CHH,80,0,2094,498,1102,403,865,95,237,136,157,51,235,286,180,87,23,129,150,1227,.452,.466,.401,.866,.524,.495,G,curryde01"
"131,P.J. Washington,3.4,3.4,2021-22,23,CHO,65,28,1768,250,532,140,231,110,301,58,81,82,255,337,147,57,61,82,152,668,.470,.606,.365,.716,.588,.573,F,washipj01"
"132,Jamal Mashburn,3.4,3.4,2001-02,29,CHH,40,40,1601,303,744,262,632,41,112,211,241,31,211,242,171,45,6,110,80,858,.407,.415,.366,.876,.505,.435,F,mashbja01"
"133,Raymond Felton,3.4,3.4,2007-08,23,CHA,79,79,2972,412,997,356,797,56,200,260,325,37,199,236,583,96,12,213,184,1140,.413,.447,.280,.800,.500,.441,G,feltora01"
"134,Devonte' Graham,3.4,3.4,2019-20,24,CHO,63,53,2211,368,963,150,378,218,585,191,233,42,170,212,471,62,15,181,115,1145,.382,.397,.373,.820,.537,.495,G,grahade01"
"135,Dell Curry,3.3,3.3,1994-95,30,CHH,69,0,1718,343,778,189,417,154,361,95,111,41,127,168,113,55,18,98,144,935,.441,.453,.427,.856,.565,.540,G,curryde01"
"136,Frank Kaminsky,3.3,3.3,2015-16,22,CHO,81,3,1708,215,525,147,323,68,202,108,148,69,266,335,98,38,43,58,126,606,.410,.455,.337,.730,.513,.474,F-C,kaminfr01"
"137,Kelly Tripucka,3.3,3.3,1988-89,29,CHH,71,65,2302,568,1215,538,1131,30,84,440,508,79,188,267,224,88,16,236,196,1606,.467,.476,.357,.866,.558,.480,F-G,tripuke01"
"138,Kelly Oubre Jr.,3.3,3.3,2021-22,26,CHO,76,13,1999,410,932,219,379,191,553,126,189,79,223,302,84,77,31,67,189,1137,.440,.578,.345,.667,.560,.542,F,oubreke01"
"139,Cody Zeller,3.3,3.3,2020-21,28,CHO,48,21,1005,181,324,177,296,4,28,85,119,119,209,328,86,27,17,51,121,451,.559,.598,.143,.714,.599,.565,C-F,zelleco01"
"140,Gerald Henderson,3.3,3.3,2012-13,25,CHA,68,58,2133,382,855,349,755,33,100,258,313,55,195,250,177,68,34,108,149,1055,.447,.462,.330,.824,.531,.466,G,hendege02"
"141,Michael Kidd-Gilchrist,3.3,3.3,2017-18,24,CHO,74,74,1850,282,560,282,558,0,2,117,171,84,218,302,71,51,32,53,143,681,.504,.505,.000,.684,.536,.504,F,kiddgmi01"
"142,Marco Belinelli,3.2,3.2,2016-17,30,CHO,74,0,1778,264,615,162,332,102,283,150,168,14,164,178,147,44,9,70,90,780,.429,.488,.360,.893,.566,.512,G-F,belinma01"
"143,Dell Curry,3.2,3.2,1991-92,27,CHH,77,0,2020,504,1038,430,855,74,183,127,152,57,202,259,177,93,20,134,156,1209,.486,.503,.404,.836,.547,.521,G,curryde01"
"144,Bismack Biyombo,3.2,3.2,2013-14,21,CHA,77,9,1072,88,144,88,144,0,0,46,89,105,261,366,8,7,86,40,124,222,.611,.611,,.517,.606,.611,C-F,biyombi01"
"145,Bobby Phills,3.2,3.2,1997-98,28,CHH,62,61,1887,246,552,202,438,44,114,106,140,59,157,216,187,81,18,108,181,642,.446,.461,.386,.757,.523,.486,G,phillbo01"
"146,Kenny Gattison,3.2,3.2,1992-93,28,CHH,75,5,1475,203,384,203,381,0,3,102,169,108,245,353,68,48,55,64,237,508,.529,.533,.000,.604,.554,.529,F-C,gattike01"
"147,Anthony Tolliver,3.2,3.2,2013-14,28,CHA,64,9,1298,129,307,27,60,102,247,33,41,33,135,168,42,19,15,23,82,393,.420,.450,.413,.805,.605,.586,F-C,tollian01"
"148,Michael Kidd-Gilchrist,3.1,3.1,2013-14,20,CHA,62,62,1502,167,353,166,344,1,9,113,184,109,215,324,52,43,39,60,145,448,.473,.483,.111,.614,.516,.475,F,kiddgmi01"
"149,Eddie Robinson,3.0,3.0,1999-00,23,CHH,67,8,1112,212,386,212,382,0,4,47,64,54,130,184,32,48,25,39,67,471,.549,.555,.000,.734,.569,.549,G-F,robined01"
"150,Rex Chapman,3.0,3.0,1990-91,23,CHH,70,68,2100,410,922,362,774,48,148,234,282,45,146,191,250,73,16,131,167,1102,.445,.468,.324,.830,.527,.471,G,chapmre01"
"151,Terry Rozier,3.0,3.0,2019-20,25,CHO,63,63,2164,398,941,226,518,172,423,166,190,50,226,276,259,61,10,141,126,1134,.423,.436,.407,.874,.553,.514,G,roziete01"
"152,Jumaine Jones,3.0,3.0,2005-06,26,CHA,76,42,2089,298,736,183,401,115,335,88,121,105,271,376,63,68,22,74,200,799,.405,.456,.343,.727,.506,.483,F,jonesju01"
"153,Kenny Gattison,3.0,3.0,1990-91,26,CHH,72,6,1552,243,457,243,455,0,2,164,248,136,243,379,44,48,67,102,211,650,.532,.534,.000,.661,.574,.532,F-C,gattike01"
"154,Bobby Phills,3.0,3.0,1998-99,29,CHH,43,43,1574,215,497,147,325,68,172,115,168,39,135,174,149,60,25,92,124,613,.433,.452,.395,.685,.537,.501,G,phillbo01"
"155,Matt Carroll,3.0,3.0,2007-08,27,CHA,80,18,2016,252,589,147,348,105,241,111,138,33,193,226,73,46,19,58,187,720,.428,.422,.436,.804,.554,.517,G,carroma01"
"156,Miles Bridges,2.9,2.9,2018-19,20,CHO,80,25,1696,237,511,172,311,65,200,58,77,67,256,323,95,55,49,50,111,597,.464,.553,.325,.753,.548,.527,G-F,bridgmi02"
"157,Tyson Chandler,2.9,2.9,2009-10,27,CHA,51,27,1163,109,190,109,190,0,0,115,157,114,206,320,16,17,55,91,138,333,.574,.574,,.732,.643,.574,C,chandty01"
"158,Ramon Sessions,2.9,2.9,2012-13,26,CHA,61,0,1652,276,676,243,569,33,107,291,347,27,142,169,230,48,7,104,91,876,.408,.427,.308,.839,.529,.433,G,sessira01"
"159,Jared Dudley,2.9,2.9,2007-08,22,CHA,73,14,1384,163,348,154,307,9,41,87,118,121,165,286,81,55,10,50,128,422,.468,.502,.220,.737,.528,.481,F-G,dudleja01"
"160,Derek Anderson,2.9,2.9,2006-07,32,CHA,50,32,1190,126,294,72,142,54,152,93,106,29,84,113,133,52,7,56,115,399,.429,.507,.355,.877,.586,.520,G,anderde01"
"161,Kendall Gill,2.9,2.9,1992-93,24,CHH,69,67,2430,463,1032,446,970,17,62,224,290,120,220,340,268,98,36,174,191,1167,.449,.460,.274,.772,.503,.457,G,gillke01"
"162,Gordon Hayward,2.8,2.8,2021-22,31,CHO,49,48,1564,283,617,197,397,86,220,126,149,38,186,224,177,47,22,81,85,778,.459,.496,.391,.846,.570,.528,F-G,haywago01"
"163,LaMelo Ball,2.8,2.8,2020-21,19,CHO,51,31,1469,293,672,201,411,92,261,125,165,63,239,302,313,81,18,145,136,803,.436,.489,.352,.758,.539,.504,G,ballla01"
"164,Nazr Mohammed,2.8,2.8,2007-08,30,CHA,61,29,1422,244,469,244,469,0,0,82,133,165,256,421,66,38,52,90,194,570,.520,.520,,.617,.540,.520,C,mohamna01"
"165,D.J. Augustin,2.8,2.8,2009-10,22,CHA,80,2,1472,168,435,98,257,70,178,102,131,11,86,97,193,45,5,74,127,508,.386,.381,.393,.779,.516,.467,G,augusdj01"
"166,Al Jefferson,2.8,2.8,2015-16,31,CHO,47,18,1096,245,505,245,505,0,0,72,111,57,244,301,70,30,41,34,117,562,.485,.485,,.649,.507,.485,C-F,jeffeal01"
"167,Raja Bell,2.8,2.8,2008-09,32,CHA,45,44,1603,223,507,153,330,70,177,71,81,33,146,179,113,37,6,68,109,587,.440,.464,.395,.877,.541,.509,G,bellra01"
"168,Jeremy Lamb,2.7,2.7,2016-17,24,CHO,62,5,1143,226,491,185,345,41,146,110,129,30,234,264,75,27,23,40,98,603,.460,.536,.281,.853,.550,.502,G-F,lambje01"
"169,Jeremy Lamb,2.7,2.7,2015-16,23,CHO,66,0,1227,230,510,174,329,56,181,64,88,44,208,252,77,42,30,50,105,580,.451,.529,.309,.727,.529,.506,G-F,lambje01"
"170,Dell Curry,2.7,2.7,1990-91,26,CHH,76,14,1515,337,715,305,629,32,86,96,114,47,152,199,166,75,25,80,125,802,.471,.485,.372,.842,.524,.494,G,curryde01"
"171,P.J. Washington,2.7,2.7,2020-21,22,CHO,64,61,1954,302,686,190,396,112,290,108,145,93,325,418,161,69,79,128,171,824,.440,.480,.386,.745,.549,.522,F,washipj01"
"172,Cody Zeller,2.6,2.6,2013-14,21,CHA,82,3,1416,172,404,172,403,0,1,146,200,118,235,353,92,40,41,87,170,490,.426,.427,.000,.730,.498,.426,C-F,zelleco01"
"173,David Wesley,2.6,2.6,2001-02,31,CHH,67,63,2487,364,910,279,654,85,256,138,188,44,99,143,236,74,15,119,147,951,.400,.427,.332,.734,.479,.447,G,wesleda01"
"174,Jamaal Magloire,2.6,2.6,2000-01,22,CHH,74,0,1095,122,271,122,269,0,2,95,145,103,192,295,27,18,78,61,139,339,.450,.454,.000,.655,.506,.450,C,magloja01"
"175,Willy Hernangómez,2.6,2.6,2018-19,24,CHO,58,3,812,153,295,138,256,15,39,100,144,117,194,311,60,16,20,58,98,421,.519,.539,.385,.694,.587,.544,C,hernawi01"
"176,Muggsy Bogues,2.6,2.6,1988-89,24,CHH,79,21,1755,178,418,177,405,1,13,66,88,53,112,165,620,111,7,124,141,423,.426,.437,.077,.750,.463,.427,G,boguemu01"
"177,Matt Carroll,2.6,2.6,2005-06,25,CHA,78,6,1275,192,476,120,291,72,185,138,168,34,123,157,35,47,11,48,120,594,.403,.412,.389,.821,.540,.479,G,carroma01"
"178,Raymond Felton,2.6,2.6,2005-06,21,CHA,80,54,2406,345,883,248,612,97,271,161,222,77,188,265,446,102,8,182,181,948,.391,.405,.358,.725,.483,.446,G,feltora01"
"179,Dave Hoppen,2.6,2.6,1988-89,24,CHH,77,36,1419,199,353,198,351,1,2,101,139,123,261,384,57,25,21,77,239,500,.564,.564,.500,.727,.604,.565,C-F,hoppeda01"
"180,Michael Kidd-Gilchrist,2.5,2.5,2018-19,25,CHO,64,3,1179,158,332,142,285,16,47,95,123,88,158,246,61,32,39,43,156,427,.476,.498,.340,.772,.553,.500,F,kiddgmi01"
"181,Gerald Wallace,2.4,2.4,2004-05,22,CHA,70,68,2147,286,637,269,575,17,62,191,289,118,268,386,137,117,91,159,182,780,.449,.468,.274,.661,.510,.462,F,wallage01"
"182,Walter Herrmann,2.4,2.4,2006-07,27,CHA,48,12,936,174,330,121,215,53,115,41,53,28,111,139,26,17,7,32,76,442,.527,.563,.461,.774,.625,.608,F,herrmwa01"
"183,Eddie Johnson,2.4,2.4,1993-94,34,CHH,73,27,1460,339,738,280,588,59,150,99,127,80,144,224,125,36,8,84,143,836,.459,.476,.393,.780,.527,.499,F-G,johnsed03"
"184,Bismack Biyombo,2.4,2.4,2019-20,27,CHO,53,29,1029,151,278,151,278,0,0,91,151,120,188,308,50,10,49,48,116,393,.543,.543,,.603,.570,.543,C-F,biyombi01"
"185,Chris Douglas-Roberts,2.4,2.4,2013-14,27,CHA,49,8,1016,111,252,60,120,51,132,66,82,16,103,119,51,29,16,36,61,339,.440,.500,.386,.805,.588,.542,G,douglch01"
"186,Gerald Henderson,2.4,2.4,2010-11,23,CHA,68,30,1661,259,570,252,534,7,36,128,163,49,158,207,101,50,32,64,118,653,.454,.472,.194,.785,.509,.461,G,hendege02"
"187,Johnny Newman,2.3,2.3,1991-92,28,CHH,55,55,1651,295,618,282,572,13,46,236,308,71,108,179,146,70,14,129,181,839,.477,.493,.283,.766,.557,.488,F-G,newmajo01"
"188,Hersey Hawkins,2.3,2.3,2000-01,34,CHH,59,0,681,56,137,39,91,17,46,54,63,17,63,80,72,33,9,19,45,183,.409,.429,.370,.857,.555,.471,G,hawkihe01"
"189,Stacey Augmon,2.3,2.3,2001-02,33,CHH,77,3,1319,140,328,140,325,0,3,77,101,59,166,225,103,56,12,54,115,357,.427,.431,.000,.762,.479,.427,F-G,augmost01"
"190,David Wingate,2.3,2.3,1992-93,29,CHH,72,55,1471,180,336,179,330,1,6,79,107,49,125,174,183,66,9,89,135,440,.536,.542,.167,.738,.574,.537,G-F,wingada01"
"191,Derrick Brown,2.3,2.3,2011-12,24,CHA,65,17,1443,212,409,206,385,6,24,94,141,95,141,236,67,48,12,55,96,524,.518,.535,.250,.667,.556,.526,F,brownde04"
"192,Frank Kaminsky,2.3,2.3,2016-17,23,CHO,75,16,1954,320,802,204,448,116,354,118,156,57,279,336,162,46,34,76,139,874,.399,.455,.328,.756,.502,.471,F-C,kaminfr01"
"193,Raymond Felton,2.3,2.3,2006-07,22,CHA,78,75,2832,393,1024,290,712,103,312,204,256,51,216,267,545,118,10,230,180,1093,.384,.407,.330,.797,.481,.434,G,feltora01"
"194,Bismack Biyombo,2.3,2.3,2020-21,28,CHO,66,36,1349,142,242,142,241,0,1,47,105,137,210,347,81,17,74,71,141,331,.587,.589,.000,.448,.574,.587,C-F,biyombi01"
"195,B.J. Armstrong,2.3,2.3,1997-98,30,CHH,62,0,772,99,194,90,160,9,34,37,43,12,57,69,144,25,0,35,68,244,.510,.563,.265,.860,.573,.534,G,armstbj01"
"196,Sean May,2.2,2.2,2006-07,22,CHA,35,8,838,164,328,162,325,2,3,86,112,73,160,233,66,19,24,56,100,416,.500,.498,.667,.768,.551,.503,F,mayse01"
"197,Montrezl Harrell,2.2,2.2,2021-22,28,CHO,25,0,524,111,172,111,170,0,2,63,91,53,69,122,49,11,12,22,49,285,.645,.653,.000,.692,.672,.645,F-C,harremo01"
"198,Mike Gminski,2.1,2.1,1990-91,31,CHH,50,50,1405,248,524,247,518,1,6,75,95,115,266,381,60,24,22,54,58,572,.473,.477,.167,.789,.505,.474,C,gminsmi01"
"199,Brad Miller,2.1,2.1,1998-99,22,CHH,38,0,469,78,138,77,136,1,2,81,102,35,82,117,22,9,18,32,65,238,.565,.566,.500,.794,.651,.569,C,millebr01"
"200,Michael Kidd-Gilchrist,2.1,2.1,2012-13,19,CHA,78,77,2025,281,613,279,604,2,9,140,187,131,324,455,117,54,70,101,164,704,.458,.462,.222,.749,.506,.460,F,kiddgmi01"
"201,J.R. Reid,2.1,2.1,1991-92,23,CHH,51,7,1257,213,435,213,432,0,3,134,190,96,221,317,81,49,23,84,159,560,.490,.493,.000,.705,.540,.490,F,reidjr01"
"202,Kelly Tripucka,2.1,2.1,1989-90,30,CHH,79,73,2404,442,1029,404,925,38,104,310,351,82,240,322,224,75,16,176,220,1232,.430,.437,.365,.883,.521,.448,F-G,tripuke01"
"203,Baron Davis,2.1,2.1,1999-00,20,CHH,82,0,1523,182,433,157,322,25,111,97,153,48,117,165,309,97,19,140,201,486,.420,.488,.225,.634,.486,.449,G,davisba01"
"204,Kelly Tripucka,2.0,2.0,1990-91,31,CHH,77,1,1289,187,412,172,367,15,45,152,167,46,130,176,159,33,13,92,130,541,.454,.469,.333,.910,.557,.472,F-G,tripuke01"
"205,Bismack Biyombo,2.0,2.0,2018-19,26,CHO,54,32,783,89,156,89,156,0,0,58,91,81,166,247,33,11,41,34,103,236,.571,.571,,.637,.602,.571,C-F,biyombi01"
"206,Kendall Gill,2.0,2.0,1995-96,27,CHH,36,36,1265,179,372,162,318,17,54,89,117,56,133,189,225,42,22,110,101,464,.481,.509,.315,.761,.548,.504,G,gillke01"
"207,Ramon Sessions,2.0,2.0,2013-14,27,CHA,55,7,1305,190,465,175,397,15,68,183,234,22,95,117,206,33,6,93,50,578,.409,.441,.221,.782,.509,.425,G,sessira01"
"208,Armen Gilliam,2.0,2.0,1990-91,26,CHH,25,25,949,195,380,195,380,0,0,104,128,86,148,234,27,34,21,64,65,494,.513,.513,,.813,.566,.513,F-C,gilliar01"
"209,Melvin Ely,2.0,2.0,2005-06,27,CHA,57,22,1348,216,425,216,423,0,2,128,192,94,183,277,76,29,44,100,160,560,.508,.511,.000,.667,.550,.508,C,elyme01"
"210,Derrick Coleman,2.0,2.0,1998-99,31,CHH,37,29,1178,168,406,161,373,7,33,143,190,76,252,328,78,24,42,90,96,486,.414,.432,.212,.753,.496,.422,F-C,colemde01"
"211,P.J. Washington,2.0,2.0,2019-20,21,CHO,58,57,1759,268,589,182,359,86,230,88,136,58,258,316,123,51,44,93,158,710,.455,.507,.374,.647,.547,.528,F,washipj01"
"212,Spencer Hawes,1.9,1.9,2015-16,27,CHO,57,6,1035,124,306,86,204,38,102,54,65,51,193,244,109,22,27,58,111,340,.405,.422,.373,.831,.508,.467,C-F,hawessp01"
"213,Stephen Jackson,1.9,1.9,2010-11,32,CHA,67,67,2405,435,1059,314,700,121,359,249,305,53,251,304,241,80,28,209,161,1240,.411,.449,.337,.816,.520,.468,F-G,jacksst02"
"214,Shaun Livingston,1.9,1.9,2010-11,25,CHA,73,0,1261,185,397,184,393,1,4,108,125,29,120,149,164,47,29,88,109,479,.466,.468,.250,.864,.530,.467,G,livinsh01"
"215,Cody Zeller,1.9,1.9,2017-18,25,CHO,33,0,627,85,156,83,153,2,3,61,85,67,110,177,31,14,21,33,81,233,.545,.542,.667,.718,.602,.551,C-F,zelleco01"
"216,Ricky Pierce,1.9,1.9,1996-97,37,CHH,27,17,650,119,237,89,181,30,56,56,63,19,49,68,49,14,4,30,48,324,.502,.492,.536,.889,.612,.565,G,piercri01"
"217,J.R. Reid,1.9,1.9,1998-99,30,CHH,16,16,556,88,169,88,169,0,0,67,84,21,92,113,25,22,10,28,63,243,.521,.521,,.798,.590,.521,F,reidjr01"
"218,Matt Geiger,1.9,1.9,1996-97,27,CHH,49,13,1044,171,350,165,330,6,20,89,127,100,158,258,38,20,27,67,153,437,.489,.500,.300,.701,.538,.497,C,geigema01"
"219,Dell Curry,1.8,1.8,1989-90,25,CHH,67,13,1860,461,990,409,843,52,147,96,104,31,137,168,159,98,26,100,148,1070,.466,.485,.354,.923,.517,.492,G,curryde01"
"220,Brevin Knight,1.8,1.8,2006-07,31,CHA,45,25,1273,152,363,151,345,1,18,103,128,14,101,115,296,67,3,95,113,408,.419,.438,.056,.805,.487,.420,G,knighbr01"
"221,Tyrus Thomas,1.8,1.8,2010-11,24,CHA,41,2,861,156,331,156,328,0,3,107,136,65,159,224,29,30,66,65,113,419,.471,.476,.000,.787,.536,.471,F,thomaty01"
"222,Roy Hibbert,1.8,1.8,2016-17,30,CHO,42,13,671,78,144,78,144,0,0,61,75,53,97,150,20,8,44,31,97,217,.542,.542,,.813,.613,.542,C,hibbero01"
"223,Kendall Gill,1.8,1.8,1990-91,22,CHH,82,36,1944,376,836,374,822,2,14,152,182,105,158,263,303,104,39,163,186,906,.450,.455,.143,.835,.494,.451,G,gillke01"
"224,Frank Kaminsky,1.8,1.8,2018-19,25,CHO,47,0,755,138,298,88,159,50,139,79,107,39,124,163,63,12,12,41,68,405,.463,.553,.360,.738,.587,.547,F-C,kaminfr01"
"225,Brian Roberts,1.8,1.8,2014-15,29,CHO,72,10,1330,176,452,114,259,62,193,66,74,13,96,109,162,33,6,57,75,480,.389,.440,.321,.892,.495,.458,G,roberbr01"
"226,J.R. Reid,1.8,1.8,1990-91,22,CHH,80,80,2467,360,773,360,771,0,2,182,259,154,348,502,89,87,47,153,286,902,.466,.467,.000,.703,.508,.466,F,reidjr01"
"227,Treveon Graham,1.8,1.8,2017-18,24,CHO,63,2,1050,96,221,56,124,40,97,41,59,42,79,121,59,33,2,27,109,273,.434,.452,.412,.695,.553,.525,G,grahatr01"
"228,J.R. Reid,1.8,1.8,1997-98,29,CHH,79,1,1109,146,318,143,310,3,8,89,122,72,138,210,51,35,19,65,172,384,.459,.461,.375,.730,.517,.464,F,reidjr01"
"229,Jalen McDaniels,1.7,1.7,2021-22,24,CHO,55,2,895,123,254,82,146,41,108,53,72,37,133,170,58,26,22,36,93,340,.484,.562,.380,.736,.595,.565,F,mcdanja01"
"230,Dell Curry,1.7,1.7,1997-98,33,CHH,52,1,971,194,434,133,289,61,145,41,52,26,75,101,69,31,4,54,85,490,.447,.460,.421,.788,.536,.517,G,curryde01"
"231,Steve Smith,1.7,1.7,2004-05,35,CHA,37,1,636,93,218,55,128,38,90,67,77,13,36,49,57,12,7,24,74,291,.427,.430,.422,.870,.578,.514,G,smithst01"
"232,Bryce Drew,1.7,1.7,2001-02,27,CHH,61,0,774,78,182,47,109,31,73,23,29,14,58,72,101,32,2,33,49,210,.429,.431,.425,.793,.539,.514,G,drewbr01"
"233,Jake Voskuhl,1.7,1.7,2006-07,29,CHA,73,9,1043,121,255,121,255,0,0,77,113,84,172,256,44,30,24,56,199,319,.475,.475,,.681,.523,.475,C,voskuja01"
"234,Robert Parish,1.7,1.7,1995-96,42,CHH,74,34,1086,120,241,120,241,0,0,50,71,89,214,303,29,21,54,50,80,290,.498,.498,,.704,.533,.498,C,parisro01"
"235,Bernard Robinson,1.7,1.7,2005-06,25,CHA,66,18,1303,157,365,155,344,2,21,106,134,62,157,219,77,81,10,74,141,422,.430,.451,.095,.791,.498,.433,G-F,robinbe01"
"236,Courtney Lee,1.6,1.6,2015-16,30,CHO,28,28,845,98,220,67,141,31,79,23,26,10,77,87,60,33,12,23,55,250,.445,.475,.392,.885,.540,.516,G,leeco01"
"237,Chucky Brown,1.6,1.6,1998-99,30,CHH,48,21,1192,176,373,161,333,15,40,40,59,36,138,174,57,16,19,38,106,407,.472,.483,.375,.678,.510,.492,F,brownch01"
"238,Miles Bridges,1.6,1.6,2019-20,21,CHO,65,64,1995,319,753,220,453,99,300,106,131,88,274,362,114,40,48,95,132,843,.424,.486,.330,.809,.520,.489,G-F,bridgmi02"
"239,Tony Delk,1.6,1.6,1996-97,23,CHH,61,1,867,119,256,67,144,52,112,42,51,31,68,99,99,36,6,68,71,332,.465,.465,.464,.824,.596,.566,G,delkto01"
"240,LeRon Ellis,1.6,1.6,1993-94,24,CHH,50,1,680,88,182,88,182,0,0,45,68,70,118,188,24,17,25,21,83,221,.484,.484,,.662,.521,.484,F-C,ellisle02"
"241,Stephen Graham,1.6,1.6,2009-10,27,CHA,70,8,804,119,240,103,190,16,50,42,65,24,111,135,23,20,10,36,94,296,.496,.542,.320,.646,.551,.529,G,grahast01"
"242,D.J. White,1.6,1.6,2010-11,24,CHA,24,0,466,81,154,81,152,0,2,41,54,31,75,106,15,6,12,7,46,203,.526,.533,.000,.759,.571,.526,F,whitedj01"
"243,Michael Adams,1.6,1.6,1994-95,32,CHH,29,0,443,67,148,38,67,29,81,25,30,6,23,29,95,23,1,26,41,188,.453,.567,.358,.833,.583,.551,G,adamsmi01"
"244,Earl Cureton,1.5,1.5,1988-89,31,CHH,82,41,2047,233,465,233,464,0,1,66,123,188,300,488,130,50,61,114,230,532,.501,.502,.000,.537,.512,.501,F-C,curetea01"
"245,Josh McRoberts,1.5,1.5,2012-13,25,CHA,26,19,802,96,190,89,161,7,29,43,55,52,136,188,71,22,15,38,66,242,.505,.553,.241,.782,.565,.524,F,mcrobjo01"
"246,Kenny Gattison,1.5,1.5,1989-90,25,CHH,63,2,941,148,269,147,268,1,1,75,110,75,122,197,39,35,31,67,150,372,.550,.549,1.000,.682,.586,.552,F-C,gattike01"
"247,Marvin Williams,1.5,1.5,2019-20,33,CHO,41,1,808,94,210,50,93,44,117,43,50,15,94,109,41,26,22,25,71,275,.448,.538,.376,.860,.593,.552,F,willima02"
"248,Bobby Phills,1.5,1.5,1999-00,30,CHH,28,9,825,152,335,122,244,30,91,47,65,17,54,71,79,41,8,48,72,381,.454,.500,.330,.723,.524,.499,G,phillbo01"
"249,Brian Rowsom,1.5,1.5,1988-89,23,CHH,34,0,517,80,162,79,161,1,1,65,81,56,81,137,24,10,12,18,69,226,.494,.491,1.000,.802,.572,.497,F,rowsobr01"
"250,Willy Hernangómez,1.5,1.5,2017-18,23,CHO,22,1,262,42,83,38,76,4,7,47,62,39,77,116,12,10,9,9,32,135,.506,.500,.571,.758,.612,.530,C,hernawi01"
"251,Robert Parish,1.4,1.4,1994-95,41,CHH,81,4,1352,159,372,159,372,0,0,71,101,93,257,350,44,27,36,66,132,389,.427,.427,,.703,.467,.427,C,parisro01"
"252,Nazr Mohammed,1.4,1.4,2010-11,33,CHA,51,30,851,159,317,159,316,0,1,52,88,94,158,252,17,14,46,51,121,370,.502,.503,.000,.591,.520,.502,C,mohamna01"
"253,Bismack Biyombo,1.4,1.4,2012-13,20,CHA,80,65,2186,156,346,156,346,0,0,74,142,194,388,582,35,28,143,82,195,386,.451,.451,,.521,.472,.451,C-F,biyombi01"
"254,Mo Williams,1.4,1.4,2014-15,32,CHO,27,14,831,161,413,101,235,60,178,83,93,9,67,76,163,16,6,70,59,465,.390,.430,.337,.892,.512,.462,G,willima01"
"255,Jason Maxiell,1.4,1.4,2014-15,31,CHO,61,0,878,81,192,81,192,0,0,41,71,86,117,203,19,18,44,29,96,203,.422,.422,,.577,.455,.422,F,maxieja01"
"256,Theo Ratliff,1.3,1.3,2009-10,36,CHA,28,26,624,54,116,54,116,0,0,36,46,44,73,117,16,9,43,25,60,144,.466,.466,,.783,.528,.466,C-F,ratlith01"
"257,Michael Holton,1.3,1.3,1988-89,27,CHH,67,60,1696,215,504,212,490,3,14,120,143,30,75,105,424,66,12,119,165,553,.427,.433,.214,.839,.488,.430,G,holtomi01"
"258,Jason Kapono,1.3,1.3,2004-05,23,CHA,81,14,1491,269,671,189,477,80,194,70,85,32,132,164,61,40,6,46,132,688,.401,.396,.412,.824,.486,.461,F,kaponja01"
"259,Derrick Brown,1.3,1.3,2009-10,22,CHA,57,0,535,68,147,66,140,2,7,48,72,31,47,78,19,21,10,19,53,186,.463,.471,.286,.667,.520,.469,F,brownde04"
"260,Jeff Taylor,1.2,1.2,2012-13,23,CHA,77,29,1507,172,399,119,245,53,154,75,103,51,99,150,63,47,15,48,136,472,.431,.486,.344,.728,.531,.497,F,tayloje03"
"261,Robert Traylor,1.2,1.2,2001-02,24,CHH,61,1,678,87,204,86,203,1,1,53,84,67,120,187,37,24,37,45,127,228,.426,.424,1.000,.631,.473,.429,F,traylro01"
"262,Tyrus Thomas,1.2,1.2,2009-10,23,CHA,25,0,542,95,215,95,213,0,2,62,85,39,113,152,23,23,37,40,65,252,.442,.446,.000,.729,.499,.442,F,thomaty01"
"263,Derrick Coleman,1.2,1.2,2000-01,33,CHH,34,3,683,97,255,77,204,20,51,63,92,46,138,184,39,10,21,42,53,277,.380,.377,.392,.685,.469,.420,F-C,colemde01"
"264,Jalen McDaniels,1.2,1.2,2020-21,23,CHO,47,18,904,133,284,98,179,35,105,45,64,45,124,169,53,28,19,45,95,346,.468,.547,.333,.703,.554,.530,F,mcdanja01"
"265,Dwayne Bacon,1.2,1.2,2018-19,23,CHO,43,13,759,122,257,84,170,38,87,34,46,8,81,89,47,12,5,18,72,316,.475,.494,.437,.739,.570,.549,G,bacondw01"
"266,Keith Bogans,1.2,1.2,2005-06,25,CHA,39,9,848,114,288,81,190,33,98,80,105,29,77,106,45,39,3,41,78,341,.396,.426,.337,.762,.510,.453,G-F,boganke01"
"267,Marty Conlon,1.1,1.1,1993-94,26,CHH,16,8,378,66,109,66,108,0,1,31,38,34,55,89,28,5,7,23,36,163,.606,.611,.000,.816,.648,.606,F-C,conloma01"
"268,J.R. Reid,1.1,1.1,1989-90,21,CHH,82,82,2757,358,814,358,809,0,5,192,289,199,492,691,101,92,54,172,292,908,.440,.443,.000,.664,.482,.440,F,reidjr01"
"269,Spencer Hawes,1.1,1.1,2016-17,28,CHO,35,1,626,104,218,88,163,16,55,30,34,32,114,146,62,13,26,40,61,254,.477,.540,.291,.882,.545,.514,C-F,hawessp01"
"270,Gary Neal,1.1,1.1,2013-14,29,CHA,22,1,507,85,194,57,125,28,69,49,51,2,38,40,37,11,0,25,39,247,.438,.456,.406,.961,.571,.510,G,nealga01"
"271,Malik Rose,1.1,1.1,1996-97,22,CHH,54,1,525,61,128,61,126,0,2,38,62,70,94,164,32,28,17,41,114,160,.477,.484,.000,.613,.515,.477,F-C,rosema01"
"272,Ricky Davis,1.1,1.1,1999-00,20,CHH,48,4,570,94,187,94,183,0,4,39,51,29,54,83,62,30,8,46,39,227,.503,.514,.000,.765,.542,.503,G,davisri01"
"273,Troy Daniels,1.1,1.1,2015-16,24,CHO,43,0,476,89,187,30,65,59,122,5,9,7,50,57,21,11,3,24,40,242,.476,.462,.484,.556,.634,.634,G,danietr01"
"274,Scott Burrell,1.1,1.1,1995-96,25,CHH,20,20,693,92,206,55,108,37,98,42,56,26,72,98,47,27,13,43,76,263,.447,.509,.378,.750,.570,.536,G-F,burresc01"
"275,Mason Plumlee,1.1,1.1,2022-23,32,CHO,13,13,341,44,73,44,73,0,0,30,53,39,79,118,54,6,7,23,44,118,.603,.603,,.566,.613,.603,C-F,plumlma01"
"276,Cody Martin,1.1,1.1,2020-21,25,CHO,52,10,849,83,188,67,130,16,58,25,43,52,109,161,86,37,12,40,52,207,.441,.515,.276,.581,.500,.484,G-F,martico01"
"277,Jason Richardson,1.1,1.1,2008-09,28,CHA,14,14,491,97,220,70,161,27,59,41,55,13,45,58,36,14,3,24,43,262,.441,.435,.458,.745,.536,.502,G,richaja01"
"278,Ryan Hollins,1.1,1.1,2007-08,23,CHA,60,1,532,46,94,46,94,0,0,55,82,53,54,107,14,10,30,25,96,147,.489,.489,,.671,.565,.489,C,holliry01"
"279,Nick Richards,1.1,1.1,2022-23,25,CHO,13,0,250,47,76,47,76,0,0,32,45,38,43,81,11,1,10,10,27,126,.618,.618,,.711,.658,.618,F-C,richani01"
"280,Johnny Newman,1.0,1.0,1993-94,30,CHH,18,18,429,91,174,87,158,4,16,48,59,21,37,58,29,18,5,28,44,234,.523,.551,.250,.814,.585,.534,F-G,newmajo01"
"281,Jake Voskuhl,1.0,1.0,2005-06,28,CHA,51,2,818,114,261,113,258,1,3,41,60,62,121,183,39,26,23,33,157,270,.437,.438,.333,.683,.470,.439,C,voskuja01"
"282,Tim Kempton,1.0,1.0,1988-89,25,CHH,79,0,1341,171,335,171,334,0,1,142,207,91,213,304,102,41,14,121,215,484,.510,.512,.000,.686,.568,.510,F-C,kemptti01"
"283,Brian Rowsom,1.0,1.0,1989-90,24,CHH,44,2,559,78,179,77,177,1,2,68,83,44,87,131,22,18,11,25,58,225,.436,.435,.500,.819,.522,.439,F,rowsobr01"
"284,Malik Monk,1.0,1.0,2020-21,22,CHO,42,0,878,173,399,88,187,85,212,59,72,14,87,101,87,19,4,55,47,490,.434,.471,.401,.819,.569,.540,G,monkma01"
"285,Cody Martin,1.0,1.0,2019-20,24,CHO,48,3,903,89,207,71,130,18,77,42,65,38,120,158,95,39,9,44,78,238,.430,.546,.234,.646,.505,.473,G-F,martico01"
"286,Emeka Okafor,1.0,1.0,2005-06,23,CHA,26,25,874,131,316,131,316,0,0,82,125,94,167,261,31,22,50,53,88,344,.415,.415,,.656,.464,.415,C-F,okafoem01"
"287,Gerald Henderson,1.0,1.0,2011-12,24,CHA,55,55,1831,332,723,321,676,11,47,155,204,64,161,225,126,49,20,100,128,830,.459,.475,.234,.760,.511,.467,G,hendege02"
"288,Richard Anderson,1.0,1.0,1989-90,29,CHH,54,2,604,88,211,51,111,37,100,18,23,33,94,127,55,20,9,26,64,231,.417,.459,.370,.783,.522,.505,F-C,anderri01"
"289,David Wingate,1.0,1.0,1993-94,30,CHH,50,36,1005,136,283,132,271,4,12,34,51,30,104,134,104,42,6,53,85,310,.481,.487,.333,.667,.507,.488,G-F,wingada01"
"290,Khalid Reeves,1.0,1.0,1995-96,23,CHH,20,5,418,54,118,43,82,11,36,43,51,11,29,40,72,16,1,30,46,162,.458,.524,.306,.843,.577,.504,G,reevekh01"
"291,Tyler Hansbrough,1.0,1.0,2015-16,30,CHO,44,0,343,32,71,30,68,2,3,38,65,40,49,89,8,12,7,12,55,104,.451,.441,.667,.585,.522,.465,F,hansbty01"
"292,Nick Richards,1.0,1.0,2021-22,24,CHO,50,5,367,60,90,60,90,0,0,30,43,34,52,86,13,9,21,24,51,150,.667,.667,,.698,.689,.667,F-C,richani01"
"293,Otis Thorpe,1.0,1.0,2000-01,38,CHH,49,4,647,59,131,59,131,0,0,20,24,50,95,145,29,12,7,32,108,138,.450,.450,,.833,.487,.450,F-C,thorpot01"
"294,Jeff Adrien,1.0,1.0,2012-13,26,CHA,52,5,713,72,168,72,166,0,2,65,100,68,128,196,36,18,27,32,80,209,.429,.434,.000,.650,.493,.429,F,adrieje01"
"295,Joe Wolf,0.9,0.9,1994-95,30,CHH,63,6,583,38,81,36,75,2,6,12,16,34,95,129,37,9,6,22,101,90,.469,.480,.333,.750,.511,.481,F-C,wolfjo01"
"296,Dominic McGuire,0.9,0.9,2010-11,25,CHA,52,8,760,72,182,72,180,0,2,30,39,63,136,199,43,10,33,25,94,174,.396,.400,.000,.769,.437,.396,F,mcguido01"
"297,Lee Nailon,0.9,0.9,2000-01,25,CHH,42,0,469,66,136,66,135,0,1,32,43,29,63,92,24,9,5,27,60,164,.485,.489,.000,.744,.529,.485,F,nailole01"
"298,Tony Bennett,0.9,0.9,1993-94,24,CHH,74,5,983,105,263,78,188,27,75,11,15,16,74,90,163,39,1,40,84,248,.399,.415,.360,.733,.460,.451,G,benneto01"
"299,Tony Parker,0.9,0.9,2018-19,36,CHO,56,0,1003,213,463,200,412,13,51,91,124,14,69,83,207,21,7,75,53,530,.460,.485,.255,.734,.512,.474,G,parketo01"
"300,Ramon Sessions,0.9,0.9,2016-17,30,CHO,50,1,811,100,263,79,201,21,62,91,118,11,62,73,129,27,3,46,43,312,.380,.393,.339,.771,.495,.420,G,sessira01"
"301,Jeff Adrien,0.9,0.9,2013-14,27,CHA,25,0,256,22,40,22,40,0,0,13,25,33,55,88,7,7,15,8,35,57,.550,.550,,.520,.559,.550,F,adrieje01"
"302,Micheal Williams,0.9,0.9,1989-90,23,CHH,22,1,303,58,109,58,106,0,3,35,44,11,20,31,77,22,1,28,39,151,.532,.547,.000,.795,.588,.532,G,willimi02"
"303,Eric Leckner,0.9,0.9,1991-92,25,CHH,59,2,716,79,154,79,153,0,1,38,51,49,157,206,31,9,18,39,114,196,.513,.516,.000,.745,.555,.513,C-F,leckner01"
"304,Chuck Person,0.9,0.9,1998-99,34,CHH,50,21,990,112,289,57,132,55,157,24,32,17,115,132,60,20,8,41,90,303,.388,.432,.350,.750,.500,.483,F,persoch01"
"305,Dell Curry,0.9,0.9,1988-89,24,CHH,48,0,813,256,521,237,466,19,55,40,46,26,78,104,50,42,4,44,68,571,.491,.509,.345,.870,.527,.510,G,curryde01"
"306,P.J. Hairston,0.9,0.9,2015-16,23,CHO,48,43,938,99,276,45,104,54,172,34,42,18,110,128,29,24,7,24,106,286,.359,.433,.314,.810,.486,.457,G-F,hairspj02"
"307,Michael Carter-Williams,0.9,0.9,2017-18,26,CHO,52,2,835,76,229,62,170,14,59,73,89,37,101,138,116,44,23,52,99,239,.332,.365,.237,.820,.446,.362,G,cartemi01"
"308,Ronald Murray,0.9,0.9,2009-10,30,CHA,46,1,993,160,411,119,280,41,131,93,131,15,83,98,84,28,12,65,77,454,.389,.425,.313,.710,.484,.439,G,murraro01"
"309,Greg Sutton,0.8,0.8,1994-95,27,CHH,53,4,690,94,230,51,115,43,115,32,45,8,48,56,91,33,2,51,114,263,.409,.443,.374,.711,.526,.502,G,suttogr01"
"310,Jared Dudley,0.8,0.8,2008-09,23,CHA,20,7,427,45,96,42,88,3,8,15,24,25,34,59,19,18,2,10,40,108,.469,.477,.375,.625,.507,.484,F-G,dudleja01"
"311,Willy Hernangómez,0.8,0.8,2019-20,25,CHO,31,0,375,74,139,69,117,5,22,37,59,43,91,134,29,10,7,30,32,190,.532,.590,.227,.627,.576,.550,C,hernawi01"
"312,Anthony Goldwire,0.8,0.8,1996-97,25,CHH,33,9,576,62,154,26,72,36,82,30,40,3,35,38,94,19,1,41,58,190,.403,.361,.439,.750,.554,.519,G,goldwan01"
"313,Michael Adams,0.8,0.8,1995-96,33,CHH,21,3,329,37,83,23,42,14,41,26,35,5,17,22,67,21,4,25,25,114,.446,.548,.341,.743,.579,.530,G,adamsmi01"
"314,Dennis Smith Jr.,0.8,0.8,2022-23,25,CHO,13,11,383,58,125,48,97,10,28,6,11,9,38,47,80,25,8,21,32,132,.464,.495,.357,.545,.508,.504,G,smithde03"
"315,Vernon Maxwell,0.8,0.8,1997-98,32,CHH,31,0,467,77,180,46,94,31,86,25,34,9,35,44,40,14,3,28,51,210,.428,.489,.360,.735,.539,.514,G,maxweve01"
"316,D.J. White,0.8,0.8,2011-12,25,CHA,58,11,1098,174,353,173,352,1,1,43,61,50,159,209,47,17,23,43,94,392,.493,.491,1.000,.705,.516,.494,F,whitedj01"
"317,Eldridge Recasner,0.8,0.8,1998-99,31,CHH,44,2,708,82,184,58,124,24,60,34,39,20,57,77,91,17,1,58,66,222,.446,.468,.400,.872,.552,.511,G,recasel01"
"318,Matt Carroll,0.8,0.8,2010-11,30,CHA,54,1,582,89,199,72,153,17,46,40,52,12,56,68,23,17,6,23,43,235,.447,.471,.370,.769,.530,.490,G,carroma01"
"319,Derrick Brown,0.8,0.8,2010-11,23,CHA,41,1,488,62,113,60,107,2,6,25,47,32,52,84,29,16,8,28,48,151,.549,.561,.333,.532,.565,.558,F,brownde04"
"320,Brian Roberts,0.8,0.8,2015-16,30,CHO,30,0,333,51,115,42,88,9,27,34,37,4,25,29,38,7,1,16,23,145,.443,.477,.333,.919,.552,.483,G,roberbr01"
"321,Frank Brickowski,0.7,0.7,1993-94,34,CHH,28,6,653,117,233,116,231,1,2,47,63,32,93,125,57,28,11,56,77,282,.502,.502,.500,.746,.541,.504,F-C,brickfr01"
"322,Kurt Rambis,0.7,0.7,1989-90,31,CHH,16,16,448,58,116,58,115,0,1,30,55,48,72,120,28,32,10,29,45,146,.500,.504,.000,.545,.521,.500,F,rambiku01"
"323,DeSagana Diop,0.7,0.7,2008-09,27,CHA,41,1,584,52,113,52,113,0,0,10,37,69,86,155,19,17,31,28,73,114,.460,.460,,.270,.441,.460,C,diopde01"
"324,Dante Cunningham,0.7,0.7,2010-11,23,CHA,22,9,529,92,181,91,172,1,9,13,17,23,65,88,13,15,11,18,38,198,.508,.529,.111,.765,.525,.511,F,cunnida01"
"325,Tony Bennett,0.7,0.7,1992-93,23,CHH,75,2,857,110,260,84,180,26,80,30,41,12,51,63,136,30,0,50,110,276,.423,.467,.325,.732,.496,.473,G,benneto01"
"326,George Lynch,0.7,0.7,2001-02,31,CHH,45,18,893,73,198,72,192,1,6,25,40,70,116,186,54,40,14,41,75,172,.369,.375,.167,.625,.399,.371,F,lynchge01"
"327,Matt Carroll,0.7,0.7,2004-05,24,CHA,25,0,430,70,180,57,141,13,39,71,83,13,47,60,17,17,2,25,37,224,.389,.404,.333,.855,.517,.425,G,carroma01"
"328,Corey Maggette,0.7,0.7,2011-12,32,CHA,32,28,881,139,373,115,307,24,66,178,208,21,104,125,39,23,1,59,83,480,.373,.375,.364,.856,.517,.405,F,maggeco01"
"329,Stuart Gray,0.7,0.7,1989-90,26,CHH,39,1,466,38,82,38,80,0,2,25,39,38,93,131,17,12,24,19,64,101,.463,.475,.000,.641,.509,.463,C-F,grayst01"
"330,Malik Monk,0.7,0.7,2019-20,21,CHO,55,1,1169,212,488,154,284,58,204,82,100,27,130,157,114,25,16,77,74,564,.434,.542,.284,.820,.530,.494,G,monkma01"
"331,Primož Brezec,0.7,0.7,2006-07,27,CHA,58,40,838,122,274,121,271,1,3,43,68,80,104,184,23,11,23,38,161,288,.445,.446,.333,.632,.474,.447,C,brezepr01"
"332,Charles Shackleford,0.7,0.7,1998-99,32,CHH,32,4,367,44,90,44,90,0,0,19,29,41,88,129,13,5,13,27,66,107,.489,.489,,.655,.521,.489,F-C,shackch01"
"333,Michael Kidd-Gilchrist,0.6,0.6,2015-16,22,CHO,7,7,205,33,61,30,54,3,7,20,29,12,33,45,9,3,3,8,9,89,.541,.556,.429,.690,.603,.566,F,kiddgmi01"
"334,Scott Burrell,0.6,0.6,1996-97,26,CHH,28,2,482,45,131,26,76,19,55,42,53,24,55,79,39,14,11,25,60,151,.344,.342,.345,.792,.489,.416,G-F,burresc01"
"335,Tony Smith,0.6,0.6,1996-97,28,CHH,69,39,1291,138,337,106,238,32,99,38,59,38,56,94,150,48,19,73,110,346,.409,.445,.323,.644,.477,.457,G,smithto02"
"336,Steve Scheffler,0.6,0.6,1990-91,23,CHH,39,0,227,20,39,20,39,0,0,19,21,21,24,45,9,6,2,4,20,59,.513,.513,,.905,.612,.513,C-F,schefst01"
"337,Ryan Hollins,0.6,0.6,2008-09,24,CHA,18,1,184,19,35,19,35,0,0,26,39,19,17,36,4,3,17,10,34,64,.543,.543,,.667,.613,.543,C,holliry01"
"338,Juwan Howard,0.6,0.6,2008-09,35,CHA,39,2,450,74,145,74,145,0,0,23,34,29,43,72,24,6,5,26,67,171,.510,.510,,.676,.535,.510,F,howarju01"
"339,Jalen McDaniels,0.6,0.6,2022-23,25,CHO,13,1,341,48,112,29,65,19,47,14,17,16,51,67,30,16,8,18,35,129,.429,.446,.404,.824,.540,.513,F,mcdanja01"
"340,Nicolas Batum,0.6,0.6,2019-20,31,CHO,22,3,505,28,81,14,32,14,49,9,10,25,75,100,66,17,8,22,41,79,.346,.438,.286,.900,.463,.432,F-G,batumni01"
"341,George Zídek,0.6,0.6,1995-96,22,CHH,71,21,888,105,248,105,248,0,0,71,93,69,114,183,16,9,7,38,170,281,.423,.423,,.763,.486,.423,C,zidekge01"
"342,Bismack Biyombo,0.6,0.6,2011-12,19,CHA,63,41,1455,129,278,129,278,0,0,69,143,113,255,368,27,20,115,71,145,327,.464,.464,,.483,.480,.464,C-F,biyombi01"
"343,Mike Gminski,0.5,0.5,1992-93,33,CHH,34,0,251,42,83,42,83,0,0,9,10,34,51,85,7,1,9,11,28,93,.506,.506,,.900,.532,.506,C,gminsmi01"
"344,Caleb Martin,0.5,0.5,2019-20,24,CHO,18,1,317,37,84,17,47,20,37,17,21,10,28,38,23,12,7,15,32,111,.440,.362,.541,.810,.595,.560,F,martica02"
"345,Mike Gminski,0.5,0.5,1991-92,32,CHH,35,10,499,90,199,89,196,1,3,21,28,37,81,118,31,11,16,20,37,202,.452,.454,.333,.750,.478,.455,C,gminsmi01"
"346,Jamal Sampson,0.5,0.5,2004-05,21,CHA,23,0,329,28,62,28,62,0,0,23,39,36,86,122,8,4,17,17,53,79,.452,.452,,.590,.499,.452,F-C,sampsja01"
"347,Jannero Pargo,0.5,0.5,2013-14,34,CHA,29,0,242,52,118,28,58,24,60,8,11,1,19,20,52,14,1,26,17,136,.441,.483,.400,.727,.554,.542,G,pargoja01"
"348,D.J. Augustin,0.5,0.5,2011-12,24,CHA,48,46,1408,183,487,122,308,61,179,105,120,24,85,109,307,36,1,110,65,532,.376,.396,.341,.875,.493,.438,G,augusdj01"
"349,Sidney Lowe,0.5,0.5,1988-89,29,CHH,14,0,250,8,25,8,23,0,2,7,11,6,28,34,93,14,0,9,28,23,.320,.348,.000,.636,.385,.320,G,lowesi01"
"350,Caleb Martin,0.5,0.5,2020-21,25,CHO,53,3,818,96,256,65,131,31,125,41,64,31,110,141,67,37,12,33,62,264,.375,.496,.248,.641,.465,.436,F,martica02"
"351,Donald Royal,0.5,0.5,1997-98,31,CHH,29,5,305,24,63,24,63,0,0,26,29,16,21,37,16,6,1,7,30,74,.381,.381,,.897,.488,.381,F,royaldo01"
"352,Eddie House,0.5,0.5,2004-05,26,CHA,13,5,300,61,135,49,106,12,29,10,13,2,17,19,24,24,3,13,23,144,.452,.462,.414,.769,.512,.496,G,houseed01"
"353,Kelly Oubre Jr.,0.5,0.5,2022-23,27,CHO,13,13,395,87,210,51,106,36,104,29,42,12,47,59,17,17,4,16,42,239,.414,.481,.346,.690,.523,.500,F,oubreke01"
"354,Anthony Frederick,0.5,0.5,1991-92,27,CHH,66,26,852,161,370,157,353,4,17,63,92,75,69,144,71,40,26,58,91,389,.435,.445,.235,.685,.474,.441,F,fredean01"
"355,Travis Williams,0.5,0.5,1997-98,28,CHH,39,0,365,56,119,56,118,0,1,24,46,53,39,92,20,18,5,30,55,136,.471,.475,.000,.522,.488,.471,F,willitr01"
"356,Malik Allen,0.5,0.5,2004-05,26,CHA,22,1,271,49,101,49,101,0,0,13,14,16,31,47,7,5,11,7,24,111,.485,.485,,.929,.518,.485,F-C,allenma01"
"357,Darrin Hancock,0.5,0.5,1995-96,24,CHH,63,7,838,112,214,111,211,1,3,47,73,40,58,98,47,28,5,56,94,272,.523,.526,.333,.644,.553,.526,G-F,hancoda01"
"358,Devonte' Graham,0.5,0.5,2018-19,23,CHO,46,3,676,74,216,40,95,34,121,35,46,10,53,63,121,23,2,30,48,217,.343,.421,.281,.761,.459,.421,G,grahade01"
"359,Scott Burrell,0.5,0.5,1993-94,23,CHH,51,16,767,98,234,96,228,2,6,46,70,46,86,132,62,37,16,45,88,244,.419,.421,.333,.657,.461,.423,G-F,burresc01"
"360,Jalen McDaniels,0.5,0.5,2019-20,22,CHO,16,0,293,33,70,24,46,9,24,14,17,15,50,65,13,8,3,11,36,89,.471,.522,.375,.824,.574,.536,F,mcdanja01"
"361,Randolph Keys,0.5,0.5,1989-90,23,CHH,32,5,723,142,319,130,286,12,33,40,58,48,68,116,49,30,6,37,107,336,.445,.455,.364,.690,.488,.464,F-G,keysra01"
"362,Kenny Gattison,0.5,0.5,1994-95,30,CHH,21,0,409,47,100,47,99,0,1,31,51,21,54,75,17,7,15,22,64,125,.470,.475,.000,.608,.510,.470,F-C,gattike01"
"363,Noah Vonleh,0.5,0.5,2014-15,19,CHO,25,0,259,30,76,25,63,5,13,18,26,28,58,86,4,4,9,11,20,83,.395,.397,.385,.692,.475,.428,F,vonleno01"
"364,Alan Anderson,0.4,0.4,2005-06,23,CHA,36,7,564,75,181,51,123,24,58,33,41,23,47,70,32,11,4,32,48,207,.414,.415,.414,.805,.520,.481,G-F,anderal01"
"365,Darrin Hancock,0.4,0.4,1994-95,23,CHH,46,7,424,68,121,67,118,1,3,16,39,14,39,53,30,19,4,30,48,153,.562,.568,.333,.410,.554,.566,G-F,hancoda01"
"366,Corey Beck,0.4,0.4,1997-98,26,CHH,59,14,738,73,159,71,155,2,4,43,59,27,63,90,98,33,7,70,100,191,.459,.458,.500,.729,.516,.465,G,beckco01"
"367,Chucky Brown,0.4,0.4,1999-00,31,CHH,33,2,494,66,152,65,145,1,7,11,21,24,66,90,25,12,8,17,61,144,.434,.448,.143,.524,.447,.438,F,brownch01"
"368,Treveon Graham,0.4,0.4,2016-17,23,CHO,27,1,189,19,40,10,25,9,15,10,15,5,17,22,6,6,1,3,18,57,.475,.400,.600,.667,.612,.588,G,grahatr01"
"369,B.J. Armstrong,0.4,0.4,1998-99,31,CHH,10,1,178,21,43,15,35,6,8,9,10,1,15,16,27,3,0,10,16,57,.488,.429,.750,.900,.601,.558,G,armstbj01"
"370,J.R. Reid,0.4,0.4,1992-93,24,CHH,17,1,295,42,98,42,97,0,1,43,58,20,50,70,24,11,5,24,49,127,.429,.433,.000,.741,.514,.429,F,reidjr01"
"371,Gerald Henderson,0.4,0.4,2009-10,22,CHA,43,0,355,37,104,33,85,4,19,35,47,15,40,55,13,10,9,14,25,113,.356,.388,.211,.745,.453,.375,G,hendege02"
"372,Donald Royal,0.4,0.4,1996-97,30,CHH,25,2,320,21,40,21,40,0,0,28,35,18,40,58,10,12,2,22,42,70,.525,.525,,.800,.632,.525,F,royaldo01"
"373,DeSagana Diop,0.4,0.4,2009-10,28,CHA,27,0,262,15,29,15,29,0,0,2,9,24,41,65,5,5,14,12,31,32,.517,.517,,.222,.485,.517,C,diopde01"
"374,David Wingate,0.4,0.4,1994-95,31,CHH,52,9,515,50,122,46,100,4,22,18,24,11,49,60,56,19,6,27,60,122,.410,.460,.182,.750,.460,.426,G-F,wingada01"
"375,Sean May,0.4,0.4,2005-06,21,CHA,23,1,398,70,171,70,166,0,5,49,64,42,67,109,22,17,12,33,58,189,.409,.422,.000,.766,.474,.409,F,mayse01"
"376,Cartier Martin,0.4,0.4,2008-09,24,CHA,33,1,266,28,77,18,44,10,33,20,25,7,26,33,13,8,4,9,33,86,.364,.409,.303,.800,.489,.429,F,martica01"
"377,Brad Wanamaker,0.4,0.4,2020-21,31,CHO,22,0,428,54,126,51,102,3,24,40,45,10,29,39,75,17,5,34,39,151,.429,.500,.125,.889,.518,.440,G,wanambr01"
"378,Tony Farmer,0.4,0.4,1997-98,28,CHH,27,2,169,17,53,15,44,2,9,31,39,16,16,32,5,10,4,9,23,67,.321,.341,.222,.795,.477,.340,F,farmeto01"
"379,Raja Bell,0.4,0.4,2009-10,33,CHA,5,5,157,24,55,15,31,9,24,3,3,5,16,21,10,4,2,5,13,60,.436,.484,.375,1.000,.533,.518,G,bellra01"
"380,Isaiah Thomas,0.4,0.4,2021-22,32,CHO,17,0,219,52,120,29,62,23,58,14,15,3,18,21,24,7,3,10,22,141,.433,.468,.397,.933,.557,.529,G,thomais02"
"381,Rafael Addison,0.4,0.4,1996-97,32,CHH,41,3,355,49,122,41,102,8,20,22,28,19,26,45,34,8,3,17,52,128,.402,.402,.400,.786,.476,.434,F-G,addisra01"
"382,Reggie Williams,0.3,0.3,2011-12,25,CHA,33,13,747,106,255,73,148,33,107,29,40,27,66,93,60,20,3,33,34,274,.416,.493,.308,.725,.503,.480,F,willire02"
"383,Troy Daniels,0.3,0.3,2014-15,23,CHO,11,0,135,27,59,10,23,17,36,6,7,2,6,8,5,3,1,7,12,77,.458,.435,.472,.857,.620,.602,G,danietr01"
"384,Kemba Walker,0.3,0.3,2011-12,21,CHA,66,25,1792,281,767,212,541,69,226,168,213,30,204,234,289,60,20,119,79,799,.366,.392,.305,.789,.464,.411,G,walkeke02"
"385,Gordon Hayward,0.3,0.3,2022-23,32,CHO,8,8,248,50,106,40,78,10,28,29,37,4,30,34,33,6,2,22,6,139,.472,.513,.357,.784,.568,.519,F-G,haywago01"
"386,Malik Monk,0.3,0.3,2018-19,20,CHO,73,0,1258,227,586,118,256,109,330,90,102,16,121,137,117,37,19,86,106,653,.387,.461,.330,.882,.518,.480,G,monkma01"
"387,P.J. Hairston,0.3,0.3,2014-15,22,CHO,45,2,687,87,269,38,106,49,163,31,36,22,70,92,21,21,13,22,61,254,.323,.358,.301,.861,.446,.414,G-F,hairspj02"
"388,Julyan Stone,0.3,0.3,2017-18,29,CHO,23,0,175,6,13,0,0,6,13,1,2,1,28,29,26,4,2,7,21,19,.462,,.462,.500,.684,.692,G,stoneju01"
"389,JT Thor,0.3,0.3,2021-22,19,CHO,33,0,262,24,55,17,28,7,27,12,20,11,32,43,19,8,11,10,26,67,.436,.607,.259,.600,.525,.500,F,thorjt01"
"390,Miles Plumlee,0.3,0.3,2016-17,28,CHO,13,0,174,14,24,14,24,0,0,3,4,15,27,42,3,7,4,8,25,31,.583,.583,,.750,.602,.583,C-F,plumlmi01"
"391,Larry Hughes,0.3,0.3,2009-10,31,CHA,14,2,295,35,107,20,65,15,42,29,34,7,25,32,28,12,4,19,17,114,.327,.308,.357,.853,.467,.397,G,hughela01"
"392,Eric Leckner,0.3,0.3,1990-91,24,CHH,40,2,744,92,198,92,198,0,0,46,84,55,153,208,21,10,11,44,123,230,.465,.465,,.548,.489,.465,C-F,leckner01"
"393,Jeff Taylor,0.3,0.3,2014-15,25,CHO,29,13,430,45,114,34,78,11,36,26,41,14,39,53,22,12,1,19,36,127,.395,.436,.306,.634,.481,.443,F,tayloje03"
"394,Johnny O'Bryant,0.3,0.3,2017-18,24,CHO,36,0,379,68,171,54,128,14,43,21,25,29,64,93,14,9,6,15,45,171,.398,.422,.326,.840,.470,.439,F-C,obryajo01"
"395,Shannon Brown,0.3,0.3,2008-09,23,CHA,30,0,341,56,123,48,95,8,28,24,30,8,16,24,28,18,5,29,33,144,.455,.505,.286,.800,.529,.488,G,brownsh01"
"396,Vladimir Radmanović,0.3,0.3,2008-09,28,CHA,32,3,674,101,252,56,126,45,126,20,31,27,78,105,43,18,8,51,60,267,.401,.444,.357,.645,.503,.490,F,radmavl01"
"397,P.J. Washington,0.3,0.3,2022-23,24,CHO,13,13,409,75,175,51,105,24,70,26,34,16,45,61,21,8,15,25,36,200,.429,.486,.343,.765,.526,.497,F,washipj01"
"398,Christian Wood,0.3,0.3,2016-17,21,CHO,13,0,107,12,23,12,18,0,5,11,15,14,15,29,2,3,6,7,11,35,.522,.667,.000,.733,.591,.522,F,woodch01"
"399,Reggie Williams,0.3,0.3,2012-13,26,CHA,40,0,380,57,132,35,60,22,72,10,21,8,43,51,39,12,1,19,19,146,.432,.583,.306,.476,.517,.515,F,willire02"
"400,Anthony Goldwire,0.3,0.3,1995-96,24,CHH,42,8,621,76,189,43,106,33,83,46,60,8,35,43,112,16,0,63,79,231,.402,.406,.398,.767,.536,.489,G,goldwan01"
"401,Briante Weber,0.3,0.3,2016-17,24,CHO,13,0,159,20,46,19,39,1,7,9,13,8,14,22,16,9,0,5,12,50,.435,.487,.143,.692,.483,.446,G,weberbr01"
"402,Derek Anderson,0.3,0.3,2007-08,33,CHA,28,0,396,47,125,28,73,19,52,28,38,9,43,52,44,12,1,25,49,141,.376,.384,.365,.737,.497,.452,G,anderde01"
"403,Jorge Gutiérrez,0.3,0.3,2015-16,27,CHO,12,0,63,6,11,6,9,0,2,10,11,0,7,7,17,3,0,6,3,22,.545,.667,.000,.909,.694,.545,G,gutiejo01"
"404,Bernard Robinson,0.3,0.3,2004-05,24,CHA,31,1,328,36,81,33,73,3,8,18,26,14,34,48,30,11,4,20,42,93,.444,.452,.375,.692,.503,.463,G-F,robinbe01"
"405,Jerry Sichting,0.2,0.2,1989-90,33,CHH,34,8,469,50,119,47,107,3,12,15,18,3,16,19,92,16,2,22,39,118,.420,.439,.250,.833,.465,.433,G,sichtje01"
"406,Brian Roberts,0.2,0.2,2016-17,31,CHO,41,2,416,46,122,29,78,17,44,33,39,5,34,39,52,9,1,26,18,142,.377,.372,.386,.846,.510,.447,G,roberbr01"
"407,Todd Fuller,0.2,0.2,1999-00,25,CHH,41,2,399,51,122,51,122,0,0,32,53,36,74,110,5,9,8,27,46,134,.418,.418,,.604,.461,.418,C,fulleto02"
"408,Kareem Rush,0.2,0.2,2004-05,24,CHA,34,22,877,153,386,104,259,49,127,35,46,17,62,79,65,18,6,44,67,390,.396,.402,.386,.761,.480,.460,G,rushka01"
"409,Luke Ridnour,0.2,0.2,2013-14,32,CHA,25,2,378,42,108,30,68,12,40,4,7,8,27,35,54,9,6,20,37,100,.389,.441,.300,.571,.450,.444,G,ridnolu01"
"410,Greg Sutton,0.2,0.2,1995-96,28,CHH,18,0,190,20,50,13,29,7,21,15,19,4,11,15,39,8,0,17,36,62,.400,.448,.333,.789,.531,.470,G,suttogr01"
"411,Walter Herrmann,0.2,0.2,2007-08,28,CHA,17,0,174,25,65,16,39,9,26,9,10,10,26,36,4,4,0,4,12,68,.385,.410,.346,.900,.490,.454,F,herrmwa01"
"412,Byron Mullens,0.2,0.2,2011-12,22,CHA,65,25,1465,251,591,239,540,12,51,92,112,96,231,327,57,21,52,74,137,606,.425,.443,.235,.821,.473,.435,C,mulleby01"
"413,Mike Gminski,0.2,0.2,1993-94,34,CHH,21,6,255,31,79,31,79,0,0,11,14,19,40,59,11,13,13,11,20,73,.392,.392,,.786,.429,.392,C,gminsmi01"
"414,Rafael Addison,0.2,0.2,1995-96,31,CHH,53,0,516,77,165,77,156,0,9,17,22,25,65,90,30,9,9,27,74,171,.467,.494,.000,.773,.489,.467,F-G,addisra01"
"415,Kevin Lynch,0.2,0.2,1992-93,24,CHH,40,8,324,30,59,30,58,0,1,26,38,12,23,35,25,11,6,24,44,86,.508,.517,.000,.684,.568,.508,G-F,lynchke01"
"416,Eduardo Nájera,0.2,0.2,2011-12,35,CHA,22,0,270,24,64,16,35,8,29,2,4,11,39,50,12,19,4,7,40,58,.375,.457,.276,.500,.441,.438,F,najered01"
"417,Kevin Lynch,0.2,0.2,1991-92,23,CHH,55,3,819,93,223,90,215,3,8,35,46,30,55,85,83,37,9,44,107,224,.417,.419,.375,.761,.460,.424,G-F,lynchke01"
"418,Rex Chapman,0.2,0.2,1991-92,24,CHH,21,11,545,108,240,100,213,8,27,36,53,9,45,54,86,14,8,42,47,260,.450,.469,.296,.679,.494,.467,G,chapmre01"
"419,Ricky Davis,0.2,0.2,1998-99,19,CHH,46,1,557,81,200,79,188,2,12,45,59,40,44,84,58,30,7,54,46,209,.405,.420,.167,.763,.462,.410,G,davisri01"
"420,Jannero Pargo,0.2,0.2,2014-15,35,CHO,9,0,73,15,35,6,13,9,22,2,2,0,3,3,8,0,0,3,8,41,.429,.462,.409,1.000,.571,.557,G,pargoja01"
"421,Eduardo Nájera,0.2,0.2,2010-11,34,CHA,31,0,372,26,72,15,38,11,34,6,11,14,30,44,20,11,6,13,52,69,.361,.395,.324,.545,.449,.438,F,najered01"
"422,Vernon Carey Jr.,0.2,0.2,2020-21,19,CHO,19,4,115,18,36,17,29,1,7,9,11,6,21,27,2,1,5,5,13,46,.500,.586,.143,.818,.563,.514,C,careyve01"
"423,Dontell Jefferson,0.2,0.2,2008-09,25,CHA,6,0,84,11,22,10,20,1,2,6,9,1,11,12,9,4,1,6,9,29,.500,.500,.500,.667,.559,.523,G,jeffedo01"
"424,Ryan Hollins,0.2,0.2,2006-07,22,CHA,27,0,185,20,36,20,36,0,0,24,40,11,20,31,1,4,7,16,40,64,.556,.556,,.600,.597,.556,C,holliry01"
"425,Vladimir Radmanović,0.2,0.2,2009-10,29,CHA,8,0,133,14,42,7,20,7,22,4,6,8,21,29,7,3,1,5,18,39,.333,.350,.318,.667,.437,.417,F,radmavl01"
"426,Matt Carroll,0.1,0.1,2008-09,28,CHA,34,10,475,56,138,44,93,12,45,15,19,5,50,55,24,18,5,26,53,139,.406,.473,.267,.789,.475,.449,G,carroma01"
"427,Byron Mullens,0.1,0.1,2012-13,23,CHA,53,41,1428,217,563,151,355,66,208,64,99,71,266,337,81,34,32,74,110,564,.385,.425,.317,.646,.465,.444,C,mulleby01"
"428,Melvin Ely,0.1,0.1,2004-05,26,CHA,79,17,1649,227,526,227,526,0,0,122,212,142,184,326,76,32,69,115,199,576,.432,.432,,.575,.465,.432,C,elyme01"
"429,Brendan Haywood,0.1,0.1,2012-13,33,CHA,61,17,1162,93,216,93,215,0,1,30,66,125,165,290,29,16,49,50,125,216,.431,.433,.000,.455,.441,.431,C,haywobr01"
"430,Bryce McGowens,0.1,0.1,2022-23,20,CHO,5,0,30,5,9,4,6,1,3,5,5,0,2,2,1,2,1,1,1,16,.556,.667,.333,1.000,.714,.611,G-F,mcgowbr01"
"431,Alan Anderson,0.1,0.1,2006-07,24,CHA,17,0,256,37,81,32,61,5,20,19,23,11,21,32,21,7,0,22,33,98,.457,.525,.250,.826,.538,.488,G-F,anderal01"
"432,Tom Tolbert,0.1,0.1,1988-89,23,CHH,14,0,117,17,37,17,34,0,3,6,12,7,14,21,7,2,4,2,20,40,.459,.500,.000,.500,.473,.459,F-C,tolbeto01"
"433,Théo Maledon,0.1,0.1,2022-23,21,CHO,12,0,154,17,37,11,19,6,18,5,6,1,20,21,26,5,3,14,10,45,.459,.579,.333,.833,.568,.541,G,maledth01"
"434,Pete Myers,0.1,0.1,1995-96,32,CHH,32,1,453,29,87,26,71,3,16,31,46,14,53,67,48,20,6,25,57,92,.333,.366,.188,.674,.429,.351,G-F,myerspe01"
"435,Gary Neal,0.1,0.1,2014-15,30,CHO,43,0,931,143,398,104,265,39,133,88,102,14,80,94,80,16,1,55,70,413,.359,.392,.293,.863,.466,.408,G,nealga01"
"436,Corey Beck,0.1,0.1,1998-99,27,CHH,16,0,150,14,31,13,30,1,1,6,13,3,20,23,20,7,2,11,21,35,.452,.433,1.000,.462,.477,.468,G,beckco01"
"437,Greg Kite,0.1,0.1,1988-89,27,CHH,12,12,213,16,30,16,30,0,0,6,10,15,38,53,7,4,8,12,43,38,.533,.533,,.600,.552,.533,C,kitegr01"
"438,Scott Burrell,0.1,0.1,2000-01,30,CHH,4,0,41,7,15,5,9,2,6,1,4,1,2,3,1,3,0,0,8,17,.467,.556,.333,.250,.507,.533,G-F,burresc01"
"439,Matt Bullard,0.1,0.1,2001-02,34,CHH,31,0,350,39,115,23,58,16,57,11,12,10,37,47,16,2,2,12,29,105,.339,.397,.281,.917,.436,.409,F,bullama01"
"440,Tom Hammonds,0.1,0.1,1992-93,25,CHH,19,5,142,19,45,19,45,0,0,5,8,5,26,31,8,0,4,3,20,43,.422,.422,,.625,.443,.422,F,hammoto01"
"441,Grant Riller,0.1,0.1,2020-21,23,CHO,7,0,27,8,12,6,8,2,4,0,0,0,1,1,3,1,0,1,0,18,.667,.750,.500,,.750,.750,G,rillegr01"
"442,Kai Jones,0.1,0.1,2022-23,22,CHO,5,0,24,3,6,2,3,1,3,2,4,0,1,1,2,1,5,0,2,9,.500,.667,.333,.500,.580,.583,F-C,joneska01"
"443,Ralph Lewis,0.1,0.1,1989-90,26,CHH,3,0,20,4,6,4,6,0,0,2,2,4,2,6,0,1,0,1,2,10,.667,.667,,1.000,.727,.667,F-G,lewisra01"
"444,Tim James,0.1,0.1,2000-01,24,CHH,30,0,197,16,52,15,49,1,3,12,14,15,20,35,8,2,5,8,27,45,.308,.306,.333,.857,.387,.317,F,jamesti01"
"445,Dave Hoppen,0.1,0.1,1990-91,26,CHH,19,0,112,18,32,18,31,0,1,8,10,14,16,30,3,2,1,12,18,44,.563,.581,.000,.800,.604,.563,C-F,hoppeda01"
"446,Eldridge Recasner,0.1,0.1,1999-00,32,CHH,7,0,28,3,7,2,3,1,4,0,0,0,4,4,5,0,0,0,1,7,.429,.667,.250,,.500,.500,G,recasel01"
"447,Mangok Mathiang,0.1,0.1,2017-18,25,CHO,4,0,20,4,7,4,7,0,0,0,1,3,7,10,0,1,0,0,5,8,.571,.571,,.000,.538,.571,C-F,mathima01"
"448,Muggsy Bogues,0.1,0.1,1997-98,33,CHH,2,0,16,2,5,2,5,0,0,2,2,0,1,1,4,2,0,1,2,6,.400,.400,,1.000,.510,.400,G,boguemu01"
"449,Jeff McInnis,0.1,0.1,2007-08,33,CHA,54,26,1410,108,249,105,230,3,19,23,30,16,80,96,220,23,3,76,120,242,.434,.457,.158,.767,.461,.440,G,mcinnje01"
"450,Keith Bogans,0.1,0.1,2004-05,24,CHA,74,42,1791,262,688,205,515,57,173,133,183,76,150,226,135,68,8,122,167,714,.381,.398,.329,.727,.465,.422,G-F,boganke01"
"451,Sidney Green,0.1,0.1,1992-93,32,CHH,24,0,127,14,40,14,38,0,2,12,16,14,33,47,5,1,2,8,16,40,.350,.368,.000,.750,.425,.350,F-C,greensi02"
"452,Dwayne Jones,0.1,0.1,2008-09,25,CHA,6,0,52,4,7,4,7,0,0,4,6,6,6,12,0,0,1,4,6,12,.571,.571,,.667,.622,.571,F-C,jonesdw02"
"453,Adam Morrison,0.1,0.1,2008-09,24,CHA,44,5,667,76,211,45,119,31,92,16,21,16,56,72,38,9,4,29,73,199,.360,.378,.337,.762,.452,.434,F,morriad01"
"454,Johnny O'Bryant,0.1,0.1,2016-17,23,CHO,4,0,34,8,15,7,12,1,3,1,2,4,4,8,4,0,0,3,6,18,.533,.583,.333,.500,.567,.567,F-C,obryajo01"
"455,Mark Williams,0.1,0.1,2022-23,21,CHO,3,0,13,4,7,4,7,0,0,3,3,4,4,8,0,0,0,2,3,11,.571,.571,,1.000,.661,.571,C,willima07"
"456,Ron Grandison,0.0,0.0,1991-92,27,CHH,3,0,25,2,4,2,4,0,0,6,10,3,8,11,1,1,1,3,4,10,.500,.500,,.600,.595,.500,F,grandro01"
"457,James Blackwell,0.0,0.0,1994-95,26,CHH,4,0,19,2,3,2,3,0,0,0,0,0,3,3,5,1,0,2,1,4,.667,.667,,,.667,.667,G,blackja01"
"458,Steve Henson,0.0,0.0,1993-94,25,CHH,3,0,17,1,2,0,1,1,1,0,0,0,1,1,5,0,0,1,3,3,.500,.000,1.000,,.750,.750,G,hensost01"
"459,Travis Williams,0.0,0.0,1998-99,29,CHH,8,0,62,6,13,6,13,0,0,3,4,6,13,19,2,2,1,6,10,15,.462,.462,,.750,.508,.462,F,willitr01"
"460,Vernon Carey Jr.,0.0,0.0,2021-22,20,CHO,4,1,17,3,6,3,6,0,0,2,3,3,2,5,0,1,0,1,1,8,.500,.500,,.667,.546,.500,C,careyve01"
"461,Nick Richards,0.0,0.0,2020-21,23,CHO,18,0,63,4,9,4,8,0,1,7,11,4,7,11,2,0,0,3,7,15,.444,.500,.000,.636,.542,.444,F-C,richani01"
"462,Lonny Baxter,0.0,0.0,2005-06,27,CHA,18,0,119,12,32,12,32,0,0,12,16,7,26,33,2,2,1,7,8,36,.375,.375,,.750,.461,.375,F,baxtelo01"
"463,Muggsy Bogues,0.0,0.0,1995-96,31,CHH,6,0,77,6,16,6,15,0,1,2,2,6,1,7,19,2,0,6,4,14,.375,.400,.000,1.000,.415,.375,G,boguemu01"
"464,Nazr Mohammed,0.0,0.0,2008-09,31,CHA,39,1,341,41,101,41,101,0,0,22,40,35,44,79,8,5,16,23,63,104,.406,.406,,.550,.438,.406,C,mohamna01"
"465,Gerald Glass,0.0,0.0,1995-96,28,CHH,5,0,15,2,5,2,4,0,1,1,1,1,1,2,0,1,0,0,5,5,.400,.500,.000,1.000,.460,.400,G-F,glassge01"
"466,Scottie Lewis,0.0,0.0,2021-22,21,CHO,2,0,7,0,0,0,0,0,0,1,2,0,0,0,1,1,0,0,0,1,,,,.500,.568,,G,lewissc01"
"467,Dave Hoppen,0.0,0.0,1989-90,25,CHH,10,2,135,16,41,16,41,0,0,8,10,19,17,36,6,2,1,8,26,40,.390,.390,,.800,.441,.390,C-F,hoppeda01"
"468,Jamie Feick,0.0,0.0,1996-97,22,CHH,3,0,10,2,4,1,3,1,1,0,2,1,2,3,0,0,1,0,3,5,.500,.333,1.000,.000,.512,.625,C,feickja01"
"469,Nate Darling,0.0,0.0,2020-21,22,CHO,7,0,26,2,7,0,0,2,7,3,3,1,0,1,1,0,1,1,1,9,.286,,.286,1.000,.541,.429,G,darlina01"
"470,Jeff Sanders,0.0,0.0,1990-91,25,CHH,3,0,43,6,14,6,14,0,0,1,2,3,6,9,1,1,1,1,6,13,.429,.429,,.500,.437,.429,F,sandeje01"
"471,Rickey Green,0.0,0.0,1988-89,34,CHH,33,2,370,57,132,56,127,1,5,13,14,4,19,23,82,18,0,28,16,128,.432,.441,.200,.929,.463,.436,G,greenri01"
"472,Tim Kempton,0.0,0.0,1993-94,30,CHH,9,0,103,9,26,9,26,0,0,7,10,6,8,14,6,4,1,4,25,25,.346,.346,,.700,.411,.346,F-C,kemptti01"
"473,Othella Harrington,0.0,0.0,2006-07,33,CHA,26,0,220,25,56,25,56,0,0,17,22,13,25,38,6,1,1,15,49,67,.446,.446,,.773,.510,.446,F-C,harriot01"
"474,Earl Boykins,0.0,0.0,2007-08,31,CHA,36,0,577,61,172,47,128,14,44,49,59,9,25,34,96,13,0,41,21,185,.355,.367,.318,.831,.467,.395,G,boykiea01"
"475,Kai Jones,0.0,0.0,2021-22,21,CHO,21,0,63,9,14,8,12,1,2,3,8,3,8,11,4,1,2,6,8,22,.643,.667,.500,.375,.628,.679,F-C,joneska01"
"476,Cory Alexander,0.0,0.0,2004-05,31,CHA,16,1,201,16,49,8,30,8,19,9,12,8,21,29,37,9,1,19,29,49,.327,.267,.421,.750,.451,.408,G,alexaco01"
"477,James Bouknight,0.0,0.0,2021-22,21,CHO,31,0,304,49,141,32,92,17,49,27,31,22,30,52,26,7,1,15,29,142,.348,.348,.347,.871,.459,.408,G,bouknja01"
"478,Matt Carroll,0.0,0.0,2012-13,32,CHA,1,0,6,0,0,0,0,0,0,0,0,0,0,0,1,0,0,0,1,0,,,,,,,G,carroma01"
"479,Donald Hodge,0.0,0.0,1995-96,26,CHH,2,0,2,0,0,0,0,0,0,0,0,0,1,1,0,0,0,0,0,0,,,,,,,C,hodgedo01"
"480,Linton Johnson,0.0,0.0,2008-09,28,CHA,2,0,13,0,0,0,0,0,0,0,0,0,0,0,0,0,0,0,1,0,,,,,,,F,johnsli01"
"481,D.J. White,0.0,0.0,2013-14,27,CHA,2,0,10,0,1,0,1,0,0,0,0,0,2,2,0,1,0,0,1,0,.000,.000,,,.000,.000,F,whitedj01"
"482,Eldridge Recasner,0.0,0.0,2001-02,34,CHH,1,0,2,0,0,0,0,0,0,0,0,0,0,0,0,0,0,0,1,0,,,,,,,G,recasel01"
"483,Cody Martin,0.0,0.0,2022-23,27,CHO,1,0,1,0,0,0,0,0,0,0,0,0,0,0,0,0,0,0,0,0,,,,,,,G-F,martico01"
"484,Cedric Hunter,0.0,0.0,1991-92,27,CHH,1,0,1,0,0,0,0,0,0,0,0,0,0,0,0,0,0,0,0,0,,,,,,,G,huntece01"
"485,Marcus Paige,0.0,0.0,2017-18,24,CHO,5,0,28,4,14,2,6,2,8,2,2,0,4,4,3,0,0,0,0,12,.286,.333,.250,1.000,.403,.357,G,paigema01"
"486,Jannero Pargo,0.0,0.0,2012-13,33,CHA,18,0,292,57,142,28,66,29,76,8,9,9,13,22,34,15,2,28,26,151,.401,.424,.382,.889,.517,.504,G,pargoja01"
"487,Tony Bennett,0.0,0.0,1994-95,25,CHH,3,0,46,6,13,4,4,2,9,0,0,0,2,2,4,0,0,3,6,14,.462,1.000,.222,,.538,.538,G,benneto01"
"488,Malik Monk,0.0,0.0,2017-18,19,CHO,63,0,854,153,425,70,182,83,243,32,38,8,58,66,91,20,9,49,60,421,.360,.385,.342,.842,.477,.458,G,monkma01"
"489,Michael Ansley,0.0,0.0,1991-92,24,CHH,2,0,13,3,7,3,7,0,0,0,0,0,2,2,0,0,0,0,1,6,.429,.429,,,.429,.429,F,anslemi01"
"490,Alexis Ajinça,0.0,0.0,2009-10,21,CHA,6,0,30,5,10,5,10,0,0,0,1,1,3,4,0,1,1,2,5,10,.500,.500,,.000,.479,.500,C-F,ajincal01"
"491,Lorenzo Williams,0.0,0.0,1992-93,23,CHH,2,0,18,1,3,1,3,0,0,0,0,3,6,9,0,0,2,2,4,2,.333,.333,,,.333,.333,F-C,willilo01"
"492,Jason Miskiri,0.0,0.0,1999-00,24,CHH,1,0,3,0,1,0,0,0,1,0,0,0,0,0,1,0,0,0,2,0,.000,,.000,,.000,.000,G,miskija01"
"493,Joe Chealey,0.0,0.0,2018-19,23,CHO,1,0,8,1,3,1,3,0,0,0,0,0,0,0,1,0,0,0,1,2,.333,.333,,,.333,.333,G,chealjo01"
"494,Cory Higgins,0.0,0.0,2012-13,23,CHA,6,0,32,6,19,5,14,1,5,1,2,1,2,3,5,3,0,0,5,14,.316,.357,.200,.500,.352,.342,G,higgico01"
"495,Lorenzo Williams,0.0,0.0,1993-94,24,CHH,1,0,19,0,1,0,1,0,0,0,0,0,4,4,0,1,2,1,2,0,.000,.000,,,.000,.000,F-C,willilo01"
"496,Justin Hamilton,0.0,0.0,2013-14,23,CHA,1,0,4,0,0,0,0,0,0,0,0,0,0,0,0,1,0,1,0,0,,,,,,,C,hamilju01"
"497,Tom Tolbert,0.0,0.0,1994-95,29,CHH,10,0,57,6,18,6,14,0,4,2,2,7,10,17,2,0,0,3,9,14,.333,.429,.000,1.000,.371,.333,F-C,tolbeto01"
"498,Tony Delk,0.0,0.0,1997-98,24,CHH,3,0,34,3,4,2,3,1,1,1,2,0,2,2,3,0,0,4,8,8,.750,.667,1.000,.500,.820,.875,G,delkto01"
"499,Arnoldas Kulboka,0.0,0.0,2021-22,24,CHO,2,0,5,0,1,0,0,0,1,0,0,0,0,0,0,0,0,0,1,0,.000,,.000,,.000,.000,F,kulboar01"
"500,Sean Singletary,0.0,0.0,2008-09,23,CHA,24,1,181,19,48,13,33,6,15,12,15,5,14,19,17,5,0,18,31,56,.396,.394,.400,.800,.513,.458,G,singlse01"
"501,Terry Rozier,0.0,0.0,2022-23,28,CHO,6,6,218,49,135,28,74,21,61,12,14,11,26,37,33,1,3,15,9,131,.363,.378,.344,.857,.464,.441,G,roziete01"
"502,JT Thor,0.0,0.0,2022-23,20,CHO,12,0,138,11,34,7,15,4,19,7,9,8,19,27,7,2,5,8,7,33,.324,.467,.211,.778,.435,.382,F,thorjt01"
"503,Aaron Harrison,0.0,0.0,2015-16,21,CHO,21,0,93,5,19,2,9,3,10,5,12,4,11,15,2,6,0,4,10,18,.263,.222,.300,.417,.371,.342,G,harriaa01"
"504,Eldridge Recasner,0.0,0.0,2000-01,33,CHH,43,0,403,38,114,25,75,13,39,14,18,13,37,50,39,6,1,27,30,103,.333,.333,.333,.778,.422,.390,G,recasel01"
"505,Ralph Lewis,0.0,0.0,1988-89,25,CHH,42,0,336,58,121,57,118,1,3,19,39,35,26,61,15,11,3,24,28,136,.479,.483,.333,.487,.492,.483,F-G,lewisra01"
"506,Othella Harrington,0.0,0.0,2007-08,34,CHA,22,0,166,18,42,18,42,0,0,10,16,11,31,42,4,1,4,11,34,46,.429,.429,,.625,.469,.429,F-C,harriot01"
"507,Mike Tobey,0.0,0.0,2016-17,22,CHO,2,0,25,1,4,1,4,0,0,0,0,2,1,3,1,0,0,1,2,2,.250,.250,,,.250,.250,C,tobeymi01"
"508,J.P. Macura,0.0,0.0,2018-19,23,CHO,2,0,17,3,9,3,5,0,4,0,0,0,3,3,2,0,0,0,0,6,.333,.600,.000,,.333,.333,G,macurjp01"
"509,Doug Overton,0.0,0.0,2000-01,31,CHH,2,0,15,2,2,2,2,0,0,0,0,0,0,0,0,1,0,3,2,4,1.000,1.000,,,1.000,1.000,G,overtdo01"
"510,Joe Wolf,0.0,0.0,1998-99,34,CHH,3,0,12,0,1,0,1,0,0,0,2,0,1,1,0,0,0,0,6,0,.000,.000,,.000,.000,.000,F-C,wolfjo01"
"511,Acie Law,0.0,0.0,2009-10,25,CHA,9,0,33,5,16,5,15,0,1,6,7,0,1,1,3,1,1,3,3,16,.313,.333,.000,.857,.419,.313,G,lawac01"
"512,Michael Hawkins,0.0,0.0,1999-00,27,CHH,12,0,36,3,13,2,8,1,5,1,2,0,7,7,13,0,0,3,2,8,.231,.250,.200,.500,.288,.269,G,hawkimi01"
"513,Dale Ellis,0.0,0.0,1999-00,39,CHH,24,5,240,19,58,5,23,14,35,3,4,6,16,22,8,7,0,13,22,55,.328,.217,.400,.750,.460,.448,G-F,ellisda01"
"514,Aaron Harrison,-0.1,-0.1,2016-17,22,CHO,5,0,17,0,4,0,2,0,2,1,2,0,3,3,3,0,0,0,2,1,.000,.000,.000,.500,.102,.000,G,harriaa01"
"515,Michael McDonald,-0.1,-0.1,1997-98,28,CHH,1,0,4,0,0,0,0,0,0,0,0,1,0,1,0,0,0,2,1,0,,,,,,,C,mcdonmi01"
"516,Andre Turner,-0.1,-0.1,1989-90,25,CHH,8,0,84,9,25,9,24,0,1,4,4,1,2,3,20,7,0,8,5,22,.360,.375,.000,1.000,.411,.360,G,turnean01"
"517,Eric Leckner,-0.1,-0.1,1996-97,30,CHH,1,0,11,0,3,0,3,0,0,0,0,0,1,1,1,0,0,0,3,0,.000,.000,,,.000,.000,C-F,leckner01"
"518,Jeff McInnis,-0.1,-0.1,2006-07,32,CHA,38,3,702,71,181,70,173,1,8,22,32,14,48,62,124,14,0,42,72,165,.392,.405,.125,.688,.423,.395,G,mcinnje01"
"519,Joe Wolf,-0.1,-0.1,1995-96,31,CHH,1,0,18,0,1,0,1,0,0,0,0,0,2,2,0,2,0,2,2,0,.000,.000,,,.000,.000,F-C,wolfjo01"
"520,Scott Haffner,-0.1,-0.1,1990-91,24,CHH,7,0,50,8,21,8,19,0,2,1,2,2,2,4,9,3,1,4,4,17,.381,.421,.000,.500,.388,.381,G,haffnsc01"
"521,DeSagana Diop,-0.1,-0.1,2010-11,29,CHA,16,0,181,8,24,8,24,0,0,4,11,12,28,40,7,4,15,11,26,20,.333,.333,,.364,.347,.333,C,diopde01"
"522,Derek Hood,-0.1,-0.1,1999-00,23,CHH,2,0,4,0,3,0,3,0,0,0,0,0,1,1,0,0,0,0,0,0,.000,.000,,,.000,.000,F,hoodde01"
"523,Jérôme Moïso,-0.1,-0.1,2001-02,23,CHH,15,0,76,8,20,8,20,0,0,0,0,4,21,25,4,3,2,8,12,16,.400,.400,,,.400,.400,F-C,moisoje01"
"524,Hakim Warrick,-0.1,-0.1,2012-13,30,CHA,27,14,482,66,163,66,160,0,3,58,86,21,68,89,25,12,6,29,37,190,.405,.413,.000,.674,.473,.405,F,warriha01"
"525,Alexis Ajinça,-0.1,-0.1,2008-09,20,CHA,31,4,182,25,69,25,67,0,2,20,28,9,21,30,3,7,6,12,34,70,.362,.373,.000,.714,.430,.362,C-F,ajincal01"
"526,James Southerland,-0.1,-0.1,2013-14,23,CHA,1,0,3,0,3,0,2,0,1,0,0,0,0,0,0,0,0,0,0,0,.000,.000,.000,,.000,.000,F,southja01"
"527,Willie Burton,-0.1,-0.1,1998-99,30,CHH,3,0,18,1,7,1,6,0,1,2,4,4,2,6,0,0,0,1,2,4,.143,.167,.000,.500,.228,.143,F-G,burtowi01"
"528,Greg Grant,-0.1,-0.1,1991-92,25,CHH,13,0,57,0,8,0,8,0,0,1,2,1,3,4,18,8,0,5,3,1,.000,.000,,.500,.056,.000,G,grantgr01"
"529,Eric Williams,-0.1,-0.1,2006-07,34,CHA,5,0,33,4,13,4,11,0,2,4,7,2,1,3,1,1,0,2,6,12,.308,.364,.000,.571,.373,.308,F,willier01"
"530,Bernard Robinson,-0.1,-0.1,2006-07,26,CHA,21,0,241,16,54,16,52,0,2,19,22,9,33,42,17,13,1,16,28,51,.296,.308,.000,.864,.400,.296,G-F,robinbe01"
"531,DeSagana Diop,-0.1,-0.1,2012-13,31,CHA,22,1,226,8,27,8,26,0,1,0,1,10,41,51,13,5,16,8,19,16,.296,.308,.000,.000,.292,.296,C,diopde01"
"532,Jermareo Davidson,-0.1,-0.1,2007-08,23,CHA,38,2,322,51,125,51,125,0,0,18,28,21,41,62,13,7,15,17,46,120,.408,.408,,.643,.437,.408,F,davidje01"
"533,Terrance Roberson,-0.1,-0.1,2000-01,24,CHH,3,0,13,0,2,0,1,0,1,0,0,0,1,1,1,0,0,2,3,0,.000,.000,.000,,.000,.000,F,roberte01"
"534,Michael Kidd-Gilchrist,-0.1,-0.1,2019-20,26,CHO,12,0,160,18,53,13,36,5,17,7,9,9,26,35,10,0,3,7,18,48,.340,.361,.294,.778,.421,.387,F,kiddgmi01"
"535,Corey Beck,-0.1,-0.1,1995-96,24,CHH,5,0,33,2,8,2,8,0,0,1,2,3,4,7,5,1,0,4,8,5,.250,.250,,.500,.282,.250,G,beckco01"
"536,Robert Reid,-0.1,-0.1,1988-89,33,CHH,82,54,2152,519,1214,502,1162,17,52,152,196,82,220,302,153,53,20,106,235,1207,.428,.432,.327,.776,.464,.435,F-G,reidro01"
"537,George Zídek,-0.1,-0.1,1996-97,23,CHH,36,2,288,33,85,33,83,0,2,25,32,25,38,63,9,4,3,23,44,91,.388,.398,.000,.781,.459,.388,C,zidekge01"
"538,Andre Brown,-0.1,-0.1,2008-09,27,CHA,4,0,41,1,7,1,7,0,0,2,2,7,5,12,1,1,0,5,9,4,.143,.143,,1.000,.254,.143,F,brownan01"
"539,Dwayne Bacon,-0.1,-0.1,2017-18,22,CHO,53,6,713,72,192,61,149,11,43,20,25,4,120,124,38,16,2,23,46,175,.375,.409,.256,.800,.431,.404,G,bacondw01"
"540,Ish Smith,-0.1,-0.1,2021-22,33,CHO,37,1,511,73,185,63,160,10,25,12,19,11,46,57,98,20,10,36,34,168,.395,.394,.400,.632,.434,.422,G,smithis01"
"541,Joel Przybilla,-0.1,-0.1,2010-11,31,CHA,5,0,74,4,10,4,10,0,0,1,4,9,15,24,0,0,1,7,16,9,.400,.400,,.250,.383,.400,C,przybjo01"
"542,Joe Chealey,-0.1,-0.1,2019-20,24,CHO,4,0,33,0,7,0,3,0,4,2,2,0,0,0,1,4,0,2,2,2,.000,.000,.000,1.000,.127,.000,G,chealjo01"
"543,Jahidi White,-0.1,-0.1,2004-05,28,CHA,17,0,135,14,31,14,31,0,0,14,40,11,23,34,1,2,12,11,31,42,.452,.452,,.350,.432,.452,F-C,whiteja01"
"544,Tony Massenburg,-0.1,-0.1,1991-92,24,CHH,3,0,13,0,3,0,3,0,0,1,2,1,3,4,0,1,0,4,2,1,.000,.000,,.500,.129,.000,F,masseto01"
"545,Earl Cureton,-0.1,-0.1,1990-91,33,CHH,9,1,159,8,24,8,23,0,1,1,3,6,30,36,3,0,3,6,16,17,.333,.348,.000,.333,.336,.333,F-C,curetea01"
"546,Jeff Grayer,-0.1,-0.1,1997-98,32,CHH,1,0,11,0,4,0,1,0,3,0,0,0,0,0,1,0,0,2,0,0,.000,.000,.000,,.000,.000,F-G,grayeje01"
"547,Terry Dozier,-0.2,-0.2,1989-90,23,CHH,9,0,92,9,27,9,26,0,1,4,8,7,8,15,3,6,2,7,10,22,.333,.346,.000,.500,.360,.333,F,doziete01"
"548,Sherron Collins,-0.2,-0.2,2010-11,23,CHA,20,0,66,7,25,5,15,2,10,1,1,0,5,5,8,2,0,4,2,17,.280,.333,.200,1.000,.334,.320,G,collish01"
"549,DeSagana Diop,-0.2,-0.2,2011-12,30,CHA,27,9,325,15,42,15,42,0,0,1,6,33,52,85,23,6,13,19,36,31,.357,.357,,.167,.347,.357,C,diopde01"
"550,Randolph Keys,-0.2,-0.2,1990-91,24,CHH,44,0,473,59,145,56,131,3,14,19,33,40,60,100,18,22,15,35,93,140,.407,.427,.214,.576,.439,.417,F-G,keysra01"
"551,Michael Holton,-0.2,-0.2,1989-90,28,CHH,16,0,109,14,26,14,26,0,0,1,2,1,1,2,16,1,0,13,19,29,.538,.538,,.500,.539,.538,G,holtomi01"
"552,Kirk Haston,-0.2,-0.2,2001-02,22,CHH,15,0,77,11,39,11,36,0,3,4,8,5,15,20,5,0,1,3,9,26,.282,.306,.000,.500,.306,.282,F,hastoki01"
"553,Tyrus Thomas,-0.2,-0.2,2012-13,26,CHA,26,2,360,48,136,45,128,3,8,26,31,16,44,60,19,14,15,17,51,125,.353,.352,.375,.839,.418,.364,F,thomaty01"
"554,Kevin Burleson,-0.2,-0.2,2005-06,26,CHA,39,1,340,22,88,12,34,10,54,16,17,4,22,26,48,26,2,25,63,70,.250,.353,.185,.941,.367,.307,G,burleke01"
"555,Rex Chapman,-0.2,-0.2,1988-89,21,CHH,75,44,2219,526,1271,466,1080,60,191,155,195,74,113,187,176,70,25,113,167,1267,.414,.431,.314,.795,.467,.437,G,chapmre01"
"556,Kareem Rush,-0.2,-0.2,2005-06,25,CHA,47,25,1111,181,469,124,305,57,164,55,77,18,85,103,50,38,13,65,79,474,.386,.407,.348,.714,.471,.447,G,rushka01"
"557,Melvin Ely,-0.2,-0.2,2006-07,28,CHA,24,0,244,23,60,23,60,0,0,24,35,12,27,39,14,2,6,23,39,70,.383,.383,,.686,.464,.383,C,elyme01"
"558,Jeff Taylor,-0.2,-0.2,2013-14,24,CHA,26,8,629,82,218,64,151,18,67,26,47,15,45,60,22,13,5,25,62,208,.376,.424,.269,.553,.436,.417,F,tayloje03"
"559,Jamario Moon,-0.3,-0.3,2011-12,31,CHA,8,0,123,7,24,5,14,2,10,2,2,2,20,22,5,1,5,8,5,18,.292,.357,.200,1.000,.362,.333,F,moonja01"
"560,Shelvin Mack,-0.3,-0.3,2018-19,28,CHO,4,0,42,2,14,2,12,0,2,5,9,0,2,2,1,2,0,4,3,9,.143,.167,.000,.556,.251,.143,G,macksh01"
"561,Tamar Slay,-0.3,-0.3,2004-05,24,CHA,8,0,78,13,39,11,27,2,12,0,2,6,8,14,3,5,0,8,20,28,.333,.407,.167,.000,.351,.359,G,slayta01"
"562,Sean May,-0.3,-0.3,2008-09,24,CHA,24,12,301,39,98,38,97,1,1,14,20,20,49,69,10,5,4,26,32,93,.398,.392,1.000,.700,.435,.403,F,mayse01"
"563,Elliot Perry,-0.3,-0.3,1991-92,22,CHH,40,0,371,43,114,42,109,1,5,26,39,12,20,32,64,25,2,37,26,113,.377,.385,.200,.667,.431,.382,G,perryel01"
"564,Primož Brezec,-0.3,-0.3,2007-08,28,CHA,20,18,267,17,43,17,43,0,0,3,5,14,30,44,6,0,3,15,35,37,.395,.395,,.600,.409,.395,C,brezepr01"
"565,Garrett Temple,-0.3,-0.3,2010-11,24,CHA,12,0,126,12,42,5,16,7,26,7,11,0,15,15,24,9,4,20,14,38,.286,.313,.269,.636,.406,.369,G,templga01"
"566,James Bouknight,-0.3,-0.3,2022-23,22,CHO,13,0,252,29,91,18,42,11,49,10,16,4,30,34,21,6,3,15,23,79,.319,.429,.224,.625,.403,.379,G,bouknja01"
"567,Ben Gordon,-0.3,-0.3,2013-14,30,CHA,19,0,279,37,108,29,79,8,29,17,21,3,24,27,21,10,2,21,18,99,.343,.367,.276,.810,.422,.380,G,gordobe01"
"568,Rumeal Robinson,-0.4,-0.4,1993-94,27,CHH,14,0,95,13,33,12,28,1,5,3,9,2,6,8,18,3,0,18,15,30,.394,.429,.200,.333,.406,.409,G,robinru01"
"569,Tom Chambers,-0.4,-0.4,1996-97,37,CHH,12,5,83,7,31,5,28,2,3,3,4,3,11,14,4,1,0,9,14,19,.226,.179,.667,.750,.290,.258,F-C,chambto01"
"570,Robert Reid,-0.4,-0.4,1989-90,34,CHH,60,27,1117,162,414,153,385,9,29,50,78,33,110,143,82,36,14,44,136,383,.391,.397,.310,.641,.427,.402,F-G,reidro01"
"571,Theron Smith,-0.4,-0.4,2004-05,24,CHA,33,5,510,44,136,41,124,3,12,14,16,39,77,116,28,6,4,27,58,105,.324,.331,.250,.875,.367,.335,F,smithth01"
"572,Boris Diaw,-0.5,-0.5,2011-12,29,CHA,37,28,1018,116,283,93,197,23,86,17,27,47,148,195,158,20,19,84,71,272,.410,.472,.267,.630,.461,.451,F-C,diawbo01"
"573,Ben Gordon,-0.6,-0.6,2012-13,29,CHA,75,0,1560,310,760,197,468,113,292,107,127,18,112,130,141,35,16,136,134,840,.408,.421,.387,.843,.515,.482,G,gordobe01"
"574,Tyrus Thomas,-0.6,-0.6,2011-12,25,CHA,54,30,1013,120,327,119,324,1,3,63,83,49,151,200,35,36,60,53,144,304,.367,.367,.333,.759,.418,.369,F,thomaty01"
"575,Matt Carroll,-0.6,-0.6,2011-12,31,CHA,53,2,596,52,157,44,114,8,43,30,38,8,50,58,38,16,7,24,52,142,.331,.386,.186,.789,.409,.357,G,carroma01"
"576,Rex Chapman,-0.7,-0.7,1989-90,22,CHH,54,52,1762,377,924,330,782,47,142,144,192,52,127,179,132,46,6,100,113,945,.408,.422,.331,.750,.469,.433,G,chapmre01"
"577,Dwayne Bacon,-0.8,-0.8,2019-20,24,CHO,39,11,687,85,244,66,177,19,67,35,53,15,85,100,52,23,2,37,52,224,.348,.373,.284,.660,.419,.387,G,bacondw01"
"578,Lance Stephenson,-0.9,-0.9,2014-15,24,CHO,61,25,1573,207,550,189,445,18,105,69,110,39,238,277,240,38,8,128,134,501,.376,.425,.171,.627,.419,.393,G-F,stephla01"
"579,Cory Higgins,-1.3,-1.3,2011-12,22,CHA,38,0,423,52,160,48,140,4,20,42,60,7,28,35,36,5,6,39,40,150,.325,.343,.200,.700,.402,.338,G,higgico01"
"580,Adam Morrison,-1.5,-1.5,2006-07,22,CHA,78,23,2326,355,944,268,686,87,258,120,169,54,176,230,163,28,6,130,179,917,.376,.391,.337,.710,.450,.422,F,morriad01"