"1,Shaquille O'Neal,16.9,16.9,1993-94,21,ORL,81,81,3224,953,1591,953,1589,0,2,471,850,384,688,1072,195,76,231,222,281,2377,.599,.600,.000,.554,.605,.599,C,onealsh01"
"2,Tracy McGrady,16.1,16.1,2002-03,23,ORL,75,74,2954,829,1813,656,1365,173,448,576,726,121,367,488,411,124,59,195,156,2407,.457,.481,.386,.793,.564,.505,F-G,mcgratr01"
"3,Anfernee Hardaway,14.4,14.4,1995-96,24,ORL,82,82,3015,623,1215,534,932,89,283,445,580,129,225,354,582,166,41,229,160,1780,.513,.573,.314,.767,.605,.549,G-F,hardaan01"
"4,Dwight Howard,14.4,14.4,2010-11,25,ORL,78,78,2935,619,1044,619,1037,0,7,546,916,309,789,1098,107,107,186,279,258,1784,.593,.597,.000,.596,.616,.593,C,howardw01"
"5,Shaquille O'Neal,14.0,14.0,1994-95,22,ORL,79,79,2923,930,1594,930,1589,0,5,455,854,328,573,901,214,73,192,204,258,2315,.583,.585,.000,.533,.588,.583,C,onealsh01"
"6,Dwight Howard,13.8,13.8,2008-09,23,ORL,79,79,2821,560,979,560,977,0,2,504,849,336,757,1093,112,77,231,240,270,1624,.572,.573,.000,.594,.600,.572,C,howardw01"
"7,Dwight Howard,13.2,13.2,2009-10,24,ORL,82,82,2843,510,834,510,827,0,7,483,816,284,798,1082,144,75,228,274,287,1503,.612,.617,.000,.592,.630,.612,C,howardw01"
"8,Dwight Howard,12.9,12.9,2007-08,22,ORL,82,82,3088,583,974,583,970,0,4,529,897,279,882,1161,110,74,176,263,274,1695,.599,.601,.000,.590,.619,.599,C,howardw01"
"9,Tracy McGrady,12.2,12.2,2000-01,21,ORL,77,77,3087,788,1724,729,1558,59,166,430,587,192,388,580,352,116,118,198,160,2065,.457,.468,.355,.733,.521,.474,F-G,mcgratr01"
"10,Tracy McGrady,11.5,11.5,2001-02,22,ORL,76,76,2912,715,1586,612,1303,103,283,415,555,150,447,597,400,119,73,189,139,1948,.451,.470,.364,.748,.532,.483,F-G,mcgratr01"
"11,Anfernee Hardaway,10.7,10.7,1994-95,23,ORL,77,77,2901,585,1142,498,893,87,249,356,463,139,197,336,551,130,26,258,158,1613,.512,.558,.349,.769,.599,.550,G-F,hardaan01"
"12,Shaquille O'Neal,10.4,10.4,1992-93,20,ORL,81,81,3071,733,1304,733,1302,0,2,427,721,342,780,1122,152,60,286,307,321,1893,.562,.563,.000,.592,.584,.562,C,onealsh01"
"13,Nikola Vučević,10.1,10.1,2018-19,28,ORL,80,80,2510,701,1354,617,1123,84,231,179,227,224,736,960,307,81,89,159,157,1665,.518,.549,.364,.789,.573,.549,C,vucevni01"
"14,Rashard Lewis,9.8,9.8,2007-08,28,ORL,81,81,3076,516,1135,290,582,226,553,218,260,97,340,437,196,99,38,140,214,1476,.455,.498,.409,.838,.591,.554,F,lewisra02"
"15,Dwight Howard,9.7,9.7,2006-07,21,ORL,82,82,3023,526,873,525,871,1,2,390,666,283,725,1008,158,70,156,317,245,1443,.603,.603,.500,.586,.619,.603,C,howardw01"
"16,Rashard Lewis,9.5,9.5,2008-09,29,ORL,79,79,2859,478,1089,258,535,220,554,225,269,92,361,453,205,81,51,158,194,1401,.439,.482,.397,.836,.580,.540,F,lewisra02"
"17,Horace Grant,9.5,9.5,1994-95,29,ORL,74,74,2693,401,707,401,699,0,8,146,211,223,492,715,173,76,88,85,203,948,.567,.574,.000,.692,.593,.567,F-C,grantho01"
"18,Hedo Türkoğlu,9.0,9.0,2007-08,28,ORL,82,82,3026,556,1219,390,804,166,415,324,391,83,388,471,409,74,25,246,244,1602,.456,.485,.400,.829,.576,.524,F,turkohe01"
"19,Ryan Anderson,8.9,8.9,2011-12,23,ORL,61,61,1964,332,757,166,335,166,422,150,171,224,247,471,54,50,26,57,146,980,.439,.496,.393,.877,.589,.548,F,anderry01"
"20,Dennis Scott,8.8,8.8,1995-96,27,ORL,82,82,3041,491,1117,224,489,267,628,182,222,63,246,309,243,90,29,122,169,1431,.440,.458,.425,.820,.589,.559,F,scottde01"
"21,Darrell Armstrong,8.7,8.7,2000-01,32,ORL,75,75,2767,413,1002,270,599,143,403,220,249,94,249,343,524,135,13,200,155,1189,.412,.451,.355,.884,.535,.484,G,armstda01"
"22,Dwight Howard,8.6,8.6,2005-06,20,ORL,82,81,3021,468,881,468,879,0,2,356,598,288,734,1022,125,65,115,217,277,1292,.531,.532,.000,.595,.565,.531,C,howardw01"
"23,Tracy McGrady,8.4,8.4,2003-04,24,ORL,67,67,2675,653,1566,479,1053,174,513,398,500,95,307,402,370,93,42,179,129,1878,.417,.455,.339,.796,.526,.473,F-G,mcgratr01"
"24,Nick Anderson,8.3,8.3,1994-95,27,ORL,76,76,2588,439,923,260,492,179,431,143,203,85,250,335,314,125,22,141,124,1200,.476,.528,.415,.704,.593,.573,F-G,anderni01"
"25,Anfernee Hardaway,8.1,8.1,1996-97,25,ORL,59,59,2221,421,941,336,674,85,267,283,345,82,181,263,332,93,35,145,123,1210,.447,.499,.318,.820,.554,.493,G-F,hardaan01"
"26,Darrell Armstrong,8.0,8.0,1999-00,31,ORL,82,82,2590,484,1119,347,716,137,403,225,247,65,205,270,501,169,9,248,137,1330,.433,.485,.340,.911,.542,.494,G,armstda01"
"27,Horace Grant,8.0,8.0,1995-96,30,ORL,63,62,2286,347,677,346,671,1,6,152,207,178,402,580,170,62,74,64,144,847,.513,.516,.167,.734,.551,.513,F-C,grantho01"
"28,Scott Skiles,8.0,8.0,1992-93,28,ORL,78,78,3086,416,891,336,656,80,235,289,324,52,238,290,735,86,2,267,244,1201,.467,.512,.340,.892,.581,.512,G,skilesc01"
"29,Bo Outlaw,7.9,7.9,2000-01,29,ORL,80,69,2534,226,368,225,366,1,2,129,225,211,408,619,225,105,137,141,241,582,.614,.615,.500,.573,.623,.615,F,outlabo01"
"30,Dwight Howard,7.7,7.7,2011-12,26,ORL,54,54,2070,416,726,416,719,0,7,281,572,200,585,785,104,81,116,175,159,1113,.573,.579,.000,.491,.569,.573,C,howardw01"
"31,Horace Grant,7.7,7.7,1996-97,31,ORL,67,67,2496,358,695,357,689,1,6,128,179,206,394,600,163,101,65,99,157,845,.515,.518,.167,.715,.546,.516,F-C,grantho01"
"32,Nick Anderson,7.7,7.7,1992-93,25,ORL,79,76,2920,594,1324,506,1075,88,249,298,402,122,355,477,265,128,56,164,200,1574,.449,.471,.353,.741,.524,.482,F-G,anderni01"
"33,Bo Outlaw,7.6,7.6,1997-98,26,ORL,82,76,2953,301,543,300,539,1,4,180,313,255,382,637,216,107,181,175,260,783,.554,.557,.250,.575,.575,.555,F,outlabo01"
"34,Darrell Armstrong,7.6,7.6,2001-02,33,ORL,82,79,2730,347,828,208,430,139,398,182,205,83,236,319,453,157,10,175,166,1015,.419,.484,.349,.888,.553,.503,G,armstda01"
"35,Hedo Türkoğlu,7.6,7.6,2005-06,26,ORL,78,59,2615,398,877,284,594,114,283,255,296,70,263,333,216,70,21,130,234,1165,.454,.478,.403,.861,.578,.519,F,turkohe01"
"36,Nick Anderson,7.6,7.6,1993-94,26,ORL,81,81,2811,504,1054,403,740,101,314,168,250,113,363,476,294,134,33,165,148,1277,.478,.545,.322,.672,.549,.526,F-G,anderni01"
"37,Nick Anderson,7.4,7.4,1995-96,28,ORL,77,77,2717,400,904,232,474,168,430,166,240,92,323,415,279,121,46,141,135,1134,.442,.489,.391,.692,.562,.535,F-G,anderni01"
"38,Vince Carter,7.4,7.4,2009-10,33,ORL,75,74,2310,434,1015,315,691,119,324,257,306,33,260,293,236,53,18,106,189,1244,.428,.456,.367,.840,.541,.486,G-F,cartevi01"
"39,Hedo Türkoğlu,7.3,7.3,2008-09,29,ORL,77,77,2815,423,1025,289,649,134,376,314,389,45,365,410,375,64,19,204,218,1294,.413,.445,.356,.807,.541,.478,F,turkohe01"
"40,Dwight Howard,7.3,7.3,2004-05,19,ORL,82,82,2670,352,677,352,675,0,2,277,413,287,536,823,75,77,136,165,232,981,.520,.521,.000,.671,.571,.520,C,howardw01"
"41,Horace Grant,7.1,7.1,1997-98,32,ORL,76,76,2803,393,857,393,850,0,7,135,199,228,390,618,172,81,79,88,180,921,.459,.462,.000,.678,.488,.459,F-C,grantho01"
"42,Anfernee Hardaway,7.1,7.1,1993-94,22,ORL,82,82,3015,509,1092,459,905,50,187,245,330,192,247,439,544,190,51,292,205,1313,.466,.507,.267,.742,.531,.489,G-F,hardaan01"
"43,Nikola Vučević,7.0,7.0,2014-15,24,ORL,74,74,2529,631,1206,629,1200,2,6,164,218,238,572,810,147,54,54,148,220,1428,.523,.524,.333,.752,.548,.524,C,vucevni01"
"44,Scott Skiles,7.0,7.0,1990-91,26,ORL,79,66,2714,462,1039,369,811,93,228,340,377,57,213,270,660,89,4,252,192,1357,.445,.455,.408,.902,.563,.489,G,skilesc01"
"45,Shaquille O'Neal,6.9,6.9,1995-96,23,ORL,54,52,1946,592,1033,591,1031,1,2,249,511,182,414,596,155,34,115,155,193,1434,.573,.573,.500,.487,.570,.574,C,onealsh01"
"46,D.J. Augustin,6.9,6.9,2018-19,31,ORL,81,81,2269,318,677,187,366,131,311,181,209,41,162,203,426,52,4,128,115,948,.470,.511,.421,.866,.616,.566,G,augusdj01"
"47,Rony Seikaly,6.8,6.8,1996-97,31,ORL,74,68,2615,460,907,460,904,0,3,357,500,274,427,701,92,49,107,218,275,1277,.507,.509,.000,.714,.567,.507,C,seikaro01"
"48,Bo Outlaw,6.8,6.8,1999-00,28,ORL,82,55,2326,204,339,204,336,0,3,82,162,202,323,525,245,113,148,133,203,490,.602,.607,.000,.506,.597,.602,F,outlabo01"
"49,Grant Hill,6.6,6.6,2004-05,32,ORL,67,67,2338,517,1015,514,1002,3,13,280,341,77,241,318,220,97,28,161,144,1317,.509,.513,.231,.821,.565,.511,F-G,hillgr01"
"50,Jameer Nelson,6.6,6.6,2010-11,28,ORL,76,76,2319,374,838,255,541,119,297,130,162,37,189,226,456,75,3,194,209,997,.446,.471,.401,.802,.548,.517,G,nelsoja01"
"51,J.J. Redick,6.5,6.5,2009-10,25,ORL,82,9,1808,243,553,132,279,111,274,191,222,17,138,155,158,28,4,63,118,788,.439,.473,.405,.860,.606,.540,G,redicjj01"
"52,Rashard Lewis,6.5,6.5,2009-10,30,ORL,72,72,2369,350,805,182,382,168,423,145,180,62,256,318,107,78,28,108,180,1013,.435,.476,.397,.806,.573,.539,F,lewisra02"
"53,Darrell Armstrong,6.4,6.4,1998-99,30,ORL,50,15,1502,230,522,161,333,69,189,161,178,53,127,180,335,108,4,158,90,690,.441,.483,.365,.904,.575,.507,G,armstda01"
"54,Ryan Anderson,6.4,6.4,2010-11,22,ORL,64,14,1424,226,525,92,184,134,341,95,117,129,226,355,52,30,38,49,137,681,.430,.500,.393,.812,.591,.558,F,anderry01"
"55,Nikola Vučević,6.4,6.4,2019-20,29,ORL,62,62,1998,493,1033,395,744,98,289,131,167,140,533,673,222,54,47,88,135,1215,.477,.531,.339,.784,.549,.525,C,vucevni01"
"56,Brandon Bass,6.3,6.3,2010-11,25,ORL,76,51,1980,332,645,332,643,0,2,190,233,134,290,424,57,27,52,97,159,854,.515,.516,.000,.815,.571,.515,F,bassbr01"
"57,Steve Francis,6.2,6.2,2004-05,27,ORL,78,78,2978,563,1330,525,1203,38,127,499,606,126,324,450,547,112,28,317,273,1663,.423,.436,.299,.823,.521,.438,G,francst01"
"58,Jameer Nelson,6.0,6.0,2008-09,26,ORL,42,42,1309,267,531,185,350,82,181,86,97,20,125,145,226,51,3,83,123,702,.503,.529,.453,.887,.612,.580,G,nelsoja01"
"59,Matt Barnes,5.9,5.9,2009-10,29,ORL,81,58,2097,271,557,205,350,66,207,108,146,106,339,445,134,59,30,112,185,716,.487,.586,.319,.740,.576,.546,F,barnema02"
"60,Evan Fournier,5.7,5.7,2015-16,23,ORL,79,71,2566,429,929,273,539,156,390,199,238,33,192,225,213,96,2,133,214,1213,.462,.506,.400,.836,.587,.546,G-F,fournev01"
"61,Nikola Vučević,5.7,5.7,2012-13,22,ORL,77,77,2559,461,889,461,886,0,3,86,126,273,644,917,143,61,79,141,218,1008,.519,.520,.000,.683,.534,.519,C,vucevni01"
"62,Ben Wallace,5.6,5.6,1999-00,25,ORL,81,81,1959,168,334,168,334,0,0,54,114,211,454,665,67,72,130,67,162,390,.503,.503,,.474,.508,.503,F-C,wallabe01"
"63,Hedo Türkoğlu,5.6,5.6,2010-11,31,ORL,56,56,1910,237,529,151,316,86,213,80,120,25,231,256,285,54,20,101,170,640,.448,.478,.404,.667,.550,.529,F,turkohe01"
"64,Horace Grant,5.6,5.6,2001-02,36,ORL,76,76,2210,264,515,264,515,0,0,80,111,159,322,481,104,57,49,51,118,608,.513,.513,,.721,.539,.513,F-C,grantho01"
"65,Jameer Nelson,5.6,5.6,2007-08,25,ORL,69,62,1961,283,603,219,449,64,154,125,151,28,215,243,383,63,4,141,167,755,.469,.488,.416,.828,.564,.522,G,nelsoja01"
"66,Aaron Gordon,5.4,5.4,2015-16,20,ORL,78,37,1863,274,579,232,437,42,142,129,193,154,353,507,128,59,55,66,153,719,.473,.531,.296,.668,.541,.509,F,gordoaa01"
"67,Nick Anderson,5.3,5.3,1997-98,30,ORL,58,44,1701,343,754,266,540,77,214,127,199,98,199,297,119,72,23,85,98,890,.455,.493,.360,.638,.529,.506,F-G,anderni01"
"68,Arron Afflalo,5.3,5.3,2013-14,28,ORL,73,73,2552,464,1011,336,711,128,300,274,336,32,230,262,248,35,3,146,136,1330,.459,.473,.427,.815,.574,.522,G-F,afflaar01"
"69,Mike Miller,5.3,5.3,2000-01,20,ORL,82,62,2390,368,845,220,481,148,364,91,128,66,261,327,140,51,19,97,200,975,.436,.457,.407,.711,.541,.523,F-G,millemi01"
"70,J.J. Redick,5.2,5.2,2011-12,27,ORL,65,22,1765,248,584,136,316,112,268,143,157,18,132,150,164,27,6,68,92,751,.425,.430,.418,.911,.575,.521,G,redicjj01"
"71,Nikola Vučević,5.2,5.2,2015-16,25,ORL,65,60,2037,533,1046,531,1037,2,9,113,150,174,402,576,179,53,70,123,173,1181,.510,.512,.222,.753,.531,.511,C,vucevni01"
"72,Grant Hill,5.1,5.1,2006-07,34,ORL,65,64,2009,342,660,340,648,2,12,248,324,53,184,237,138,61,25,144,146,934,.518,.525,.167,.765,.582,.520,F-G,hillgr01"
"73,Pat Garrity,5.1,5.1,2001-02,25,ORL,80,43,2406,327,767,158,371,169,396,61,73,77,261,338,99,61,28,68,230,884,.426,.426,.427,.836,.553,.537,F,garripa01"
"74,Aaron Gordon,5.1,5.1,2018-19,23,ORL,78,78,2633,470,1046,349,699,121,347,185,253,129,445,574,289,57,56,162,172,1246,.449,.499,.349,.731,.538,.507,F,gordoaa01"
"75,Donald Royal,5.1,5.1,1992-93,26,ORL,77,0,1636,194,391,194,388,0,3,318,390,116,179,295,80,36,25,113,179,706,.496,.500,.000,.815,.627,.496,F,royaldo01"
"76,Jameer Nelson,5.0,5.0,2009-10,27,ORL,65,64,1860,317,706,231,480,86,226,98,116,26,168,194,353,48,2,139,147,818,.449,.481,.381,.845,.540,.510,G,nelsoja01"
"77,Wendell Carter Jr.,5.0,5.0,2021-22,22,ORL,62,61,1852,359,684,289,470,70,214,143,207,139,509,648,171,36,43,117,169,931,.525,.615,.327,.691,.601,.576,C,cartewe01"
"78,Jason Richardson,5.0,5.0,2010-11,30,ORL,55,55,1919,289,667,162,336,127,331,61,87,34,186,220,111,66,10,65,116,766,.433,.482,.384,.701,.543,.528,G,richaja01"
"79,Dennis Scott,5.0,5.0,1993-94,25,ORL,82,37,2283,384,949,229,561,155,388,123,159,54,164,218,216,81,32,93,161,1046,.405,.408,.399,.774,.513,.486,F,scottde01"
"80,Anfernee Hardaway,5.0,5.0,1998-99,27,ORL,50,50,1944,301,717,261,577,40,140,149,211,74,210,284,266,111,23,150,111,791,.420,.452,.286,.706,.488,.448,G-F,hardaan01"
"81,Hedo Türkoğlu,4.9,4.9,2006-07,27,ORL,73,73,2268,345,823,236,542,109,281,171,219,57,236,293,233,70,16,143,221,970,.419,.435,.388,.781,.528,.485,F,turkohe01"
"82,Jameer Nelson,4.9,4.9,2005-06,23,ORL,62,33,1784,347,719,277,554,70,165,141,181,39,141,180,302,70,9,148,174,905,.483,.500,.424,.779,.567,.531,G,nelsoja01"
"83,Victor Oladipo,4.9,4.9,2015-16,23,ORL,72,52,2379,425,970,327,688,98,282,205,247,48,297,345,282,116,54,153,174,1153,.438,.475,.348,.830,.534,.489,G,oladivi01"
"84,Pat Garrity,4.9,4.9,2002-03,26,ORL,81,53,2584,312,744,151,337,161,407,83,100,72,234,306,121,62,20,77,255,868,.419,.448,.396,.830,.551,.528,F,garripa01"
"85,Darrell Armstrong,4.9,4.9,2002-03,34,ORL,82,23,2350,263,643,185,411,78,232,165,188,91,204,295,323,135,13,160,167,769,.409,.450,.336,.878,.530,.470,G,armstda01"
"86,Keith Bogans,4.9,4.9,2007-08,27,ORL,82,35,2198,241,588,93,179,148,409,81,110,42,224,266,104,59,10,53,164,711,.410,.520,.362,.736,.559,.536,G-F,boganke01"
"87,Tobias Harris,4.8,4.8,2014-15,22,ORL,68,63,2369,442,949,355,710,87,239,193,245,73,357,430,124,69,36,115,134,1164,.466,.500,.364,.788,.551,.512,F,harrito02"
"88,Terry Catledge,4.6,4.6,1991-92,28,ORL,78,67,2430,457,922,457,918,0,4,240,346,257,292,549,109,58,16,138,196,1154,.496,.498,.000,.694,.537,.496,F,catlete01"
"89,Dennis Scott,4.6,4.6,1994-95,26,ORL,62,10,1499,283,645,133,293,150,352,86,114,25,121,146,131,45,14,57,119,802,.439,.454,.426,.754,.577,.555,F,scottde01"
"90,Evan Fournier,4.6,4.6,2019-20,27,ORL,66,66,2076,434,929,261,495,173,434,180,220,18,153,171,209,71,15,125,161,1221,.467,.527,.399,.818,.595,.560,G-F,fournev01"
"91,Maurice Evans,4.6,4.6,2007-08,29,ORL,68,47,1624,253,517,173,315,80,202,47,68,88,121,209,69,41,9,40,132,633,.489,.549,.396,.691,.579,.567,G,evansma01"
"92,Jason Williams,4.5,4.5,2009-10,34,ORL,82,18,1703,189,426,105,205,84,221,31,41,7,119,126,298,53,3,87,65,493,.444,.512,.380,.756,.555,.542,G,willija02"
"93,Mo Bamba,4.5,4.5,2021-22,23,ORL,71,69,1824,296,617,189,336,107,281,57,73,148,424,572,85,38,118,77,182,756,.480,.563,.381,.781,.582,.566,C,bambamo01"
"94,J.J. Redick,4.5,4.5,2010-11,26,ORL,59,5,1513,197,447,110,228,87,219,112,128,6,107,113,102,29,3,53,80,593,.441,.482,.397,.875,.589,.538,G,redicjj01"
"95,Mike Miller,4.5,4.5,2001-02,21,ORL,63,53,2123,351,802,235,499,116,303,138,181,49,224,273,198,47,23,108,145,956,.438,.471,.383,.762,.542,.510,F-G,millemi01"
"96,Derek Strong,4.4,4.4,1997-98,29,ORL,58,8,1638,259,617,259,613,0,4,218,279,152,275,427,51,31,24,74,122,736,.420,.423,.000,.781,.497,.420,F,stronde01"
"97,Elfrid Payton,4.4,4.4,2016-17,22,ORL,82,58,2412,430,912,390,766,40,146,146,211,89,298,387,529,88,40,178,177,1046,.471,.509,.274,.692,.520,.493,G,paytoel01"
"98,Nikola Vučević,4.4,4.4,2013-14,23,ORL,57,57,1812,353,696,353,696,0,0,105,137,185,441,626,104,60,47,112,169,811,.507,.507,,.766,.536,.507,C,vucevni01"
"99,Courtney Lee,4.4,4.4,2008-09,23,ORL,77,42,1939,243,540,161,337,82,203,78,94,18,160,178,91,76,14,69,157,646,.450,.478,.404,.830,.556,.526,G,leeco01"
"100,Scott Skiles,4.4,4.4,1993-94,29,ORL,82,46,2303,276,644,208,479,68,165,195,222,42,147,189,503,47,2,193,171,815,.429,.434,.412,.878,.549,.481,G,skilesc01"
"101,Kelvin Cato,4.3,4.3,2004-05,30,ORL,62,50,1525,160,297,160,297,0,0,112,143,102,314,416,40,55,82,64,170,432,.539,.539,,.783,.600,.539,C,catoke01"
"102,Terrence Ross,4.3,4.3,2018-19,27,ORL,81,0,2150,440,1027,223,461,217,566,126,144,27,253,280,135,72,29,90,119,1223,.428,.484,.383,.875,.561,.534,F-G,rosste01"
"103,Nick Anderson,4.2,4.2,1996-97,29,ORL,63,61,2163,288,725,145,320,143,405,38,94,66,238,304,182,120,32,86,160,757,.397,.453,.353,.404,.494,.496,F-G,anderni01"
"104,Tobias Harris,4.1,4.1,2013-14,21,ORL,61,36,1850,332,716,300,590,32,126,197,244,88,336,424,82,41,24,78,143,893,.464,.508,.254,.807,.542,.486,F,harrito02"
"105,Derek Strong,4.1,4.1,1996-97,28,ORL,82,21,2004,262,586,262,573,0,13,175,218,174,345,519,73,47,20,102,196,699,.447,.457,.000,.803,.513,.447,F,stronde01"
"106,Horace Grant,4.1,4.1,1998-99,33,ORL,50,50,1660,198,456,198,454,0,2,47,70,117,234,351,90,46,60,44,99,443,.434,.436,.000,.671,.455,.434,F-C,grantho01"
"107,D.J. Augustin,4.1,4.1,2017-18,30,ORL,75,36,1760,244,540,130,268,114,272,164,189,30,130,160,287,54,0,123,94,766,.452,.485,.419,.868,.615,.557,G,augusdj01"
"108,Franz Wagner,4.0,4.0,2021-22,20,ORL,79,79,2429,456,975,360,704,96,271,189,219,84,272,356,231,68,34,119,164,1197,.468,.511,.354,.863,.559,.517,G-F,wagnefr01"
"109,Jonathan Isaac,4.0,4.0,2018-19,21,ORL,75,64,1996,262,611,176,345,86,266,110,135,99,312,411,80,59,98,75,143,720,.429,.510,.323,.815,.537,.499,F,isaacjo01"
"110,Jameer Nelson,4.0,4.0,2006-07,24,ORL,77,77,2331,376,875,311,681,65,194,183,221,50,186,236,330,73,5,184,225,1000,.430,.457,.335,.828,.514,.467,G,nelsoja01"
"111,Nikola Vučević,4.0,4.0,2016-17,26,ORL,75,55,2163,483,1031,460,956,23,75,107,160,176,603,779,208,76,74,117,180,1096,.468,.481,.307,.669,.498,.480,C,vucevni01"
"112,Nikola Vučević,3.9,3.9,2020-21,30,ORL,44,44,1500,436,908,319,620,117,288,91,110,87,430,517,167,42,28,83,79,1080,.480,.515,.406,.827,.565,.545,C,vucevni01"
"113,Nick Anderson,3.9,3.9,1998-99,31,ORL,47,39,1581,253,640,157,363,96,277,99,162,51,226,277,91,64,15,83,72,701,.395,.433,.347,.611,.493,.470,F-G,anderni01"
"114,Serge Ibaka,3.8,3.8,2016-17,27,ORL,56,56,1710,343,703,260,489,83,214,77,91,100,282,382,60,34,91,66,139,846,.488,.532,.388,.846,.569,.547,F-C,ibakase01"
"115,Tony Battie,3.8,3.8,2005-06,29,ORL,82,82,2215,280,552,280,546,0,6,89,134,145,312,457,49,46,69,88,250,649,.507,.513,.000,.664,.531,.507,C-F,battito01"
"116,Donald Royal,3.8,3.8,1993-94,27,ORL,74,0,1357,174,347,174,345,0,2,199,269,94,154,248,61,50,16,76,121,547,.501,.504,.000,.740,.588,.501,F,royaldo01"
"117,Dennis Scott,3.8,3.8,1996-97,28,ORL,66,62,2166,298,749,151,376,147,373,80,101,40,163,203,139,74,19,81,138,823,.398,.402,.394,.792,.519,.496,F,scottde01"
"118,Keyon Dooling,3.7,3.7,2007-08,27,ORL,72,1,1334,198,423,176,358,22,65,163,193,7,94,101,133,36,5,61,131,581,.468,.492,.338,.845,.572,.494,G,doolike01"
"119,Jerry Reynolds,3.7,3.7,1990-91,28,ORL,80,9,1843,344,793,334,759,10,34,336,419,88,211,299,203,95,56,172,123,1034,.434,.440,.294,.802,.529,.440,G-F,reynoje01"
"120,Aaron Gordon,3.7,3.7,2016-17,21,ORL,80,72,2298,393,865,316,598,77,267,156,217,116,289,405,150,65,40,89,172,1019,.454,.528,.288,.719,.530,.499,F,gordoaa01"
"121,Aaron Gordon,3.7,3.7,2019-20,24,ORL,62,62,2017,335,767,262,530,73,237,151,224,107,368,475,228,51,39,100,125,894,.437,.494,.308,.674,.516,.484,F,gordoaa01"
"122,Mickaël Piétrus,3.6,3.6,2009-10,27,ORL,75,24,1687,233,539,117,233,116,306,69,109,39,176,215,49,53,31,69,138,651,.432,.502,.379,.633,.555,.540,G-F,pietrmi01"
"123,Donald Royal,3.6,3.6,1994-95,28,ORL,70,68,1841,206,434,206,430,0,4,223,299,83,196,279,198,45,16,125,156,635,.475,.479,.000,.746,.561,.475,F,royaldo01"
"124,Nick Anderson,3.6,3.6,1991-92,24,ORL,60,59,2203,482,1042,452,957,30,85,202,303,98,286,384,163,97,33,126,132,1196,.463,.472,.353,.667,.509,.477,F-G,anderni01"
"125,Nikola Vučević,3.6,3.6,2017-18,27,ORL,57,57,1683,399,840,335,636,64,204,77,94,101,422,523,191,56,62,109,144,939,.475,.527,.314,.819,.533,.513,C,vucevni01"
"126,Juwan Howard,3.6,3.6,2003-04,30,ORL,81,77,2877,529,1169,529,1168,0,1,318,393,171,399,570,158,54,22,178,284,1376,.453,.453,.000,.809,.513,.453,F,howarju01"
"127,Otis Smith,3.5,3.5,1990-91,27,ORL,75,39,1885,407,902,398,856,9,46,221,301,176,213,389,169,85,35,140,190,1044,.451,.465,.196,.734,.505,.456,G-F,smithot01"
"128,Jameer Nelson,3.5,3.5,2011-12,29,ORL,57,57,1706,259,606,172,375,87,231,71,88,29,152,181,325,38,5,135,130,676,.427,.459,.377,.807,.524,.499,G,nelsoja01"
"129,Victor Oladipo,3.5,3.5,2014-15,22,ORL,72,71,2573,473,1086,389,838,84,248,262,320,51,251,302,295,120,19,204,187,1292,.436,.464,.339,.819,.527,.474,G,oladivi01"
"130,Marcin Gortat,3.4,3.4,2009-10,25,ORL,81,0,1088,121,227,121,224,0,3,51,75,104,237,341,17,17,70,46,138,293,.533,.540,.000,.680,.563,.533,C-F,gortama01"
"131,Trevor Ariza,3.4,3.4,2006-07,21,ORL,57,7,1278,200,371,200,364,0,7,106,171,98,151,249,65,59,19,84,134,506,.539,.549,.000,.620,.567,.539,F,arizatr01"
"132,Hedo Türkoğlu,3.4,3.4,2004-05,25,ORL,67,11,1757,328,782,235,537,93,245,188,225,62,171,233,153,41,18,119,140,937,.419,.438,.380,.836,.532,.479,F,turkohe01"
"133,Marcin Gortat,3.3,3.3,2008-09,24,ORL,63,3,794,106,187,105,186,1,1,26,45,96,190,286,14,18,53,25,111,239,.567,.565,1.000,.578,.578,.570,C-F,gortama01"
"134,Evan Fournier,3.3,3.3,2017-18,25,ORL,57,57,1837,368,802,241,467,127,335,150,173,23,157,180,165,47,16,95,138,1013,.459,.516,.379,.867,.577,.538,G-F,fournev01"
"135,Otis Smith,3.3,3.3,1989-90,26,ORL,65,35,1644,348,708,338,668,10,40,169,222,117,183,300,147,76,57,102,174,875,.492,.506,.250,.761,.543,.499,G-F,smithot01"
"136,Tobias Harris,3.3,3.3,2015-16,23,ORL,49,49,1610,251,541,204,390,47,151,120,153,71,271,342,99,47,28,78,91,669,.464,.523,.311,.784,.550,.507,F,harrito02"
"137,Michael Ansley,3.3,3.3,1989-90,22,ORL,72,5,1221,231,465,231,465,0,0,164,227,187,175,362,40,24,17,50,152,626,.497,.497,,.722,.554,.497,F,anslemi01"
"138,Darko Miličić,3.3,3.3,2006-07,21,ORL,80,16,1913,249,548,249,547,0,1,141,230,145,292,437,90,44,140,124,219,639,.454,.455,.000,.613,.492,.454,F-C,milicda01"
"139,Evan Fournier,3.2,3.2,2018-19,26,ORL,81,81,2553,468,1069,315,619,153,450,137,170,38,220,258,295,71,12,154,225,1226,.438,.509,.340,.806,.536,.509,G-F,fournev01"
"140,Scott Skiles,3.2,3.2,1991-92,27,ORL,75,63,2377,359,868,268,618,91,250,248,277,36,166,202,544,74,5,233,188,1057,.414,.434,.364,.895,.534,.466,G,skilesc01"
"141,J.J. Redick,3.2,3.2,2012-13,28,ORL,50,11,1575,262,582,145,282,117,300,115,129,9,110,119,220,29,5,105,70,756,.450,.514,.390,.891,.592,.551,G,redicjj01"
"142,Nick Anderson,3.1,3.1,1990-91,23,ORL,70,42,1971,400,857,383,799,17,58,173,259,92,294,386,106,74,44,113,145,990,.467,.479,.293,.668,.510,.477,F-G,anderni01"
"143,Monty Williams,3.1,3.1,1999-00,28,ORL,75,23,1501,263,538,261,533,2,5,123,166,96,154,250,106,46,17,109,187,651,.489,.490,.400,.741,.533,.491,F,willimo01"
"144,Jeff Turner,3.1,3.1,1992-93,30,ORL,75,20,1479,231,437,221,420,10,17,56,70,74,178,252,107,19,9,66,192,528,.529,.526,.588,.800,.564,.540,F-C,turneje01"
"145,Michael Ansley,3.1,3.1,1990-91,23,ORL,67,1,877,144,263,144,263,0,0,91,127,122,131,253,25,27,7,32,125,379,.548,.548,,.717,.594,.548,F,anslemi01"
"146,Ryan Anderson,3.1,3.1,2009-10,21,ORL,63,6,911,169,388,91,177,78,211,71,82,70,132,202,37,25,14,56,81,487,.436,.514,.370,.866,.574,.536,F,anderry01"
"147,Terrence Ross,3.0,3.0,2019-20,28,ORL,69,0,1889,341,846,164,342,177,504,157,184,13,209,222,82,77,24,70,109,1016,.403,.480,.351,.853,.548,.508,F-G,rosste01"
"148,Mike Miller,3.0,3.0,2002-03,22,ORL,49,39,1826,296,708,209,452,87,256,127,150,40,246,286,139,36,16,99,139,806,.418,.462,.340,.847,.521,.480,F-G,millemi01"
"149,Mickaël Piétrus,3.0,3.0,2008-09,26,ORL,54,25,1329,176,426,96,203,80,223,78,110,44,132,176,65,31,24,56,126,510,.413,.473,.359,.709,.538,.507,G-F,pietrmi01"
"150,Michael Doleac,3.0,3.0,1999-00,22,ORL,81,29,1335,242,535,241,533,1,2,80,95,89,245,334,63,29,34,65,224,565,.452,.452,.500,.842,.490,.453,C,doleami01"
"151,Steve Francis,2.9,2.9,2005-06,28,ORL,46,45,1734,249,575,231,505,18,70,231,290,60,159,219,262,51,11,156,142,747,.433,.457,.257,.797,.532,.449,G,francst01"
"152,Bismack Biyombo,2.9,2.9,2017-18,25,ORL,82,25,1495,183,352,183,351,0,1,102,157,144,324,468,66,21,95,84,158,468,.520,.521,.000,.650,.556,.520,C-F,biyombi01"
"153,Anthony Bowie,2.9,2.9,1991-92,28,ORL,52,26,1721,312,633,295,589,17,44,117,136,70,175,245,163,55,38,107,101,758,.493,.501,.386,.860,.547,.506,G-F,bowiean01"
"154,D.J. Augustin,2.9,2.9,2019-20,32,ORL,57,13,1420,184,461,114,260,70,201,161,181,22,100,122,262,34,1,86,72,599,.399,.438,.348,.890,.554,.475,G,augusdj01"
"155,Bismack Biyombo,2.9,2.9,2016-17,24,ORL,81,27,1793,179,339,179,339,0,0,125,234,157,410,567,74,25,91,95,202,483,.528,.528,,.534,.546,.528,C-F,biyombi01"
"156,Aaron Gordon,2.9,2.9,2017-18,22,ORL,58,57,1909,375,865,260,523,115,342,157,225,87,370,457,136,59,45,107,111,1022,.434,.497,.336,.698,.530,.500,F,gordoaa01"
"157,Monty Williams,2.9,2.9,2001-02,30,ORL,68,19,1284,198,362,198,358,0,4,88,134,80,155,235,96,49,17,86,134,484,.547,.553,.000,.657,.575,.547,F,willimo01"
"158,Khem Birch,2.8,2.8,2018-19,26,ORL,50,1,643,91,151,91,150,0,1,58,83,79,111,190,38,18,29,20,72,240,.603,.607,.000,.699,.640,.603,C-F,birchkh01"
"159,Tony Battie,2.8,2.8,2008-09,32,ORL,77,3,1202,158,323,156,314,2,9,54,82,92,186,278,31,26,25,46,112,372,.489,.497,.222,.659,.518,.492,C-F,battito01"
"160,Carlos Arroyo,2.8,2.8,2007-08,28,ORL,62,20,1269,157,348,128,264,29,84,87,102,10,103,113,219,26,2,77,85,430,.451,.485,.345,.853,.547,.493,G,arroyca01"
"161,Anthony Johnson,2.8,2.8,2008-09,34,ORL,80,12,1481,154,381,102,248,52,133,61,81,29,118,147,200,46,5,82,111,421,.404,.411,.391,.753,.505,.472,G,johnsan02"
"162,Jameer Nelson,2.8,2.8,2013-14,31,ORL,68,68,2179,294,747,158,356,136,391,96,112,29,202,231,476,52,5,166,146,820,.394,.444,.348,.857,.515,.485,G,nelsoja01"
"163,Dennis Scott,2.8,2.8,1992-93,24,ORL,54,43,1759,329,763,221,495,108,268,92,117,38,148,186,136,57,18,104,131,858,.431,.446,.403,.786,.527,.502,F,scottde01"
"164,Pat Garrity,2.8,2.8,1999-00,23,ORL,82,1,1479,258,585,179,388,79,197,80,111,44,166,210,58,31,19,85,197,675,.441,.461,.401,.721,.532,.509,F,garripa01"
"165,Rony Seikaly,2.8,2.8,1997-98,32,ORL,47,47,1484,237,538,237,536,0,2,230,305,130,227,357,69,25,39,134,137,704,.441,.442,.000,.754,.524,.441,C,seikaro01"
"166,Jason Richardson,2.8,2.8,2011-12,31,ORL,54,54,1591,243,596,141,319,102,277,41,69,36,158,194,107,53,22,60,91,629,.408,.442,.368,.594,.502,.493,G,richaja01"
"167,Maurice Harkless,2.8,2.8,2013-14,20,ORL,80,41,1950,224,483,165,329,59,154,85,143,69,195,264,80,97,50,86,140,592,.464,.502,.383,.594,.542,.525,F-G,harklma01"
"168,Moritz Wagner,2.8,2.8,2021-22,24,ORL,63,3,960,197,396,131,195,66,201,104,129,42,190,232,87,20,13,56,123,564,.497,.672,.328,.806,.623,.581,F-C,wagnemo01"
"169,Evan Fournier,2.8,2.8,2016-17,24,ORL,68,66,2234,408,930,280,570,128,360,223,277,44,165,209,202,66,4,141,180,1167,.439,.491,.356,.805,.555,.508,G-F,fournev01"
"170,Elfrid Payton,2.7,2.7,2017-18,23,ORL,44,44,1257,238,458,213,391,25,67,72,114,47,127,174,275,64,16,114,97,573,.520,.545,.373,.632,.564,.547,G,paytoel01"
"171,Tom Tolbert,2.7,2.7,1992-93,27,ORL,72,61,1838,226,454,217,426,9,28,122,168,133,279,412,91,33,21,124,192,583,.498,.509,.321,.726,.552,.508,F-C,tolbeto01"
"172,Markelle Fultz,2.7,2.7,2019-20,21,ORL,72,60,1996,359,772,323,637,36,135,116,159,41,197,238,369,90,11,147,142,870,.465,.507,.267,.730,.517,.488,G,fultzma01"
"173,Tony Battie,2.7,2.7,2006-07,30,ORL,66,66,1575,176,360,176,359,0,1,52,77,92,252,344,35,29,30,61,185,404,.489,.490,.000,.675,.513,.489,C-F,battito01"
"174,Andrew DeClercq,2.6,2.6,2002-03,29,ORL,77,21,1327,149,279,149,279,0,0,67,104,142,197,339,52,39,36,84,258,365,.534,.534,,.644,.562,.534,F-C,declean01"
"175,Matt Harpring,2.6,2.6,1998-99,22,ORL,50,22,1114,148,320,138,295,10,25,102,143,88,126,214,45,30,6,73,112,408,.463,.468,.400,.713,.533,.478,F,harprma01"
"176,Corey Maggette,2.6,2.6,1999-00,20,ORL,77,5,1370,224,469,222,458,2,11,196,261,123,180,303,61,24,26,138,169,646,.478,.485,.182,.751,.553,.480,F,maggeco01"
"177,Dennis Scott,2.6,2.6,1990-91,22,ORL,82,73,2336,503,1183,378,849,125,334,153,204,62,173,235,134,62,25,127,203,1284,.425,.445,.374,.750,.504,.478,F,scottde01"
"178,Carlos Arroyo,2.5,2.5,2006-07,27,ORL,72,5,1304,203,478,189,427,14,51,132,166,31,103,134,202,39,2,90,131,552,.425,.443,.275,.795,.501,.439,G,arroyca01"
"179,Anthony Bowie,2.5,2.5,1992-93,29,ORL,77,45,1761,268,569,253,521,15,48,67,84,36,158,194,175,54,14,84,131,618,.471,.486,.313,.798,.510,.484,G-F,bowiean01"
"180,Reggie Theus,2.5,2.5,1989-90,32,ORL,76,71,2350,517,1178,491,1073,26,105,378,443,75,146,221,407,60,12,226,194,1438,.439,.458,.248,.853,.524,.450,G,theusre01"
"181,Terry Catledge,2.5,2.5,1989-90,26,ORL,74,72,2462,546,1152,544,1144,2,8,341,486,271,292,563,72,36,17,181,201,1435,.474,.476,.250,.702,.525,.475,F,catlete01"
"182,Grant Hill,2.5,2.5,2002-03,30,ORL,29,29,843,151,307,150,303,1,4,118,144,40,166,206,122,28,13,84,46,421,.492,.495,.250,.819,.568,.493,F-G,hillgr01"
"183,Pat Garrity,2.5,2.5,2000-01,24,ORL,76,1,1579,223,576,126,352,97,224,85,98,51,159,210,51,40,15,68,241,628,.387,.358,.433,.867,.507,.471,F,garripa01"
"184,Chris Gatling,2.5,2.5,1999-00,32,ORL,45,0,1041,210,462,203,439,7,23,171,245,91,206,297,40,48,10,105,142,598,.455,.462,.304,.698,.525,.462,F-C,gatlich01"
"185,Jameer Nelson,2.5,2.5,2004-05,22,ORL,79,21,1612,286,628,242,487,44,141,73,107,52,141,193,237,78,3,117,199,689,.455,.497,.312,.682,.510,.490,G,nelsoja01"
"186,Kyle O'Quinn,2.5,2.5,2013-14,23,ORL,69,19,1188,186,371,186,368,0,3,57,83,100,264,364,78,39,88,78,165,429,.501,.505,.000,.687,.526,.501,F-C,oquinky01"
"187,Andrew DeClercq,2.5,2.5,2000-01,27,ORL,67,51,903,107,193,107,193,0,0,47,82,91,145,236,32,41,33,51,198,261,.554,.554,,.573,.570,.554,F-C,declean01"
"188,Mo Bamba,2.5,2.5,2019-20,21,ORL,62,0,878,132,286,95,179,37,107,31,46,100,202,302,42,23,86,42,116,332,.462,.531,.346,.674,.542,.526,C,bambamo01"
"189,Mark Acres,2.5,2.5,1990-91,28,ORL,68,0,1313,109,214,108,211,1,3,66,101,140,219,359,25,25,25,42,218,285,.509,.512,.333,.653,.551,.512,F-C,acresma01"
"190,Troy Hudson,2.5,2.5,2001-02,25,ORL,81,4,1854,354,815,288,628,66,187,176,201,30,115,145,255,57,6,163,119,950,.434,.459,.353,.876,.526,.475,G,hudsotr01"
"191,Darrell Armstrong,2.5,2.5,1997-98,29,ORL,48,17,1236,156,380,131,312,25,68,105,123,65,94,159,236,58,5,112,96,442,.411,.420,.368,.854,.509,.443,G,armstda01"
"192,Jonathan Isaac,2.5,2.5,2019-20,22,ORL,34,32,980,156,332,124,238,32,94,60,77,58,173,231,48,53,78,49,83,404,.470,.521,.340,.779,.552,.518,F,isaacjo01"
"193,Maurice Harkless,2.4,2.4,2012-13,19,ORL,76,59,1974,260,564,228,447,32,117,73,128,122,213,335,50,88,62,69,144,625,.461,.510,.274,.570,.504,.489,F-G,harklma01"
"194,Chucky Atkins,2.4,2.4,1999-00,25,ORL,82,0,1626,314,741,257,578,57,163,97,133,20,106,126,306,52,3,142,137,782,.424,.445,.350,.729,.489,.462,G,atkinch01"
"195,DeShawn Stevenson,2.4,2.4,2005-06,24,ORL,82,82,2648,359,781,357,766,2,15,180,242,59,182,241,160,58,17,123,178,900,.460,.466,.133,.744,.507,.461,G,stevede01"
"196,Sam Vincent,2.4,2.4,1989-90,26,ORL,63,45,1657,258,564,257,550,1,14,188,214,37,157,194,354,65,20,132,108,705,.457,.467,.071,.879,.536,.458,G,vincesa01"
"197,Rafer Alston,2.4,2.4,2008-09,32,ORL,29,28,856,123,298,91,197,32,101,70,99,8,75,83,148,51,3,52,63,348,.413,.462,.317,.707,.509,.466,G,alstora01"
"198,Dewayne Dedmon,2.4,2.4,2015-16,26,ORL,58,20,705,99,177,99,177,0,0,57,76,67,161,228,13,22,46,32,109,255,.559,.559,,.750,.606,.559,C,dedmode01"
"199,John Amaechi,2.4,2.4,1999-00,29,ORL,80,53,1684,306,700,305,694,1,6,223,291,62,204,266,95,35,37,139,161,836,.437,.439,.167,.766,.505,.438,C-F,amaecjo01"
"200,Derek Harper,2.3,2.3,1997-98,36,ORL,66,45,1761,226,542,167,378,59,164,55,79,23,80,103,233,72,10,101,140,566,.417,.442,.360,.696,.491,.471,G,harpede01"
"201,Elfrid Payton,2.3,2.3,2014-15,20,ORL,82,63,2489,301,708,290,666,11,42,118,214,107,242,349,533,142,20,203,193,731,.425,.435,.262,.551,.456,.433,G,paytoel01"
"202,Donald Royal,2.3,2.3,1995-96,29,ORL,64,7,963,106,216,106,214,0,2,125,164,57,96,153,42,29,15,52,97,337,.491,.495,.000,.762,.585,.491,F,royaldo01"
"203,Mario Hezonja,2.3,2.3,2017-18,22,ORL,75,30,1657,273,617,183,350,90,267,86,105,41,240,281,106,81,31,86,134,722,.442,.523,.337,.819,.544,.515,F-G,hezonma01"
"204,J.J. Redick,2.3,2.3,2008-09,24,ORL,64,5,1111,117,299,50,120,67,179,81,93,8,101,109,73,21,1,54,72,382,.391,.417,.374,.871,.562,.503,G,redicjj01"
"205,Don Reid,2.3,2.3,2000-01,27,ORL,65,7,764,82,145,82,145,0,0,46,75,84,158,242,21,23,54,48,190,210,.566,.566,,.613,.590,.566,F,reiddo01"
"206,Elfrid Payton,2.2,2.2,2015-16,21,ORL,73,69,2145,318,730,288,638,30,92,112,190,77,184,261,468,89,20,177,159,778,.436,.451,.326,.589,.478,.456,G,paytoel01"
"207,Michael Doleac,2.2,2.2,1998-99,21,ORL,49,0,780,125,267,125,267,0,0,54,80,66,82,148,20,19,17,26,117,304,.468,.468,,.675,.503,.468,C,doleami01"
"208,Chuma Okeke,2.2,2.2,2021-22,23,ORL,70,20,1749,216,575,98,204,118,371,55,65,47,300,347,118,97,42,57,95,605,.376,.480,.318,.846,.501,.478,F,okekech01"
"209,Khem Birch,2.2,2.2,2019-20,27,ORL,48,24,922,73,143,73,142,0,1,66,101,91,129,220,50,20,23,31,91,212,.510,.514,.000,.653,.566,.510,C-F,birchkh01"
"210,Gary Harris,2.2,2.2,2021-22,27,ORL,61,30,1730,240,553,124,251,116,302,83,95,36,86,122,108,59,9,61,112,679,.434,.494,.384,.874,.571,.539,G,harriga01"
"211,Stanley Roberts,2.1,2.1,1991-92,21,ORL,55,34,1118,236,446,236,445,0,1,101,196,113,223,336,39,22,83,78,221,573,.529,.530,.000,.515,.538,.529,C,roberst01"
"212,Keyon Dooling,2.1,2.1,2006-07,26,ORL,66,2,1435,188,458,157,362,31,96,114,141,22,64,86,112,52,15,72,125,521,.410,.434,.323,.809,.501,.444,G,doolike01"
"213,Khem Birch,2.1,2.1,2020-21,28,ORL,48,5,952,94,209,90,188,4,21,63,85,117,126,243,53,32,28,23,67,255,.450,.479,.190,.741,.517,.459,C-F,birchkh01"
"214,Vince Carter,2.1,2.1,2010-11,34,ORL,22,22,664,125,266,98,188,27,78,56,75,11,79,90,64,20,3,36,70,333,.470,.521,.346,.747,.557,.521,G-F,cartevi01"
"215,Gerald Wilkins,2.1,2.1,1996-97,33,ORL,80,26,2202,323,759,257,556,66,203,136,190,59,114,173,173,54,12,123,144,848,.426,.462,.325,.716,.503,.469,G-F,wilkige01"
"216,Jameer Nelson,2.1,2.1,2012-13,30,ORL,56,56,1977,306,780,185,425,121,355,89,102,23,186,209,413,71,6,154,161,822,.392,.435,.341,.873,.498,.470,G,nelsoja01"
"217,Hedo Türkoğlu,2.1,2.1,2011-12,32,ORL,53,53,1653,209,504,118,246,91,258,67,95,24,175,199,233,45,17,142,139,576,.415,.480,.353,.705,.528,.505,F,turkohe01"
"218,Channing Frye,2.1,2.1,2014-15,31,ORL,75,51,1870,191,487,55,141,136,346,31,35,27,266,293,94,47,39,78,191,549,.392,.390,.393,.886,.546,.532,C-F,fryech01"
"219,Evan Fournier,2.1,2.1,2014-15,22,ORL,58,32,1661,253,575,168,350,85,225,107,147,28,125,153,120,40,2,82,116,698,.440,.480,.378,.728,.546,.514,G-F,fournev01"
"220,Tyronn Lue,2.1,2.1,2003-04,26,ORL,76,69,2332,309,714,229,505,80,209,101,131,26,161,187,317,61,5,124,185,799,.433,.453,.383,.771,.518,.489,G,luety01"
"221,Tariq Abdul-Wahad,2.0,2.0,1999-00,25,ORL,46,46,1205,223,515,221,494,2,21,115,151,77,162,239,72,53,16,87,116,563,.433,.447,.095,.762,.484,.435,F,abdulta01"
"222,Jacque Vaughn,2.0,2.0,2002-03,27,ORL,80,48,1686,184,411,176,377,8,34,97,125,26,92,118,232,64,2,97,169,473,.448,.467,.235,.776,.508,.457,G,vaughja01"
"223,Danny Schayes,2.0,2.0,1997-98,38,ORL,74,33,1272,155,371,155,371,0,0,96,119,97,145,242,44,34,33,61,182,406,.418,.418,,.807,.479,.418,C-F,schayda01"
"224,Anthony Bowie,2.0,2.0,1994-95,31,ORL,77,4,1261,177,369,165,329,12,40,61,73,54,85,139,159,47,21,86,138,427,.480,.502,.300,.836,.532,.496,G-F,bowiean01"
"225,Tony Battie,2.0,2.0,2004-05,28,ORL,81,32,1894,163,354,163,348,0,6,68,94,109,343,452,42,30,81,81,244,394,.460,.468,.000,.723,.498,.460,C-F,battito01"
"226,Shawn Kemp,2.0,2.0,2002-03,33,ORL,79,55,1633,211,505,211,504,0,1,115,155,147,304,451,55,66,33,102,239,537,.418,.419,.000,.742,.468,.418,F-C,kempsh01"
"227,Arron Afflalo,2.0,2.0,2012-13,27,ORL,64,64,2307,397,905,325,665,72,240,191,223,29,210,239,206,40,11,138,137,1057,.439,.489,.300,.857,.527,.478,G-F,afflaar01"
"228,James Ennis III,2.0,2.0,2020-21,30,ORL,41,37,986,115,243,70,139,45,104,70,87,43,123,166,62,32,7,36,84,345,.473,.504,.433,.805,.613,.566,F,ennisja01"
"229,Brandon Bass,2.0,2.0,2009-10,24,ORL,50,3,648,119,233,119,233,0,0,52,63,54,73,127,19,12,27,31,69,290,.511,.511,,.825,.556,.511,F,bassbr01"
"230,Greg Kite,2.0,2.0,1990-91,29,ORL,82,82,2225,166,338,166,338,0,0,63,123,189,399,588,59,25,81,102,298,395,.491,.491,,.512,.504,.491,C,kitegr01"
"231,Scott Skiles,2.0,2.0,1989-90,25,ORL,70,32,1460,190,464,138,332,52,132,104,119,23,136,159,334,36,4,90,126,536,.409,.416,.394,.874,.519,.466,G,skilesc01"
"232,Jon Koncak,2.0,2.0,1995-96,32,ORL,67,35,1288,84,175,81,166,3,9,32,57,63,209,272,51,27,44,41,226,203,.480,.488,.333,.561,.507,.489,C-F,koncajo01"
"233,Shelvin Mack,1.9,1.9,2017-18,27,ORL,69,3,1365,178,414,130,275,48,139,69,97,23,143,166,272,54,8,89,91,473,.430,.473,.345,.711,.518,.488,G,macksh01"
"234,Michael Carter-Williams,1.9,1.9,2019-20,28,ORL,45,0,833,111,260,89,185,22,75,79,95,46,101,147,109,49,22,52,87,323,.427,.481,.293,.832,.535,.469,G,cartemi01"
"235,Drew Gooden,1.9,1.9,2003-04,22,ORL,79,17,2134,369,829,360,787,9,42,167,262,160,356,516,89,62,72,126,196,914,.445,.457,.214,.637,.484,.451,F,goodedr01"
"236,Jonathon Simmons,1.9,1.9,2017-18,28,ORL,69,50,2029,354,761,285,557,69,204,185,241,61,178,239,171,58,16,146,175,962,.465,.512,.338,.768,.555,.511,G-F,simmojo02"
"237,Mark Acres,1.9,1.9,1991-92,29,ORL,68,6,926,78,151,77,148,1,3,51,67,97,155,252,22,25,15,33,140,208,.517,.520,.333,.761,.576,.520,F-C,acresma01"
"238,Tobias Harris,1.9,1.9,2012-13,20,ORL,27,20,974,180,397,153,310,27,87,80,111,56,174,230,56,24,37,48,89,467,.453,.494,.310,.721,.524,.487,F,harrito02"
"239,Wes Iwundu,1.9,1.9,2018-19,24,ORL,68,13,1233,113,274,84,195,29,79,84,103,37,147,184,73,28,22,44,123,339,.412,.431,.367,.816,.531,.465,F,iwundwe01"
"240,Nick Anderson,1.8,1.8,1989-90,22,ORL,81,9,1785,372,753,371,736,1,17,186,264,107,209,316,124,69,34,138,140,931,.494,.504,.059,.705,.536,.495,F-G,anderni01"
"241,Bison Dele,1.8,1.8,1991-92,22,ORL,48,2,905,171,324,171,324,0,0,95,142,115,157,272,33,41,53,86,139,437,.528,.528,,.669,.565,.528,F-C,delebi01"
"242,Khem Birch,1.8,1.8,2017-18,25,ORL,42,0,578,68,126,68,126,0,0,42,61,70,110,180,34,15,21,21,56,178,.540,.540,,.689,.582,.540,C-F,birchkh01"
"243,Darrell Armstrong,1.8,1.8,1996-97,28,ORL,67,0,1010,132,345,77,164,55,181,92,106,35,41,76,175,61,9,99,114,411,.383,.470,.304,.868,.525,.462,G,armstda01"
"244,Bo Outlaw,1.8,1.8,1998-99,27,ORL,31,22,851,84,154,84,151,0,3,35,81,54,113,167,56,40,43,58,79,203,.545,.556,.000,.432,.535,.545,F,outlabo01"
"245,Jason Smith,1.8,1.8,2015-16,29,ORL,76,2,1181,244,503,240,487,4,16,54,67,53,166,219,62,33,65,57,163,546,.485,.493,.250,.806,.513,.489,F-C,smithja02"
"246,Mo Bamba,1.8,1.8,2020-21,22,ORL,46,5,725,142,301,104,183,38,118,45,66,76,189,265,35,14,58,36,87,367,.472,.568,.322,.682,.556,.535,C,bambamo01"
"247,Andrew DeClercq,1.7,1.7,2003-04,30,ORL,71,53,1211,93,195,93,195,0,0,44,54,131,186,317,44,47,32,54,217,230,.477,.477,,.815,.526,.477,F-C,declean01"
"248,Dewayne Dedmon,1.7,1.7,2014-15,25,ORL,59,15,845,91,162,91,161,0,1,34,64,118,177,295,9,16,50,51,141,216,.562,.565,.000,.531,.568,.562,C,dedmode01"
"249,E'Twaun Moore,1.7,1.7,2013-14,24,ORL,79,3,1506,195,456,138,295,57,161,52,68,29,107,136,112,60,13,55,106,499,.428,.468,.354,.765,.513,.490,G-F,mooreet01"
"250,Mark Price,1.7,1.7,1997-98,33,ORL,63,33,1430,229,531,177,376,52,155,87,103,24,105,129,297,53,5,162,92,597,.431,.471,.335,.845,.518,.480,G,pricema01"
"251,J.J. Redick,1.7,1.7,2006-07,22,ORL,42,0,622,80,195,42,97,38,98,54,60,10,42,52,36,12,0,21,52,252,.410,.433,.388,.900,.569,.508,G,redicjj01"
"252,Evan Fournier,1.7,1.7,2020-21,28,ORL,26,26,787,170,369,97,181,73,188,98,123,5,70,75,95,27,9,54,55,511,.461,.536,.388,.797,.604,.560,G-F,fournev01"
"253,Sidney Green,1.7,1.7,1989-90,29,ORL,73,31,1860,312,667,311,664,1,3,136,209,166,422,588,99,50,26,119,231,761,.468,.468,.333,.651,.501,.469,F-C,greensi02"
"254,Glen Davis,1.7,1.7,2011-12,26,ORL,61,13,1427,225,534,223,520,2,14,114,167,107,224,331,47,43,19,75,106,566,.421,.429,.143,.683,.466,.423,F-C,davisgl01"
"255,Mo Bamba,1.7,1.7,2018-19,20,ORL,47,1,766,117,243,96,173,21,70,37,63,64,169,233,39,13,64,43,102,292,.481,.555,.300,.587,.539,.525,C,bambamo01"
"256,Andrew Nicholson,1.7,1.7,2012-13,23,ORL,75,28,1249,256,486,256,486,0,0,75,94,69,189,258,44,24,32,79,133,587,.527,.527,,.798,.557,.527,F,nichoan01"
"257,Wes Iwundu,1.7,1.7,2019-20,25,ORL,52,21,953,97,233,69,151,28,82,78,97,24,107,131,60,25,13,26,80,300,.416,.457,.341,.804,.544,.476,F,iwundwe01"
"258,Carlos Arroyo,1.7,1.7,2005-06,26,ORL,27,0,594,111,221,106,207,5,14,64,79,9,51,60,77,19,1,38,42,291,.502,.512,.357,.810,.569,.514,G,arroyca01"
"259,Gordan Giriček,1.7,1.7,2002-03,25,ORL,27,27,961,143,325,104,206,39,119,62,76,18,112,130,67,30,2,51,55,387,.440,.505,.328,.816,.540,.500,G-F,giricgo01"
"260,Grant Hill,1.7,1.7,2005-06,33,ORL,21,17,613,119,243,117,235,2,8,78,102,15,65,80,48,24,6,35,50,318,.490,.498,.250,.765,.552,.494,F-G,hillgr01"
"261,Jerian Grant,1.7,1.7,2018-19,26,ORL,60,1,939,92,220,52,110,40,110,26,40,19,79,98,156,44,6,51,78,250,.418,.473,.364,.650,.526,.509,G,grantje02"
"262,Keith Bogans,1.7,1.7,2006-07,26,ORL,59,18,990,99,245,46,108,53,137,47,63,16,77,93,59,28,2,46,98,298,.404,.426,.387,.746,.546,.512,G-F,boganke01"
"263,Mark Acres,1.6,1.6,1989-90,27,ORL,80,50,1691,138,285,135,281,3,4,83,120,154,277,431,67,36,25,70,248,362,.484,.480,.750,.692,.536,.489,F-C,acresma01"
"264,Cole Anthony,1.6,1.6,2021-22,21,ORL,65,65,2059,357,912,225,521,132,391,216,253,32,316,348,369,46,17,170,171,1062,.391,.432,.338,.854,.519,.464,G,anthoco01"
"265,Anthony Bowie,1.6,1.6,1995-96,32,ORL,74,4,1078,128,272,116,241,12,31,40,46,40,83,123,105,34,10,55,112,308,.471,.481,.387,.870,.527,.493,G-F,bowiean01"
"266,Andrew Nicholson,1.6,1.6,2015-16,26,ORL,56,0,823,146,310,105,196,41,114,51,65,34,167,201,25,10,22,41,69,384,.471,.536,.360,.785,.567,.537,F,nichoan01"
"267,Derek Strong,1.6,1.6,1998-99,30,ORL,44,0,695,76,180,76,178,0,2,71,99,66,95,161,17,15,7,37,64,223,.422,.427,.000,.717,.499,.422,F,stronde01"
"268,Kyle O'Quinn,1.6,1.6,2014-15,24,ORL,51,17,824,119,242,107,199,12,43,44,57,46,153,199,59,31,39,55,110,294,.492,.538,.279,.772,.550,.517,F-C,oquinky01"
"269,Terry Catledge,1.6,1.6,1990-91,27,ORL,51,38,1459,292,632,292,627,0,5,161,258,168,187,355,58,34,9,107,113,745,.462,.466,.000,.624,.500,.462,F,catlete01"
"270,Joe Wolf,1.5,1.5,1995-96,31,ORL,63,8,1047,135,262,135,256,0,6,21,29,49,136,185,63,13,5,40,161,291,.515,.527,.000,.724,.530,.515,F-C,wolfjo01"
"271,Rashard Lewis,1.5,1.5,2010-11,31,ORL,25,25,810,113,270,69,150,44,120,34,45,23,83,106,29,22,10,35,63,304,.419,.460,.367,.756,.524,.500,F,lewisra02"
"272,Anthony Avent,1.5,1.5,1994-95,25,ORL,71,3,1066,105,244,105,244,0,0,48,75,97,196,293,41,28,50,53,170,258,.430,.430,,.640,.466,.430,F,aventan01"
"273,Keith Bogans,1.5,1.5,2008-09,28,ORL,36,15,787,63,175,21,49,42,126,21,24,15,96,111,31,23,2,19,61,189,.360,.429,.333,.875,.509,.480,G-F,boganke01"
"274,Channing Frye,1.5,1.5,2015-16,32,ORL,44,29,754,81,186,33,65,48,121,19,21,23,118,141,45,21,20,30,71,229,.435,.508,.397,.905,.586,.565,C-F,fryech01"
"275,Cuttino Mobley,1.5,1.5,2004-05,29,ORL,23,21,726,128,296,70,171,58,125,55,69,11,52,63,42,23,9,41,49,369,.432,.409,.464,.797,.565,.530,G,moblecu01"
"276,Glen Davis,1.5,1.5,2013-14,28,ORL,45,43,1354,232,512,228,502,4,10,77,114,87,195,282,70,46,22,59,111,545,.453,.454,.400,.675,.485,.457,F-C,davisgl01"
"277,Michael Doleac,1.5,1.5,2000-01,23,ORL,77,21,1398,220,527,220,524,0,3,50,59,70,203,273,65,37,41,59,239,490,.417,.420,.000,.847,.443,.417,C,doleami01"
"278,Kyle O'Quinn,1.4,1.4,2012-13,22,ORL,57,5,638,101,197,101,196,0,1,30,45,65,144,209,52,11,26,37,107,232,.513,.515,.000,.667,.535,.513,F-C,oquinky01"
"279,Greg Kite,1.4,1.4,1991-92,30,ORL,72,44,1479,94,215,94,214,0,1,40,68,156,246,402,44,30,57,61,212,228,.437,.439,.000,.588,.465,.437,C,kitegr01"
"280,Patrick Ewing,1.4,1.4,2001-02,39,ORL,65,4,901,148,333,148,332,0,1,94,134,60,203,263,35,22,45,65,129,390,.444,.446,.000,.701,.497,.444,C-F,ewingpa01"
"281,Jeff Turner,1.4,1.4,1993-94,31,ORL,68,51,1536,199,426,181,371,18,55,35,45,79,192,271,60,23,11,75,239,451,.467,.488,.327,.778,.506,.488,F-C,turneje01"
"282,Brian Shaw,1.3,1.3,1994-95,28,ORL,78,9,1836,192,494,144,310,48,184,70,95,52,189,241,406,73,18,184,184,502,.389,.465,.261,.737,.468,.437,G,shawbr01"
"283,Quentin Richardson,1.3,1.3,2010-11,30,ORL,57,19,955,87,255,45,109,42,146,33,44,39,139,178,38,25,5,33,74,249,.341,.413,.288,.750,.454,.424,G-F,richaqu01"
"284,Jerry Reynolds,1.3,1.3,1989-90,27,ORL,67,40,1817,309,741,308,727,1,14,239,322,91,232,323,180,93,64,139,162,858,.417,.424,.071,.742,.486,.418,G-F,reynoje01"
"285,Victor Oladipo,1.3,1.3,2013-14,21,ORL,80,44,2487,392,936,318,710,74,226,248,318,43,286,329,327,129,37,256,210,1106,.419,.448,.327,.780,.514,.458,G,oladivi01"
"286,Chuma Okeke,1.3,1.3,2020-21,22,ORL,45,19,1133,135,324,86,183,49,141,30,40,42,139,181,101,48,22,38,48,349,.417,.470,.348,.750,.511,.492,F,okekech01"
"287,Chris Duhon,1.3,1.3,2011-12,29,ORL,63,9,1226,85,203,35,84,50,119,17,21,14,88,102,151,35,9,81,71,237,.419,.417,.420,.810,.558,.542,G,duhonch01"
"288,Marcin Gortat,1.3,1.3,2010-11,26,ORL,25,2,396,44,81,44,81,0,0,12,18,38,80,118,17,7,21,17,52,100,.543,.543,,.667,.562,.543,C-F,gortama01"
"289,Monty Williams,1.3,1.3,2000-01,29,ORL,82,0,1211,162,364,161,351,1,13,85,133,86,157,243,79,29,16,85,136,410,.445,.459,.077,.639,.485,.446,F,willimo01"
"290,Anthony Bowie,1.3,1.3,1993-94,30,ORL,70,0,948,139,289,138,271,1,18,41,49,29,91,120,102,32,12,58,81,320,.481,.509,.056,.837,.515,.483,G-F,bowiean01"
"291,Adonal Foyle,1.3,1.3,2007-08,32,ORL,82,0,774,70,153,70,153,0,0,16,34,71,137,208,18,16,45,32,94,156,.458,.458,,.471,.464,.458,C,foylead01"
"292,Keith Bogans,1.3,1.3,2003-04,23,ORL,73,36,1787,183,454,116,267,67,187,65,103,106,211,317,98,46,10,75,128,498,.403,.434,.358,.631,.499,.477,G-F,boganke01"
"293,Drew Gooden,1.3,1.3,2002-03,21,ORL,19,18,544,100,201,100,199,0,2,59,80,58,102,160,20,15,13,45,51,259,.498,.503,.000,.738,.548,.498,F,goodedr01"
"294,Quentin Richardson,1.3,1.3,2011-12,31,ORL,48,3,866,74,197,32,76,42,121,25,30,15,108,123,38,28,6,29,74,215,.376,.421,.347,.833,.511,.482,G-F,richaqu01"
"295,Wendell Carter Jr.,1.2,1.2,2020-21,21,ORL,22,19,583,101,205,94,176,7,29,49,68,62,131,193,35,17,18,29,50,258,.493,.534,.241,.721,.549,.510,C,cartewe01"
"296,Bo Outlaw,1.2,1.2,2006-07,35,ORL,41,0,460,34,51,34,51,0,0,13,22,47,59,106,16,17,6,21,57,81,.667,.667,,.591,.667,.667,F,outlabo01"
"297,D.J. Augustin,1.2,1.2,2016-17,29,ORL,78,20,1538,195,517,100,243,95,274,131,161,15,102,117,209,31,1,90,101,616,.377,.412,.347,.814,.524,.469,G,augusdj01"
"298,Pat Garrity,1.2,1.2,2005-06,29,ORL,57,0,938,101,242,51,113,50,129,30,37,31,77,108,38,12,9,38,108,282,.417,.451,.388,.811,.546,.521,F,garripa01"
"299,Isaac Austin,1.2,1.2,1998-99,29,ORL,49,49,1259,185,453,183,446,2,7,105,157,83,154,237,89,47,35,114,125,477,.408,.410,.286,.669,.457,.411,C,austiis01"
"300,Rod Strickland,1.2,1.2,2003-04,37,ORL,46,9,915,122,269,112,236,10,33,57,76,24,94,118,185,27,7,67,59,311,.454,.475,.303,.750,.514,.472,G,stricro02"
"301,Gordan Giriček,1.2,1.2,2003-04,26,ORL,48,25,1435,188,427,142,314,46,113,67,81,37,127,164,80,41,10,63,98,489,.440,.452,.407,.827,.528,.494,G-F,giricgo01"
"302,Jeff Turner,1.2,1.2,1990-91,28,ORL,71,43,1683,259,532,253,517,6,15,85,112,108,255,363,97,29,10,126,234,609,.487,.489,.400,.759,.524,.492,F-C,turneje01"
"303,Wendell Carter Jr.,1.2,1.2,2022-23,23,ORL,13,13,427,73,145,59,103,14,42,48,57,29,94,123,40,8,6,33,43,208,.503,.573,.333,.842,.611,.552,C,cartewe01"
"304,Grant Hill,1.2,1.2,2001-02,29,ORL,14,14,512,83,195,83,193,0,2,69,80,29,96,125,64,8,4,37,40,235,.426,.430,.000,.863,.510,.426,F-G,hillgr01"
"305,Brian Shaw,1.1,1.1,1996-97,30,ORL,77,31,1867,189,516,126,322,63,194,111,140,47,147,194,319,67,26,170,197,552,.366,.391,.325,.793,.478,.427,G,shawbr01"
"306,Darko Miličić,1.1,1.1,2005-06,20,ORL,30,1,627,102,201,102,201,0,0,25,42,34,89,123,32,11,62,36,67,229,.507,.507,,.595,.522,.507,F-C,milicda01"
"307,Jodie Meeks,1.1,1.1,2016-17,29,ORL,36,10,738,103,256,47,119,56,137,65,74,5,72,77,45,34,4,36,41,327,.402,.395,.409,.878,.567,.512,G,meeksjo01"
"308,Beno Udrih,1.1,1.1,2012-13,30,ORL,27,9,738,97,238,76,185,21,53,60,70,17,46,63,164,25,1,55,51,275,.408,.411,.396,.857,.512,.452,G,udrihbe01"
"309,Anfernee Hardaway,1.1,1.1,1997-98,26,ORL,19,15,625,103,273,88,223,15,50,90,118,8,68,76,68,28,15,46,45,311,.377,.395,.300,.763,.479,.405,G-F,hardaan01"
"310,Jeff Turner,1.1,1.1,1994-95,32,ORL,49,5,576,73,178,46,103,27,75,26,29,23,74,97,38,12,3,22,102,199,.410,.447,.360,.897,.522,.486,F-C,turneje01"
"311,Ersan İlyasova,1.1,1.1,2015-16,28,ORL,22,4,447,64,153,46,109,18,44,32,45,45,76,121,12,14,6,12,51,178,.418,.422,.409,.711,.515,.477,F,ilyaser01"
"312,Keyon Dooling,1.1,1.1,2005-06,25,ORL,50,7,1137,178,405,165,362,13,43,101,121,11,67,78,109,49,4,82,116,470,.440,.456,.302,.835,.513,.456,G,doolike01"
"313,Sam Vincent,1.1,1.1,1991-92,28,ORL,39,18,885,150,349,149,336,1,13,110,130,19,82,101,148,35,4,72,55,411,.430,.443,.077,.846,.506,.431,G,vincesa01"
"314,Bol Bol,1.1,1.1,2022-23,23,ORL,13,8,306,59,88,49,69,10,19,21,25,17,80,97,7,2,25,23,21,149,.670,.710,.526,.840,.753,.727,F-C,bolbo01"
"315,Pat Garrity,1.1,1.1,2004-05,28,ORL,71,0,955,123,306,74,159,49,147,29,33,21,103,124,30,19,9,30,107,324,.402,.465,.333,.879,.505,.482,F,garripa01"
"316,Steven Hunter,1.0,1.0,2001-02,20,ORL,53,21,516,67,147,67,147,0,0,55,94,40,57,97,5,5,43,16,81,189,.456,.456,,.585,.502,.456,C,huntest01"
"317,Aaron Gordon,1.0,1.0,2014-15,19,ORL,47,8,797,93,208,80,160,13,48,44,61,46,123,169,33,21,22,38,83,243,.447,.500,.271,.721,.517,.478,F,gordoaa01"
"318,Anthony Johnson,1.0,1.0,2009-10,35,ORL,31,0,406,49,111,36,72,13,39,19,20,8,40,48,63,11,1,26,32,130,.441,.500,.333,.950,.543,.500,G,johnsan02"
"319,Andrew DeClercq,1.0,1.0,2001-02,28,ORL,61,14,633,67,149,67,149,0,0,28,50,74,89,163,22,23,24,34,130,162,.450,.450,,.560,.474,.450,F-C,declean01"
"320,Larry Krystkowiak,1.0,1.0,1993-94,29,ORL,34,11,682,71,148,71,147,0,1,31,39,38,85,123,35,14,4,29,74,173,.480,.483,.000,.795,.524,.480,F-C,krystla01"
"321,Don Reid,0.9,0.9,2001-02,28,ORL,68,5,714,90,190,90,190,0,0,44,68,65,111,176,27,20,44,54,180,224,.474,.474,,.647,.509,.474,F,reiddo01"
"322,Steven Hunter,0.9,0.9,2002-03,21,ORL,33,5,447,56,103,56,103,0,0,18,44,38,55,93,6,9,36,15,56,130,.544,.544,,.409,.531,.544,C,huntest01"
"323,Tree Rollins,0.9,0.9,1993-94,38,ORL,45,1,384,29,53,29,53,0,0,18,30,33,63,96,9,7,35,13,55,76,.547,.547,,.600,.574,.547,C,rollitr01"
"324,Sam Vincent,0.9,0.9,1990-91,27,ORL,49,17,975,152,353,149,334,3,19,99,120,17,90,107,197,30,5,91,74,406,.431,.446,.158,.825,.500,.435,G,vincesa01"
"325,Mario Hezonja,0.9,0.9,2015-16,20,ORL,79,9,1413,181,418,114,226,67,192,49,54,28,148,176,109,39,17,97,124,478,.433,.504,.349,.907,.541,.513,F-G,hezonma01"
"326,C.J. Watson,0.9,0.9,2016-17,32,ORL,62,9,1012,96,248,64,143,32,105,57,66,16,73,89,114,43,2,47,84,281,.387,.448,.305,.864,.507,.452,G,watsocj01"
"327,Chris Corchiani,0.9,0.9,1991-92,23,ORL,51,1,741,77,193,67,156,10,37,91,104,18,60,78,141,45,2,74,94,255,.399,.429,.270,.875,.534,.425,G,corchch01"
"328,Terrence Ross,0.9,0.9,2020-21,29,ORL,46,2,1347,254,616,165,352,89,264,120,138,15,143,158,108,47,21,74,88,717,.412,.469,.337,.870,.530,.485,F-G,rosste01"
"329,Shammond Williams,0.9,0.9,2003-04,28,ORL,37,2,525,59,151,34,77,25,74,40,45,9,34,43,64,23,1,26,40,183,.391,.442,.338,.889,.536,.474,G,willish01"
"330,Brian Evans,0.8,0.8,1997-98,24,ORL,44,0,561,77,206,65,161,12,45,40,48,31,54,85,31,22,8,24,57,206,.374,.404,.267,.833,.454,.403,F,evansbr01"
"331,Litterial Green,0.8,0.8,1992-93,22,ORL,52,4,626,87,198,86,188,1,10,60,96,11,23,34,116,23,4,42,70,235,.439,.457,.100,.625,.489,.442,G,greenli01"
"332,Donta Hall,0.8,0.8,2020-21,23,ORL,13,0,179,25,35,25,35,0,0,23,34,24,38,62,11,5,10,8,18,73,.714,.714,,.676,.731,.714,F,halldo01"
"333,Robin Lopez,0.8,0.8,2021-22,33,ORL,36,9,612,110,199,108,193,2,6,32,54,68,58,126,54,2,18,44,67,254,.553,.560,.333,.593,.570,.558,C,lopezro01"
"334,Paolo Banchero,0.8,0.8,2022-23,20,ORL,11,11,381,89,193,78,150,11,43,70,91,9,82,91,40,8,10,33,26,259,.461,.520,.256,.769,.556,.490,F,banchpa01"
"335,Glen Davis,0.8,0.8,2012-13,27,ORL,34,33,1064,214,478,214,476,0,2,84,117,55,191,246,70,32,21,64,88,512,.448,.450,.000,.718,.483,.448,F-C,davisgl01"
"336,Jeryl Sasser,0.8,0.8,2002-03,23,ORL,75,4,1025,64,207,51,163,13,44,53,78,64,120,184,65,45,12,39,91,194,.309,.313,.295,.679,.402,.341,G,sasseje01"
"337,Jud Buechler,0.8,0.8,2001-02,33,ORL,60,2,630,42,112,23,58,19,54,2,4,27,81,108,29,20,8,14,46,105,.375,.397,.352,.500,.461,.460,F-G,buechju01"
"338,Dennis Scott,0.7,0.7,1991-92,23,ORL,18,15,608,133,331,104,242,29,89,64,71,14,52,66,35,20,9,31,49,359,.402,.430,.326,.901,.496,.446,F,scottde01"
"339,Bo Outlaw,0.7,0.7,2005-06,34,ORL,32,0,355,35,58,35,58,0,0,5,8,31,46,77,14,10,12,17,50,75,.603,.603,,.625,.610,.603,F,outlabo01"
"340,Josh McRoberts,0.7,0.7,2012-13,25,ORL,41,3,685,60,153,43,98,17,55,22,30,41,96,137,70,10,12,28,65,159,.392,.439,.309,.733,.478,.448,F,mcrobjo01"
"341,Stacey Augmon,0.7,0.7,2004-05,36,ORL,55,7,663,68,167,68,167,0,0,57,77,45,54,99,36,23,8,31,83,193,.407,.407,,.740,.480,.407,F-G,augmost01"
"342,Gustavo Ayón,0.7,0.7,2012-13,27,ORL,43,3,571,67,125,67,125,0,0,19,38,40,100,140,59,13,13,38,83,153,.536,.536,,.500,.540,.536,C,ayongu01"
"343,Mickaël Piétrus,0.7,0.7,2010-11,28,ORL,19,0,418,45,115,11,28,34,87,3,6,6,44,50,10,10,3,14,35,127,.391,.393,.391,.500,.540,.539,G-F,pietrmi01"
"344,Jeff Green,0.7,0.7,2016-17,30,ORL,69,11,1534,220,558,167,365,53,193,145,168,39,175,214,81,37,13,75,103,638,.394,.458,.275,.863,.505,.442,F,greenje02"
"345,Franz Wagner,0.7,0.7,2022-23,21,ORL,13,13,444,96,196,84,144,12,52,34,40,14,38,52,59,11,4,36,29,238,.490,.583,.231,.850,.557,.520,G-F,wagnefr01"
"346,Travis Diener,0.7,0.7,2006-07,24,ORL,26,0,288,34,80,16,30,18,50,12,15,3,15,18,35,4,0,13,27,98,.425,.533,.360,.800,.566,.538,G,dienetr01"
"347,Chuma Okeke,0.7,0.7,2022-23,24,ORL,13,2,261,24,58,10,18,14,40,13,17,18,40,58,22,5,6,8,23,75,.414,.556,.350,.765,.573,.534,F,okekech01"
"348,Wes Iwundu,0.7,0.7,2017-18,23,ORL,62,12,1020,93,218,84,172,9,46,34,47,36,101,137,57,33,12,30,81,229,.427,.488,.196,.723,.480,.447,F,iwundwe01"
"349,Brandon Jennings,0.7,0.7,2015-16,26,ORL,25,6,452,59,161,32,83,27,78,30,40,11,39,50,100,18,5,35,33,175,.366,.386,.346,.750,.490,.450,G,jennibr01"
"350,James Ennis III,0.7,0.7,2019-20,29,ORL,20,18,489,60,133,42,70,18,63,31,37,23,72,95,22,12,8,27,52,169,.451,.600,.286,.838,.566,.519,F,ennisja01"
"351,Gary Clark,0.6,0.6,2019-20,25,ORL,24,5,355,31,74,10,14,21,60,3,3,26,44,70,5,4,15,8,25,86,.419,.714,.350,1.000,.571,.561,F,clarkga01"
"352,C.J. Watson,0.6,0.6,2015-16,31,ORL,33,2,656,47,137,33,89,14,48,34,39,10,56,66,88,19,5,25,49,142,.343,.371,.292,.872,.461,.394,G,watsocj01"
"353,Michael Carter-Williams,0.6,0.6,2018-19,27,ORL,12,0,227,21,62,18,43,3,19,20,27,16,41,57,49,11,9,10,21,65,.339,.419,.158,.741,.440,.363,G,cartemi01"
"354,Greg Kite,0.6,0.6,1992-93,31,ORL,64,1,640,38,84,38,83,0,1,13,24,66,127,193,10,13,12,35,133,89,.452,.458,.000,.542,.471,.452,C,kitegr01"
"355,Marreese Speights,0.6,0.6,2017-18,30,ORL,52,3,675,138,349,52,116,86,233,40,55,21,112,133,40,8,22,40,106,402,.395,.448,.369,.727,.539,.519,C-F,speigma01"
"356,Ron Mercer,0.6,0.6,1999-00,23,ORL,31,31,969,188,468,188,459,0,9,94,119,35,63,98,54,42,8,64,76,470,.402,.410,.000,.790,.452,.402,G-F,mercero01"
"357,Andrew Nicholson,0.6,0.6,2013-14,24,ORL,76,5,1174,180,420,152,331,28,89,47,57,53,202,255,25,18,23,51,150,435,.429,.459,.315,.825,.489,.462,F,nichoan01"
"358,Danny Schayes,0.6,0.6,1996-97,37,ORL,45,6,540,47,120,47,119,0,1,39,52,41,84,125,14,15,16,27,74,133,.392,.395,.000,.750,.465,.392,C-F,schayda01"
"359,Brooks Thompson,0.6,0.6,1995-96,25,ORL,33,0,246,48,103,23,39,25,64,19,27,4,20,24,31,12,0,24,35,140,.466,.590,.391,.704,.609,.587,G,thompbr01"
"360,Brian Shaw,0.6,0.6,1995-96,29,ORL,75,1,1679,182,486,141,342,41,144,91,114,58,166,224,336,58,11,173,160,496,.374,.412,.285,.798,.463,.417,G,shawbr01"
"361,Trevor Ariza,0.6,0.6,2005-06,20,ORL,21,0,290,32,80,32,78,0,2,35,50,29,52,81,15,14,2,16,22,99,.400,.410,.000,.700,.485,.400,F,arizatr01"
"362,Jerry Reynolds,0.6,0.6,1991-92,29,ORL,46,16,1159,197,518,194,494,3,24,158,189,47,102,149,151,63,17,96,69,555,.380,.393,.125,.836,.462,.383,G-F,reynoje01"
"363,Luke Ridnour,0.6,0.6,2014-15,33,ORL,47,0,683,75,176,55,113,20,63,18,21,8,60,68,96,20,4,38,67,188,.426,.487,.317,.857,.507,.483,G,ridnolu01"
"364,Travis Diener,0.6,0.6,2005-06,23,ORL,23,0,246,29,69,4,12,25,57,5,6,4,17,21,16,7,0,10,22,88,.420,.333,.439,.833,.614,.601,G,dienetr01"
"365,Terrence Ross,0.6,0.6,2016-17,25,ORL,24,24,748,115,267,69,132,46,135,23,27,4,64,68,43,34,13,35,61,299,.431,.523,.341,.852,.536,.517,F-G,rosste01"
"366,Aaron Gordon,0.6,0.6,2020-21,25,ORL,25,25,736,128,293,86,181,42,112,66,105,39,127,166,105,16,20,67,49,364,.437,.475,.375,.629,.537,.509,F,gordoaa01"
"367,Steven Hunter,0.6,0.6,2003-04,22,ORL,59,23,789,82,155,82,155,0,0,23,69,54,116,170,12,5,73,29,101,187,.529,.529,,.333,.504,.529,C,huntest01"
"368,Mario Kasun,0.6,0.6,2004-05,24,ORL,45,0,356,47,98,47,97,0,1,24,43,52,76,128,8,8,13,26,86,118,.480,.485,.000,.558,.505,.480,C,kasunma01"
"369,Tree Rollins,0.5,0.5,1994-95,39,ORL,51,3,478,20,42,20,42,0,0,21,31,31,64,95,9,7,36,23,63,61,.476,.476,,.677,.548,.476,C,rollitr01"
"370,J.J. Redick,0.5,0.5,2007-08,23,ORL,34,0,276,48,108,31,65,17,43,27,34,1,22,23,16,4,0,15,29,140,.444,.477,.395,.794,.569,.523,G,redicjj01"
"371,Dwayne Bacon,0.5,0.5,2020-21,25,ORL,72,50,1853,292,726,233,519,59,207,145,176,31,193,224,93,45,5,46,103,788,.402,.449,.285,.824,.490,.443,G,bacondw01"
"372,R.J. Hampton,0.5,0.5,2022-23,21,ORL,11,0,168,24,46,13,26,11,20,13,14,6,12,18,15,8,4,11,14,72,.522,.500,.550,.929,.690,.641,G,hamptrj01"
"373,Doron Lamb,0.5,0.5,2013-14,22,ORL,53,0,695,63,160,27,70,36,90,29,36,8,41,49,43,11,1,27,54,191,.394,.386,.400,.806,.543,.506,G,lambdo01"
"374,Brian Cook,0.5,0.5,2007-08,27,ORL,45,0,559,84,213,43,108,41,105,15,17,24,75,99,24,11,12,35,87,224,.394,.398,.390,.882,.508,.491,F,cookbr01"
"375,Daniel Orton,0.5,0.5,2011-12,21,ORL,16,2,187,17,30,17,29,0,1,11,25,19,20,39,5,8,9,7,30,45,.567,.586,.000,.440,.549,.567,C-F,ortonda01"
"376,Jarell Martin,0.5,0.5,2018-19,24,ORL,42,1,328,43,104,23,47,20,57,9,11,11,62,73,18,3,8,11,51,115,.413,.489,.351,.818,.528,.510,F,martija01"
"377,Dewayne Dedmon,0.5,0.5,2013-14,24,ORL,16,6,234,23,53,23,53,0,0,13,17,27,51,78,2,7,13,9,37,59,.434,.434,,.765,.488,.434,C,dedmode01"
"378,Terrence Ross,0.5,0.5,2022-23,31,ORL,12,8,321,47,102,25,50,22,52,6,9,5,27,32,16,8,3,11,26,122,.461,.500,.423,.667,.576,.569,F-G,rosste01"
"379,Jason Lawson,0.5,0.5,1997-98,23,ORL,17,0,80,9,15,9,15,0,0,8,10,8,19,27,5,4,4,2,14,26,.600,.600,,.800,.670,.600,C,lawsoja01"
"380,David Benoit,0.5,0.5,1997-98,29,ORL,24,0,324,50,139,36,88,14,51,24,30,18,44,62,8,9,4,13,37,138,.360,.409,.275,.800,.453,.410,F,benoida01"
"381,Ignas Brazdeikis,0.5,0.5,2021-22,23,ORL,42,1,536,81,188,54,101,27,87,21,32,23,49,72,37,10,3,17,48,210,.431,.535,.310,.656,.520,.503,F,brazdig01"
"382,Steve Kerr,0.4,0.4,1992-93,27,ORL,47,0,440,48,112,42,88,6,24,20,22,5,33,38,59,8,1,25,34,122,.429,.477,.250,.909,.501,.455,G,kerrst01"
"383,Mo Bamba,0.4,0.4,2022-23,24,ORL,12,0,175,30,59,22,32,8,27,7,12,8,36,44,12,2,8,8,23,75,.508,.688,.296,.583,.583,.576,C,bambamo01"
"384,Von Wafer,0.4,0.4,2011-12,26,ORL,33,1,469,71,157,57,118,14,39,38,54,6,39,45,29,10,3,35,26,194,.452,.483,.359,.704,.537,.497,G,wafervo01"
"385,Markelle Fultz,0.4,0.4,2021-22,23,ORL,18,3,360,83,175,79,158,4,17,25,31,4,45,49,99,20,5,40,22,195,.474,.500,.235,.806,.517,.486,G,fultzma01"
"386,Sean Higgins,0.4,0.4,1991-92,23,ORL,32,12,580,123,262,117,238,6,24,24,29,27,67,94,37,14,6,37,52,276,.469,.492,.250,.828,.502,.481,G-F,higgise01"
"387,Moritz Wagner,0.4,0.4,2020-21,23,ORL,11,10,286,38,93,22,50,16,43,29,33,11,43,54,12,4,9,13,36,121,.409,.440,.372,.879,.563,.495,F-C,wagnemo01"
"388,Amile Jefferson,0.4,0.4,2018-19,25,ORL,12,0,68,10,16,10,16,0,0,7,8,6,15,21,3,3,3,1,8,27,.625,.625,,.875,.692,.625,F,jeffeam01"
"389,Grant Hill,0.3,0.3,2000-01,28,ORL,4,4,133,19,43,18,42,1,1,16,26,8,17,25,25,5,2,11,9,55,.442,.429,1.000,.615,.505,.453,F-G,hillgr01"
"390,Bison Dele,0.3,0.3,1992-93,23,ORL,21,0,240,40,78,40,77,0,1,16,20,24,32,56,5,14,17,25,48,96,.513,.519,.000,.800,.553,.513,F-C,delebi01"
"391,Chris Corchiani,0.3,0.3,1992-93,24,ORL,9,0,102,13,23,13,20,0,3,16,21,1,6,7,16,6,0,8,17,42,.565,.650,.000,.762,.651,.565,G,corchch01"
"392,Robert Franks,0.3,0.3,2020-21,24,ORL,7,0,101,13,28,8,13,5,15,12,13,6,8,14,5,3,3,2,8,43,.464,.615,.333,.923,.638,.554,F,frankro01"
"393,B.J. Armstrong,0.3,0.3,1998-99,31,ORL,22,0,180,19,45,18,38,1,7,9,11,1,22,23,34,9,0,15,15,48,.422,.474,.143,.818,.482,.433,G,armstbj01"
"394,Kelvin Cato,0.3,0.3,2005-06,31,ORL,23,0,299,31,72,31,72,0,0,26,35,19,44,63,2,6,10,16,48,88,.431,.431,,.743,.503,.431,C,catoke01"
"395,Terrence Ross,0.3,0.3,2021-22,30,ORL,63,0,1448,220,554,143,290,77,264,112,130,20,141,161,116,28,12,75,68,629,.397,.493,.292,.862,.515,.467,F-G,rosste01"
"396,Zaza Pachulia,0.3,0.3,2003-04,19,ORL,59,2,664,68,175,68,175,0,0,58,90,69,105,174,13,21,12,34,87,194,.389,.389,,.644,.452,.389,C,pachuza01"
"397,Earl Clark,0.3,0.3,2011-12,24,ORL,45,1,559,51,139,51,139,0,0,21,29,35,89,124,18,12,32,25,72,123,.367,.367,,.724,.405,.367,F,clarkea01"
"398,Terrence Ross,0.3,0.3,2017-18,26,ORL,24,20,600,76,191,46,98,30,93,27,36,10,63,73,38,27,11,29,45,209,.398,.469,.323,.750,.505,.476,F-G,rosste01"
"399,Earl Clark,0.3,0.3,2010-11,23,ORL,33,0,392,56,127,56,122,0,5,22,37,33,51,84,5,7,15,26,39,134,.441,.459,.000,.595,.468,.441,F,clarkea01"
"400,James Augustine,0.3,0.3,2007-08,23,ORL,25,0,149,18,34,18,34,0,0,4,8,16,14,30,2,5,2,6,18,40,.529,.529,,.500,.533,.529,F,augusja01"
"401,Olumide Oyedeji,0.3,0.3,2002-03,21,ORL,27,3,145,10,23,10,23,0,0,7,11,10,40,50,5,5,3,5,30,27,.435,.435,,.636,.485,.435,C,oyedeol01"
"402,Andre Barrett,0.3,0.3,2004-05,22,ORL,11,1,169,25,55,20,40,5,15,7,9,6,15,21,27,5,1,11,16,62,.455,.500,.333,.778,.526,.500,G,barrean01"
"403,Jason Maxiell,0.3,0.3,2013-14,30,ORL,34,13,488,47,105,47,105,0,0,15,31,28,58,86,9,8,20,14,47,109,.448,.448,,.484,.459,.448,F,maxieja01"
"404,Maurice Harkless,0.3,0.3,2014-15,21,ORL,45,4,674,63,158,53,102,10,56,22,41,38,68,106,25,32,9,27,66,158,.399,.520,.179,.537,.449,.430,F-G,harklma01"
"405,Dominique Wilkins,0.3,0.3,1998-99,39,ORL,27,2,252,50,132,45,113,5,19,29,42,30,41,71,16,4,1,23,19,134,.379,.398,.263,.690,.445,.398,F-G,wilkido01"
"406,Adonal Foyle,0.3,0.3,2008-09,33,ORL,9,0,59,7,11,7,11,0,0,3,6,9,17,26,1,0,8,3,4,17,.636,.636,,.500,.623,.636,C,foylead01"
"407,Isaiah Briscoe,0.3,0.3,2018-19,22,ORL,39,0,559,55,138,44,104,11,34,15,26,5,69,74,87,11,2,31,66,136,.399,.423,.324,.577,.455,.438,G,briscis01"
"408,Stacey Augmon,0.3,0.3,2005-06,37,ORL,36,3,385,25,73,25,73,0,0,21,30,18,35,53,23,12,6,11,40,71,.342,.342,,.700,.412,.342,F-G,augmost01"
"409,Admiral Schofield,0.3,0.3,2021-22,24,ORL,38,1,469,54,129,28,50,26,79,12,15,17,72,89,25,4,5,21,58,146,.419,.560,.329,.800,.538,.519,G-F,schofad01"
"410,Mario Kasun,0.3,0.3,2005-06,25,ORL,28,0,213,31,69,31,69,0,0,18,23,24,36,60,3,2,3,15,69,80,.449,.449,,.783,.506,.449,C,kasunma01"
"411,Bo Outlaw,0.3,0.3,2001-02,30,ORL,10,0,160,13,21,13,21,0,0,8,18,15,14,29,5,9,9,11,23,34,.619,.619,,.444,.588,.619,F,outlabo01"
"412,Hassani Gravett,0.3,0.3,2021-22,25,ORL,8,3,171,18,38,7,12,11,26,3,4,1,20,21,20,5,1,9,13,50,.474,.583,.423,.750,.629,.618,G,graveha01"
"413,Ben Gordon,0.3,0.3,2014-15,31,ORL,56,0,790,129,295,94,198,35,97,56,67,6,57,63,50,14,1,55,60,349,.437,.475,.361,.836,.538,.497,G,gordobe01"
"414,Tyronn Lue,0.3,0.3,2008-09,31,ORL,14,0,129,17,43,11,26,6,17,2,3,0,11,11,14,2,0,2,13,42,.395,.423,.353,.667,.474,.465,G,luety01"
"415,R.J. Hampton,0.2,0.2,2020-21,19,ORL,26,1,655,111,253,89,184,22,69,46,70,19,110,129,73,16,8,42,39,290,.439,.484,.319,.657,.511,.482,G,hamptrj01"
"416,Sean Rooks,0.2,0.2,2003-04,34,ORL,20,0,270,20,57,20,56,0,1,21,22,14,33,47,18,5,5,7,41,61,.351,.357,.000,.955,.457,.351,C,rooksse01"
"417,Jonathan Isaac,0.2,0.2,2017-18,20,ORL,27,10,536,55,145,39,99,16,46,19,25,16,83,99,18,33,30,27,48,145,.379,.394,.348,.760,.465,.434,F,isaacjo01"
"418,Pat Garrity,0.2,0.2,2006-07,30,ORL,33,0,277,22,70,11,38,11,32,16,18,12,30,42,14,7,0,14,37,71,.314,.289,.344,.889,.456,.393,F,garripa01"
"419,Anthony Johnson,0.2,0.2,1999-00,25,ORL,18,4,214,26,61,25,56,1,5,9,15,6,6,12,13,10,2,8,17,62,.426,.446,.200,.600,.459,.434,G,johnsan02"
"420,Chris Duhon,0.2,0.2,2010-11,28,ORL,51,5,774,49,129,36,77,13,52,14,25,9,43,52,118,16,2,61,30,125,.380,.468,.250,.560,.446,.430,G,duhonch01"
"421,E'Twaun Moore,0.2,0.2,2012-13,23,ORL,75,21,1682,237,598,170,401,67,197,47,59,48,119,167,206,51,23,105,122,588,.396,.424,.340,.797,.471,.452,G-F,mooreet01"
"422,Derek Strong,0.2,0.2,1999-00,31,ORL,20,0,148,21,48,20,44,1,4,11,14,11,33,44,4,5,2,12,15,54,.438,.455,.250,.786,.499,.448,F,stronde01"
"423,Ish Smith,0.2,0.2,2011-12,23,ORL,20,0,171,19,51,18,47,1,4,6,8,5,21,26,32,11,2,12,11,45,.373,.383,.250,.750,.413,.382,G,smithis01"
"424,Jalen Suggs,0.2,0.2,2022-23,21,ORL,8,7,230,39,85,29,49,10,36,16,26,5,17,22,39,14,3,25,29,104,.459,.592,.278,.615,.539,.518,G,suggsja01"
"425,Trevor Ariza,0.2,0.2,2007-08,22,ORL,11,0,115,14,31,14,28,0,3,8,15,5,19,24,8,5,3,5,9,36,.452,.500,.000,.533,.479,.452,F,arizatr01"
"426,Dee Brown,0.2,0.2,2000-01,32,ORL,7,0,155,16,44,4,12,12,32,4,5,0,11,11,12,4,0,7,10,48,.364,.333,.375,.800,.519,.500,G,brownde01"
"427,Matt Harpring,0.2,0.2,1999-00,23,ORL,4,0,63,4,17,2,15,2,2,6,7,5,7,12,8,5,1,1,7,16,.235,.133,1.000,.857,.398,.294,F,harprma01"
"428,Cole Anthony,0.2,0.2,2022-23,22,ORL,4,3,122,22,53,15,33,7,20,11,15,3,16,19,17,3,3,8,14,62,.415,.455,.350,.733,.520,.481,G,anthoco01"
"429,Jason Williams,0.2,0.2,2010-11,35,ORL,16,0,171,13,38,6,15,7,23,0,0,3,19,22,24,8,0,11,6,33,.342,.400,.304,,.434,.434,G,willija02"
"430,Jordan Bone,0.2,0.2,2020-21,23,ORL,14,0,196,23,54,13,22,10,32,0,0,4,20,24,18,2,0,3,11,56,.426,.591,.313,,.519,.519,G,bonejo01"
"431,Adreian Payne,0.2,0.2,2017-18,26,ORL,5,0,43,7,10,5,7,2,3,5,6,2,7,9,0,2,0,2,6,21,.700,.714,.667,.833,.831,.800,F-C,paynead01"
"432,Horace Grant,0.2,0.2,2002-03,37,ORL,5,1,85,13,25,13,25,0,0,0,0,2,6,8,7,3,0,1,5,26,.520,.520,,,.520,.520,F-C,grantho01"
"433,Malik Allen,0.2,0.2,2010-11,32,ORL,18,0,178,11,31,11,31,0,0,1,2,12,20,32,4,1,4,3,30,23,.355,.355,,.500,.361,.355,F-C,allenma01"
"434,Brandon Hunter,0.2,0.2,2004-05,24,ORL,31,0,224,37,73,37,73,0,0,21,39,25,44,69,3,4,7,22,42,95,.507,.507,,.538,.527,.507,F,huntebr01"
"435,Gilbert Arenas,0.2,0.2,2010-11,29,ORL,49,2,1070,139,404,89,222,50,182,64,86,16,103,119,157,44,9,106,112,392,.344,.401,.275,.744,.444,.406,G,arenagi01"
"436,Anthony Parker,0.2,0.2,1999-00,24,ORL,16,0,185,24,57,23,43,1,14,8,11,5,22,27,10,8,4,11,13,57,.421,.535,.071,.727,.461,.430,G,parkean01"
"437,Lee Nailon,0.2,0.2,2003-04,28,ORL,8,0,83,11,27,11,27,0,0,7,9,8,6,14,4,1,0,0,9,29,.407,.407,,.778,.468,.407,F,nailole01"
"438,Melvin Frazier,0.2,0.2,2019-20,23,ORL,19,0,126,15,34,7,18,8,16,2,4,2,8,10,3,9,2,5,11,40,.441,.389,.500,.500,.559,.559,G,frazime01"
"439,Terry Catledge,0.1,0.1,1992-93,29,ORL,21,1,262,36,73,36,73,0,0,27,34,18,28,46,5,4,1,25,31,99,.493,.493,,.794,.563,.493,F,catlete01"
"440,Marcin Gortat,0.1,0.1,2007-08,23,ORL,6,0,41,8,17,8,17,0,0,2,3,8,8,16,2,1,1,2,4,18,.471,.471,,.667,.491,.471,C-F,gortama01"
"441,Darrell Armstrong,0.1,0.1,1995-96,27,ORL,13,0,41,16,32,10,20,6,12,4,4,0,2,2,5,6,0,6,4,42,.500,.500,.500,1.000,.622,.594,G,armstda01"
"442,Ignas Brazdeikis,0.1,0.1,2020-21,22,ORL,8,0,234,35,79,24,52,11,27,8,12,10,31,41,16,4,3,11,22,89,.443,.462,.407,.667,.528,.513,F,brazdig01"
"443,Arron Afflalo,0.1,0.1,2017-18,32,ORL,53,3,682,65,162,38,92,27,70,22,26,4,62,66,30,4,9,21,56,179,.401,.413,.386,.846,.516,.485,G-F,afflaar01"
"444,Doug Overton,0.1,0.1,1998-99,29,ORL,6,0,33,6,12,6,10,0,2,6,6,1,1,2,3,1,0,3,2,18,.500,.600,.000,1.000,.615,.500,G,overtdo01"
"445,Sindarius Thornwell,0.1,0.1,2020-21,26,ORL,7,0,144,8,25,4,11,4,14,4,6,2,11,13,17,8,1,3,12,24,.320,.364,.286,.667,.434,.400,G,thornsi01"
"446,DeQuan Jones,0.1,0.1,2012-13,22,ORL,63,17,803,95,218,86,183,9,35,34,51,17,88,105,16,19,22,30,55,233,.436,.470,.257,.667,.485,.456,F,jonesde01"
"447,Freddie Gillespie,0.1,0.1,2021-22,24,ORL,9,2,119,9,22,9,21,0,1,3,7,13,23,36,5,3,9,5,18,21,.409,.429,.000,.429,.419,.409,F,gillefr01"
"448,David Vaughn,0.1,0.1,1996-97,23,ORL,35,6,298,31,72,31,72,0,0,19,30,35,60,95,7,8,15,29,43,81,.431,.431,,.633,.475,.431,F,vaughda02"
"449,Troy Caupain,0.1,0.1,2018-19,23,ORL,4,0,16,4,8,2,5,2,3,0,0,1,2,3,4,1,0,0,0,10,.500,.400,.667,,.625,.625,G,caupatr01"
"450,Brooks Thompson,0.1,0.1,1994-95,24,ORL,38,2,246,45,114,27,56,18,58,8,12,7,16,23,43,10,2,27,46,116,.395,.482,.310,.667,.486,.474,G,thompbr01"
"451,Litterial Green,0.1,0.1,1993-94,23,ORL,29,0,126,22,57,21,53,1,4,28,37,6,6,12,9,6,1,13,16,73,.386,.396,.250,.757,.498,.395,G,greenli01"
"452,Al-Farouq Aminu,0.1,0.1,2019-20,29,ORL,18,2,380,25,86,16,50,9,36,19,29,24,63,87,21,18,8,17,27,78,.291,.320,.250,.655,.395,.343,F,aminual01"
"453,Morlon Wiley,0.1,0.1,1989-90,23,ORL,40,2,638,92,208,75,162,17,46,28,38,13,39,52,114,45,3,63,65,229,.442,.463,.370,.737,.510,.483,G,wileymo01"
"454,Al-Farouq Aminu,0.1,0.1,2020-21,30,ORL,17,14,367,36,89,29,58,7,31,14,17,20,71,91,29,17,9,25,22,93,.404,.500,.226,.824,.482,.444,F,aminual01"
"455,Morlon Wiley,0.1,0.1,1990-91,24,ORL,34,0,350,45,108,39,96,6,12,17,25,4,13,17,73,24,0,34,37,113,.417,.406,.500,.680,.475,.444,G,wileymo01"
"456,Marcus Georges-Hunt,0.1,0.1,2016-17,22,ORL,5,0,48,2,7,1,5,1,2,9,10,1,8,9,3,1,0,2,5,14,.286,.200,.500,.900,.614,.357,G,georgma01"
"457,Devin Cannady,0.1,0.1,2021-22,25,ORL,5,0,145,15,44,0,7,15,37,5,7,1,5,6,10,5,3,5,9,50,.341,.000,.405,.714,.531,.511,G,cannade01"
"458,Kevin Edwards,0.1,0.1,1997-98,32,ORL,12,0,135,20,59,18,55,2,4,17,20,9,11,20,13,5,1,10,8,59,.339,.327,.500,.850,.435,.356,G,edwarke01"
"459,Earl Boykins,0.1,0.1,1999-00,23,ORL,1,0,8,3,4,3,4,0,0,0,0,1,0,1,3,0,0,0,0,6,.750,.750,,,.750,.750,G,boykiea01"
"460,Gary Clark,0.1,0.1,2020-21,26,ORL,35,11,637,40,131,9,23,31,108,8,10,33,79,112,30,12,7,17,34,119,.305,.391,.287,.800,.439,.424,F,clarkga01"
"461,Desmond Penigar,0.1,0.1,2003-04,22,ORL,10,0,89,14,28,14,28,0,0,4,4,6,18,24,3,2,2,6,14,32,.500,.500,,1.000,.538,.500,F,penigde01"
"462,Devin Cannady,0.1,0.1,2020-21,24,ORL,8,0,74,11,28,5,12,6,16,6,7,0,5,5,1,5,1,2,9,34,.393,.417,.375,.857,.547,.500,G,cannade01"
"463,B.J. Johnson,0.1,0.1,2021-22,26,ORL,4,0,65,11,25,7,15,4,10,0,0,6,9,15,0,0,1,0,4,26,.440,.467,.400,,.520,.520,G,johnsbj01"
"464,Brian Evans,0.1,0.1,1996-97,23,ORL,14,0,59,8,22,4,14,4,8,0,0,1,7,8,7,1,2,2,6,20,.364,.286,.500,,.455,.455,F,evansbr01"
"465,Anthony Avent,0.1,0.1,1993-94,24,ORL,41,20,676,58,170,58,170,0,0,28,44,84,100,184,32,17,11,42,87,144,.341,.341,,.636,.380,.341,F,aventan01"
"466,Carl Thomas,0.1,0.1,1997-98,28,ORL,4,0,15,4,5,4,5,0,0,1,2,0,0,0,1,0,1,0,0,9,.800,.800,,.500,.765,.800,G,thomaca01"
"467,Darrell Armstrong,0.1,0.1,1994-95,26,ORL,3,0,8,3,8,1,2,2,6,2,2,1,0,1,3,1,0,1,3,10,.375,.500,.333,1.000,.563,.500,G,armstda01"
"468,Felton Spencer,0.1,0.1,1996-97,29,ORL,1,1,19,2,2,2,2,0,0,0,0,5,1,6,1,0,0,1,2,4,1.000,1.000,,,1.000,1.000,C,spencfe01"
"469,Andrew Nicholson,0.1,0.1,2014-15,25,ORL,40,3,492,83,190,70,149,13,41,15,25,17,65,82,22,6,12,24,51,194,.437,.470,.317,.600,.483,.471,F,nichoan01"
"470,Michael Bradley,0.1,0.1,2004-05,25,ORL,8,0,55,3,7,3,7,0,0,0,0,3,11,14,2,1,2,1,4,6,.429,.429,,,.429,.429,F-C,bradlmi01"
"471,Otto Porter Jr.,0.1,0.1,2020-21,27,ORL,3,0,66,9,25,8,16,1,9,5,5,0,14,14,5,4,0,0,4,24,.360,.500,.111,1.000,.441,.380,F,porteot01"
"472,Derrick Dial,0.1,0.1,2003-04,28,ORL,9,0,86,9,28,7,19,2,9,6,8,5,8,13,2,6,0,1,6,26,.321,.368,.222,.750,.412,.357,G,dialde01"
"473,Doron Lamb,0.1,0.1,2012-13,21,ORL,24,0,297,27,68,17,47,10,21,12,19,5,24,29,12,6,0,10,25,76,.397,.362,.476,.632,.498,.471,G,lambdo01"
"474,Andrew DeClercq,0.1,0.1,2004-05,31,ORL,8,0,49,4,9,4,9,0,0,1,3,7,3,10,0,2,0,1,14,9,.444,.444,,.333,.436,.444,F-C,declean01"
"475,Troy Hudson,0.1,0.1,2000-01,24,ORL,75,7,1008,125,372,103,263,22,109,85,104,38,67,105,162,37,3,92,82,357,.336,.392,.202,.817,.427,.366,G,hudsotr01"
"476,Brian Cook,0.1,0.1,2008-09,28,ORL,21,0,146,23,60,12,35,11,25,5,6,6,21,27,4,3,0,11,23,62,.383,.343,.440,.833,.495,.475,F,cookbr01"
"477,Admiral Schofield,0.1,0.1,2022-23,25,ORL,5,0,32,3,6,1,1,2,5,0,0,0,5,5,0,0,0,0,5,8,.500,1.000,.400,,.667,.667,G-F,schofad01"
"478,Shabazz Napier,0.1,0.1,2015-16,24,ORL,55,0,600,68,201,34,97,34,104,33,45,9,46,55,97,23,1,46,38,203,.338,.351,.327,.733,.460,.423,G,napiesh01"
"479,Caleb Houstan,0.1,0.1,2022-23,20,ORL,9,0,157,9,26,4,9,5,17,5,6,3,13,16,4,2,1,4,13,28,.346,.444,.294,.833,.489,.442,G-F,houstca01"
"480,Damjan Rudež,0.1,0.1,2016-17,30,ORL,45,0,314,31,88,11,24,20,64,0,0,5,20,25,20,12,1,9,31,82,.352,.458,.313,,.466,.466,F,rudezda01"
"481,John Amaechi,0.0,0.0,2000-01,30,ORL,82,36,1710,237,592,237,585,0,7,176,279,77,191,268,74,28,29,124,175,650,.400,.405,.000,.631,.455,.400,C-F,amaecjo01"
"482,Vernon Maxwell,0.0,0.0,1997-98,32,ORL,11,0,169,26,78,20,52,6,26,23,26,5,8,13,12,2,1,12,20,81,.333,.385,.231,.885,.453,.372,G,maxweve01"
"483,Jaren Jackson,0.0,0.0,2001-02,34,ORL,9,0,144,15,37,8,17,7,20,2,4,1,16,17,8,5,0,8,13,39,.405,.471,.350,.500,.503,.500,G-F,jacksja01"
"484,DeShawn Stevenson,0.0,0.0,2003-04,22,ORL,26,24,933,115,285,103,244,12,41,49,71,36,84,120,66,24,1,40,54,291,.404,.422,.293,.690,.460,.425,G,stevede01"
"485,Howard Wright,0.0,0.0,1992-93,25,ORL,4,0,10,4,5,4,5,0,0,0,2,1,1,2,0,0,0,0,0,8,.800,.800,,.000,.680,.800,F,wrighho02"
"486,Geert Hammink,0.0,0.0,1994-95,25,ORL,1,0,7,1,3,1,3,0,0,2,2,0,2,2,1,0,0,0,1,4,.333,.333,,1.000,.515,.333,C,hammige01"
"487,Anthony Bonner,0.0,0.0,1995-96,27,ORL,4,0,43,5,15,5,15,0,0,3,7,6,13,19,4,3,0,3,11,13,.333,.333,,.429,.360,.333,F,bonnean01"
"488,Amile Jefferson,0.0,0.0,2019-20,26,ORL,18,0,74,5,14,5,14,0,0,5,14,10,13,23,4,1,3,3,7,15,.357,.357,,.357,.372,.357,F,jeffeam01"
"489,Keith Tower,0.0,0.0,1993-94,23,ORL,11,0,32,4,9,4,9,0,0,0,0,0,6,6,1,0,0,0,6,8,.444,.444,,,.444,.444,C-F,towerke01"
"490,Anthony Brown,0.0,0.0,2016-17,24,ORL,2,0,16,4,9,3,6,1,3,0,0,2,5,7,2,0,0,1,2,9,.444,.500,.333,,.500,.500,F-G,brownan02"
"491,James Augustine,0.0,0.0,2006-07,22,ORL,2,0,7,1,3,1,3,0,0,0,0,1,2,3,2,0,0,0,2,2,.333,.333,,,.333,.333,F,augusja01"
"492,Solomon Jones,0.0,0.0,2013-14,29,ORL,11,0,85,6,17,6,17,0,0,2,4,8,8,16,2,2,2,2,12,14,.353,.353,,.500,.373,.353,F,jonesso01"
"493,Lorenzo Williams,0.0,0.0,1993-94,24,ORL,3,0,19,1,6,1,5,0,1,0,0,3,1,4,2,2,3,0,3,2,.167,.200,.000,,.167,.167,F-C,willilo01"
"494,Johnny Taylor,0.0,0.0,1999-00,25,ORL,5,0,29,5,12,4,11,1,1,0,0,2,3,5,1,1,1,2,4,11,.417,.364,1.000,,.458,.458,F,taylojo01"
"495,Todd Lichti,0.0,0.0,1993-94,27,ORL,4,0,20,4,9,4,9,0,0,0,0,3,1,4,2,2,0,2,3,8,.444,.444,,,.444,.444,G-F,lichtto01"
"496,Kevon Harris,0.0,0.0,2022-23,25,ORL,9,0,122,10,31,6,20,4,11,11,14,8,13,21,5,4,0,8,16,35,.323,.300,.364,.786,.471,.387,G,harrike01"
"497,Geert Hammink,0.0,0.0,1993-94,24,ORL,1,0,3,1,3,1,3,0,0,0,0,1,0,1,1,0,0,0,1,2,.333,.333,,,.333,.333,C,hammige01"
"498,DeAndre Liggins,0.0,0.0,2011-12,23,ORL,17,0,115,12,25,12,21,0,4,9,19,6,9,15,5,6,0,10,6,33,.480,.571,.000,.474,.495,.480,G,liggide01"
"499,Arinze Onuaku,0.0,0.0,2016-17,29,ORL,8,0,28,2,4,2,4,0,0,0,0,2,4,6,2,0,1,2,3,4,.500,.500,,,.500,.500,C,onuakar01"
"500,Mark McNamara,0.0,0.0,1990-91,31,ORL,2,0,13,0,1,0,1,0,0,0,0,0,4,4,0,0,0,0,1,0,.000,.000,,,.000,.000,C-F,mcnamma01"
"501,Lorenzo Williams,0.0,0.0,1992-93,23,ORL,3,0,10,0,2,0,2,0,0,0,0,1,1,2,0,1,1,0,2,0,.000,.000,,,.000,.000,F-C,willilo01"
"502,Robert Archibald,0.0,0.0,2003-04,23,ORL,1,0,4,1,2,1,2,0,0,0,2,0,1,1,0,1,0,0,0,2,.500,.500,,.000,.347,.500,F,archiro01"
"503,Jawann Oldham,0.0,0.0,1989-90,32,ORL,3,0,36,1,3,1,3,0,0,2,5,4,11,15,0,2,3,3,6,4,.333,.333,,.400,.385,.333,C,oldhaja01"
"504,Kevin Ollie,0.0,0.0,1998-99,26,ORL,1,0,4,0,1,0,1,0,0,1,2,0,1,1,0,0,0,0,1,1,.000,.000,,.500,.266,.000,G,ollieke01"
"505,Howard Wright,0.0,0.0,1990-91,23,ORL,8,0,136,15,41,15,41,0,0,13,21,10,27,37,3,3,5,9,23,43,.366,.366,,.619,.428,.366,F,wrighho02"
"506,Bo Outlaw,0.0,0.0,2007-08,36,ORL,2,0,7,2,3,2,3,0,0,0,0,0,0,0,0,0,0,1,1,4,.667,.667,,,.667,.667,F,outlabo01"
"507,Stephen Zimmerman,0.0,0.0,2016-17,20,ORL,19,0,108,10,31,10,31,0,0,3,5,11,24,35,4,2,5,3,17,23,.323,.323,,.600,.346,.323,C,zimmest01"
"508,Doug Christie,0.0,0.0,2004-05,34,ORL,21,13,529,47,128,42,105,5,23,20,22,9,45,54,46,37,5,36,45,119,.367,.400,.217,.909,.432,.387,G-F,chrisdo01"
"509,Dell Demps,0.0,0.0,1996-97,26,ORL,2,0,10,0,3,0,2,0,1,2,2,0,0,0,0,1,0,0,1,2,.000,.000,.000,1.000,.258,.000,G,dempsde01"
"510,Adonis Thomas,0.0,0.0,2013-14,20,ORL,4,0,24,3,9,3,6,0,3,1,1,0,3,3,2,0,0,0,2,7,.333,.500,.000,1.000,.371,.333,F,thomaad01"
"511,Chasson Randle,0.0,0.0,2020-21,27,ORL,41,5,837,92,237,48,107,44,130,38,48,7,75,82,74,22,5,46,64,266,.388,.449,.338,.792,.515,.481,G,randlch01"
"512,James Robinson,0.0,0.0,2000-01,30,ORL,6,0,50,4,11,2,6,2,5,0,0,0,8,8,0,4,1,4,5,10,.364,.333,.400,,.455,.455,G,robinja02"
"513,Jonathan Kerner,0.0,0.0,1998-99,24,ORL,1,0,5,0,1,0,1,0,0,0,0,0,0,0,0,0,0,0,2,0,.000,.000,,,.000,.000,C,kernejo01"
"514,Geert Hammink,0.0,0.0,1995-96,26,ORL,3,0,7,1,2,1,2,0,0,2,4,2,1,3,0,0,0,2,1,4,.500,.500,,.500,.532,.500,C,hammige01"
"515,Danny Schayes,0.0,0.0,1998-99,39,ORL,19,1,143,11,29,11,29,0,0,6,8,3,11,14,4,1,2,8,23,28,.379,.379,,.750,.431,.379,C-F,schayda01"
"516,Pat Garrity,0.0,0.0,2003-04,27,ORL,2,0,22,1,3,1,3,0,0,0,0,0,0,0,1,0,0,0,2,2,.333,.333,,,.333,.333,F,garripa01"
"517,Tim Kempton,0.0,0.0,1997-98,34,ORL,3,0,15,0,2,0,2,0,0,0,0,0,1,1,1,0,0,0,3,0,.000,.000,,,.000,.000,F-C,kemptti01"
"518,Donald Royal,0.0,0.0,1996-97,30,ORL,1,1,29,4,10,4,10,0,0,4,4,1,0,1,1,0,0,3,3,12,.400,.400,,1.000,.510,.400,F,royaldo01"
"519,Al Harrington,0.0,0.0,2012-13,32,ORL,10,0,119,20,57,12,27,8,30,3,4,6,21,27,10,4,1,7,18,51,.351,.444,.267,.750,.434,.421,F,harrial01"
"520,Frank Mason III,0.0,0.0,2020-21,26,ORL,4,1,79,9,24,7,19,2,5,5,7,3,9,12,12,0,0,5,7,25,.375,.368,.400,.714,.462,.417,G,masonfr01"
"521,Kenny Smith,0.0,0.0,1996-97,31,ORL,6,0,47,6,13,3,8,3,5,2,2,1,1,2,4,0,0,6,3,17,.462,.375,.600,1.000,.612,.577,G,smithke01"
"522,Cole Anthony,0.0,0.0,2020-21,20,ORL,47,34,1273,219,552,161,380,58,172,109,131,38,183,221,192,30,18,106,98,605,.397,.424,.337,.832,.496,.449,G,anthoco01"
"523,Jamel Artis,0.0,0.0,2017-18,25,ORL,15,1,279,31,79,23,50,8,29,7,12,4,34,38,18,2,3,8,11,77,.392,.460,.276,.583,.457,.443,G-F,artisja01"
"524,Donnell Harvey,0.0,0.0,2003-04,23,ORL,24,1,345,36,89,36,86,0,3,26,39,29,43,72,8,10,11,22,44,98,.404,.419,.000,.667,.462,.404,F,harvedo01"
"525,Anthony Cook,0.0,0.0,1993-94,26,ORL,2,0,2,0,1,0,1,0,0,0,0,0,0,0,0,0,2,1,0,0,.000,.000,,,.000,.000,F-C,cookan01"
"526,Keith Tower,0.0,0.0,1994-95,24,ORL,3,0,7,0,2,0,2,0,0,1,2,1,2,3,0,0,0,1,1,1,.000,.000,,.500,.174,.000,C-F,towerke01"
"527,Gary Harris,0.0,0.0,2020-21,26,ORL,20,19,499,69,189,45,123,24,66,42,48,8,24,32,46,11,7,23,34,204,.365,.366,.364,.875,.485,.429,G,harriga01"
"528,Kevin Ollie,0.0,0.0,1997-98,25,ORL,19,0,216,23,56,23,55,0,1,31,45,3,15,18,33,7,0,28,15,77,.411,.418,.000,.689,.508,.411,G,ollieke01"
"529,Rashad Vaughn,-0.1,-0.1,2017-18,21,ORL,5,0,35,2,6,1,4,1,2,0,0,1,3,4,0,1,0,2,2,5,.333,.250,.500,,.417,.417,G,vaughra01"
"530,Jeff Dowtin,-0.1,-0.1,2021-22,24,ORL,4,0,77,5,19,4,12,1,7,2,2,7,4,11,7,5,0,4,3,13,.263,.333,.143,1.000,.327,.289,G,dowtije01"
"531,Jeryl Sasser,-0.1,-0.1,2001-02,22,ORL,7,0,36,3,14,3,14,0,0,4,5,3,4,7,2,3,0,2,3,10,.214,.214,,.800,.309,.214,G,sasseje01"
"532,Ronnie Price,-0.1,-0.1,2013-14,30,ORL,31,2,377,28,92,19,49,9,43,9,13,8,35,43,66,25,2,26,50,74,.304,.388,.209,.692,.379,.353,G,pricero01"
"533,Willie Green,-0.1,-0.1,2014-15,33,ORL,52,2,951,118,306,76,185,42,121,28,34,14,65,79,68,26,5,48,81,306,.386,.411,.347,.824,.477,.454,G,greenwi01"
"534,Jeff Turner,-0.1,-0.1,1995-96,33,ORL,13,0,192,18,51,9,24,9,27,2,2,10,18,28,6,2,1,11,33,47,.353,.375,.333,1.000,.453,.441,F-C,turneje01"
"535,Stephen Thompson,-0.1,-0.1,1991-92,23,ORL,1,0,15,1,3,1,3,0,0,0,0,0,1,1,1,0,0,2,2,2,.333,.333,,,.333,.333,G,thompst01"
"536,Vic Law,-0.1,-0.1,2019-20,24,ORL,8,0,62,6,18,5,11,1,7,2,6,2,9,11,3,2,0,2,6,15,.333,.455,.143,.333,.363,.361,F,lawvi01"
"537,Elliot Perry,-0.1,-0.1,2000-01,31,ORL,6,0,39,5,11,5,10,0,1,0,0,1,3,4,5,3,0,6,1,10,.455,.500,.000,,.455,.455,G,perryel01"
"538,Johnny Taylor,-0.1,-0.1,1997-98,23,ORL,12,0,108,13,37,12,35,1,2,11,16,4,9,13,1,3,2,8,22,38,.351,.343,.500,.688,.431,.365,F,taylojo01"
"539,David Vaughn,-0.1,-0.1,1995-96,22,ORL,33,0,266,27,80,27,79,0,1,10,18,33,47,80,8,6,15,18,68,64,.338,.342,.000,.556,.364,.338,F,vaughda02"
"540,Donald Royal,-0.1,-0.1,1997-98,31,ORL,2,0,18,1,6,1,6,0,0,3,4,2,2,4,1,1,0,3,5,5,.167,.167,,.750,.322,.167,F,royaldo01"
"541,Mark Jones,-0.1,-0.1,2004-05,29,ORL,10,0,116,9,31,9,27,0,4,5,10,6,7,13,6,5,2,3,16,23,.290,.333,.000,.500,.325,.290,G,jonesma03"
"542,Karim Mané,-0.1,-0.1,2020-21,20,ORL,10,0,88,3,13,2,11,1,2,4,5,1,13,14,4,0,2,3,10,11,.231,.182,.500,.800,.362,.269,G,maneka01"
"543,Josh Magette,-0.1,-0.1,2019-20,30,ORL,8,0,38,5,15,4,11,1,4,1,2,1,5,6,5,3,1,5,4,12,.333,.364,.250,.500,.378,.367,G,magetjo01"
"544,Kiwane Lemorris Garris,-0.1,-0.1,1999-00,25,ORL,3,0,23,2,10,2,9,0,1,0,0,0,1,1,2,0,0,1,0,4,.200,.222,.000,,.200,.200,G,garriki01"
"545,Markelle Fultz,-0.1,-0.1,2020-21,22,ORL,8,8,215,41,104,37,88,4,16,17,19,5,20,25,43,8,2,18,18,103,.394,.420,.250,.895,.458,.413,G,fultzma01"
"546,Keith Appling,-0.1,-0.1,2015-16,23,ORL,5,0,27,2,8,2,5,0,3,2,2,0,1,1,1,1,0,3,5,6,.250,.400,.000,1.000,.338,.250,G,applike01"
"547,Greg Kite,-0.1,-0.1,1993-94,32,ORL,29,0,309,13,35,13,35,0,0,8,22,22,48,70,4,2,12,17,61,34,.371,.371,,.364,.380,.371,C,kitegr01"
"548,Spud Webb,-0.1,-0.1,1997-98,34,ORL,4,0,34,5,12,5,11,0,1,2,2,2,1,3,5,1,0,7,6,12,.417,.455,.000,1.000,.466,.417,G,webbsp01"
"549,Miles Simon,-0.1,-0.1,1998-99,23,ORL,5,0,19,1,5,1,3,0,2,0,0,1,1,2,0,1,0,3,1,2,.200,.333,.000,,.200,.200,G,simonmi01"
"550,Melvin Frazier,-0.1,-0.1,2018-19,22,ORL,10,0,44,7,21,7,15,0,6,1,4,3,2,5,1,1,0,1,6,15,.333,.467,.000,.250,.330,.333,G,frazime01"
"551,Terence Morris,-0.1,-0.1,2005-06,27,ORL,22,0,192,16,49,16,47,0,2,3,3,6,32,38,4,6,5,7,19,35,.327,.340,.000,1.000,.348,.327,F,morrite01"
"552,B.J. Johnson,-0.1,-0.1,2019-20,24,ORL,10,0,83,9,32,6,23,3,9,9,10,3,12,15,3,3,0,6,3,30,.281,.261,.333,.900,.412,.328,G,johnsbj01"
"553,Devyn Marble,-0.1,-0.1,2015-16,23,ORL,28,0,249,21,71,13,39,8,32,10,24,6,32,38,12,13,1,7,25,60,.296,.333,.250,.417,.368,.352,G-F,marblde01"
"554,Devyn Marble,-0.1,-0.1,2014-15,22,ORL,16,7,208,14,44,10,22,4,22,5,16,5,26,31,17,9,2,9,14,37,.318,.455,.182,.313,.362,.364,G-F,marblde01"
"555,Cory Alexander,-0.1,-0.1,2000-01,27,ORL,26,0,227,18,56,14,40,4,16,12,18,0,25,25,36,16,0,25,29,52,.321,.350,.250,.667,.407,.357,G,alexaco01"
"556,DeShawn Stevenson,-0.1,-0.1,2004-05,23,ORL,55,27,1089,174,426,149,359,25,67,56,101,38,64,102,69,16,9,57,73,429,.408,.415,.373,.554,.456,.438,G,stevede01"
"557,Tim Frazier,-0.2,-0.2,2021-22,31,ORL,10,3,200,13,43,7,26,6,17,5,9,5,14,19,33,3,1,13,24,37,.302,.269,.353,.556,.394,.372,G,fraziti01"
"558,R.J. Hampton,-0.2,-0.2,2021-22,20,ORL,64,14,1402,175,457,111,274,64,183,75,117,23,171,194,158,42,13,87,101,489,.383,.405,.350,.641,.481,.453,G,hamptrj01"
"559,Aleem Ford,-0.2,-0.2,2021-22,24,ORL,5,0,74,6,20,4,5,2,15,0,0,2,13,15,2,1,0,4,7,14,.300,.800,.133,,.350,.350,F,fordal03"
"560,Chris Whitney,-0.2,-0.2,2002-03,31,ORL,22,1,290,30,88,23,52,7,36,11,12,2,19,21,21,12,1,16,15,78,.341,.442,.194,.917,.418,.381,G,whitnch01"
"561,Jonathon Simmons,-0.2,-0.2,2018-19,29,ORL,41,9,845,104,286,85,203,19,83,56,72,23,77,100,95,18,14,56,68,283,.364,.419,.229,.778,.445,.397,G-F,simmojo02"
"562,Jeff Turner,-0.2,-0.2,1991-92,29,ORL,75,42,1591,225,499,224,491,1,8,79,114,62,184,246,92,24,16,106,229,530,.451,.456,.125,.693,.483,.452,F-C,turneje01"
"563,Morlon Wiley,-0.2,-0.2,1991-92,25,ORL,9,0,90,9,28,9,24,0,4,3,5,2,5,7,13,4,0,8,13,21,.321,.375,.000,.600,.348,.321,G,wileymo01"
"564,Amal McCaskill,-0.2,-0.2,1996-97,23,ORL,17,1,109,10,32,10,30,0,2,8,12,4,18,22,7,3,5,11,7,28,.313,.333,.000,.667,.376,.313,F-C,mccasam01"
"565,C.J. Wilcox,-0.2,-0.2,2016-17,26,ORL,22,0,108,8,31,5,16,3,15,2,2,4,8,12,12,2,1,6,8,21,.258,.313,.200,1.000,.329,.306,G,wilcocj01"
"566,Jeremy Richardson,-0.2,-0.2,2008-09,24,ORL,12,0,93,14,49,8,32,6,17,3,6,1,13,14,3,0,0,3,6,37,.286,.250,.353,.500,.358,.347,G-F,richaje01"
"567,Jeff Turner,-0.2,-0.2,1989-90,27,ORL,60,15,1105,132,308,130,298,2,10,42,54,52,175,227,53,23,12,61,161,308,.429,.436,.200,.778,.464,.432,F-C,turneje01"
"568,Gerald Wilkins,-0.2,-0.2,1998-99,35,ORL,3,0,28,0,9,0,9,0,0,2,2,0,1,1,1,0,0,3,3,2,.000,.000,,1.000,.101,.000,G-F,wilkige01"
"569,Patricio Garino,-0.2,-0.2,2016-17,23,ORL,5,0,43,0,7,0,2,0,5,0,0,1,6,7,0,0,0,3,4,0,.000,.000,.000,,.000,.000,G-F,garinpa01"
"570,Pat Garrity,-0.2,-0.2,2007-08,31,ORL,31,0,284,27,80,19,43,8,37,4,5,9,35,44,13,6,1,17,35,66,.338,.442,.216,.800,.401,.388,F,garripa01"
"571,Dave Corzine,-0.2,-0.2,1989-90,33,ORL,6,3,79,11,29,11,29,0,0,0,2,7,11,18,2,2,0,8,7,22,.379,.379,,.000,.368,.379,C,corzida01"
"572,Justin Harper,-0.3,-0.3,2011-12,22,ORL,14,0,84,9,31,7,18,2,13,0,1,3,9,12,2,2,3,6,5,20,.290,.389,.154,.000,.318,.323,F,harpeju01"
"573,Dee Brown,-0.3,-0.3,2001-02,33,ORL,7,0,65,3,20,2,8,1,12,0,0,0,9,9,2,3,1,4,4,7,.150,.250,.083,,.175,.175,G,brownde01"
"574,Rodney Purvis,-0.3,-0.3,2017-18,23,ORL,16,2,290,35,107,22,55,13,52,13,15,1,26,27,17,3,3,10,26,96,.327,.400,.250,.867,.423,.388,G,purviro01"
"575,Pat Burke,-0.3,-0.3,2002-03,29,ORL,62,8,783,113,296,112,289,1,7,40,58,57,89,146,23,19,25,47,99,267,.382,.388,.143,.690,.415,.383,C-F,burkepa01"
"576,Mychal Mulder,-0.4,-0.4,2021-22,27,ORL,15,2,195,20,67,7,21,13,46,2,2,2,19,21,3,4,1,8,12,55,.299,.333,.283,1.000,.405,.396,G-F,muldemy01"
"577,Otis Smith,-0.4,-0.4,1991-92,28,ORL,55,5,877,116,318,108,297,8,21,70,91,40,76,116,57,36,13,62,85,310,.365,.364,.381,.769,.433,.377,G-F,smithot01"
"578,Hedo Türkoğlu,-0.5,-0.5,2012-13,33,ORL,11,1,189,14,53,13,29,1,24,3,6,4,22,26,23,7,1,12,11,32,.264,.448,.042,.500,.288,.274,F,turkohe01"
"579,Larry Hughes,-0.5,-0.5,2011-12,33,ORL,9,0,114,5,22,4,15,1,7,1,2,1,4,5,7,2,0,12,10,12,.227,.267,.143,.500,.262,.250,G,hughela01"
"580,Michael Carter-Williams,-0.5,-0.5,2020-21,29,ORL,31,25,800,105,270,90,209,15,61,49,80,39,100,139,129,25,17,69,81,274,.389,.431,.246,.613,.449,.417,G,cartemi01"
"581,Ryan Humphrey,-0.5,-0.5,2002-03,23,ORL,35,1,322,23,85,23,85,0,0,18,28,30,39,69,7,4,16,21,57,64,.271,.271,,.643,.329,.271,F,humphry01"
"582,Reece Gaines,-0.5,-0.5,2003-04,23,ORL,38,1,364,25,86,22,76,3,10,16,25,8,31,39,40,11,2,18,22,69,.291,.289,.300,.640,.356,.308,G,gainere01"
"583,Ish Smith,-0.6,-0.6,2012-13,24,ORL,36,3,378,39,116,35,99,4,17,3,7,11,35,46,57,13,6,27,14,85,.336,.354,.235,.429,.357,.353,G,smithis01"
"584,Britton Johnsen,-0.6,-0.6,2003-04,24,ORL,20,4,290,17,59,16,47,1,12,7,16,15,30,45,12,7,1,14,28,42,.288,.340,.083,.438,.318,.297,F,johnsbr01"
"585,Mario Hezonja,-0.7,-0.7,2016-17,21,ORL,65,2,960,117,330,74,186,43,144,40,50,20,126,146,62,30,15,58,74,317,.355,.398,.299,.800,.450,.420,F-G,hezonma01"
"586,Gerald Wilkins,-1.2,-1.2,1997-98,34,ORL,72,16,1252,141,434,112,325,29,109,69,98,16,74,90,78,34,6,79,78,380,.325,.345,.266,.704,.398,.358,G-F,wilkige01"
"587,Jalen Suggs,-1.6,-1.6,2021-22,20,ORL,48,45,1307,198,548,156,352,42,196,126,163,26,145,171,209,59,19,143,142,564,.361,.443,.214,.773,.455,.400,G,suggsja01"