"1,Chris Paul,18.3,18.3,2008-09,23,NOH,78,78,3002,631,1255,567,1079,64,176,455,524,69,363,432,861,216,10,231,212,1781,.503,.525,.364,.868,.599,.528,G,paulch01"
"2,Chris Paul,17.8,17.8,2007-08,22,NOH,80,80,3006,630,1291,538,1042,92,249,332,390,62,259,321,925,217,4,201,185,1684,.488,.516,.369,.851,.576,.524,G,paulch01"
"3,Anthony Davis,14.0,14.0,2014-15,21,NOP,68,68,2455,642,1199,641,1187,1,12,371,461,173,523,696,149,100,200,95,141,1656,.535,.540,.083,.805,.591,.536,F-C,davisan02"
"4,Chris Paul,13.9,13.9,2010-11,25,NOH,80,80,2880,430,928,359,745,71,183,337,384,38,289,327,782,188,5,177,196,1268,.463,.482,.388,.878,.578,.502,G,paulch01"
"5,Anthony Davis,13.7,13.7,2017-18,24,NOP,75,75,2727,780,1462,725,1300,55,162,495,598,187,645,832,174,115,193,162,159,2110,.534,.558,.340,.828,.612,.552,F-C,davisan02"
"6,Anthony Davis,11.0,11.0,2016-17,23,NOP,75,75,2708,770,1526,730,1392,40,134,519,647,172,712,884,157,94,167,181,168,2099,.505,.524,.299,.802,.580,.518,F-C,davisan02"
"7,Chris Paul,10.4,10.4,2005-06,20,NOK,78,78,2808,407,947,357,770,50,177,394,465,61,339,400,611,175,6,183,218,1258,.430,.464,.282,.847,.546,.456,G,paulch01"
"8,Anthony Davis,10.4,10.4,2013-14,20,NOP,67,66,2358,522,1005,520,996,2,9,348,440,207,466,673,105,89,189,109,200,1394,.519,.522,.222,.791,.582,.520,F-C,davisan02"
"9,P.J. Brown,10.2,10.2,2002-03,33,NOH,78,78,2609,319,601,319,598,0,3,194,232,243,458,701,147,67,80,98,203,832,.531,.533,.000,.836,.592,.531,F-C,brownpj01"
"10,Tyson Chandler,10.0,10.0,2007-08,25,NOH,79,79,2783,377,605,377,604,0,1,175,295,322,606,928,81,45,84,136,243,929,.623,.624,.000,.593,.632,.623,C,chandty01"
"11,Anthony Davis,9.5,9.5,2018-19,25,NOP,56,56,1850,530,1026,482,881,48,145,344,433,174,498,672,218,88,135,112,132,1452,.517,.547,.331,.794,.597,.540,F-C,davisan02"
"12,Jamal Mashburn,9.0,9.0,2002-03,30,NOH,82,81,3321,670,1586,551,1280,119,306,313,369,66,432,498,462,83,17,230,196,1772,.422,.430,.389,.848,.507,.460,F,mashbja01"
"13,Chris Paul,8.8,8.8,2006-07,21,NOK,64,64,2353,381,871,331,728,50,143,292,357,54,226,280,569,118,3,161,154,1104,.437,.455,.350,.818,.537,.466,G,paulch01"
"14,Zion Williamson,8.7,8.7,2020-21,20,NOP,61,61,2026,634,1037,624,1003,10,34,369,529,167,274,441,226,57,39,167,135,1647,.611,.622,.294,.698,.649,.616,F-C,willizi01"
"15,David West,8.4,8.4,2007-08,27,NOH,76,76,2870,629,1305,623,1280,6,25,300,353,180,495,675,177,62,99,165,208,1564,.482,.487,.240,.850,.535,.484,F-C,westda01"
"16,Peja Stojaković,8.1,8.1,2007-08,30,NOH,77,77,2711,451,1026,220,502,231,524,130,140,64,267,331,96,57,10,61,127,1263,.440,.438,.441,.929,.581,.552,F,stojape01"
"17,P.J. Brown,8.1,8.1,2003-04,34,NOH,80,80,2753,339,712,339,711,0,1,158,185,237,453,690,155,78,73,101,203,836,.476,.477,.000,.854,.527,.476,F-C,brownpj01"
"18,Tyson Chandler,7.9,7.9,2006-07,24,NOK,73,73,2525,292,468,292,467,0,1,106,201,320,584,904,66,37,129,126,244,690,.624,.625,.000,.527,.620,.624,C,chandty01"
"19,David West,7.8,7.8,2010-11,30,NOH,70,70,2451,528,1040,526,1031,2,9,264,327,155,374,529,164,67,62,142,202,1322,.508,.510,.222,.807,.558,.509,F-C,westda01"
"20,David West,7.8,7.8,2008-09,28,NOH,76,76,2982,610,1292,604,1267,6,25,367,415,160,486,646,173,49,68,163,207,1593,.472,.477,.240,.884,.540,.474,F-C,westda01"
"21,Jamaal Magloire,7.6,7.6,2003-04,25,NOH,82,82,2777,383,809,383,808,0,1,353,470,268,579,847,86,43,101,201,278,1119,.473,.474,.000,.751,.551,.473,C,magloja01"
"22,David West,7.5,7.5,2009-10,29,NOH,81,81,2949,619,1226,612,1199,7,27,296,342,164,441,605,239,76,60,173,233,1541,.505,.510,.259,.865,.560,.508,F-C,westda01"
"23,Baron Davis,7.5,7.5,2003-04,24,NOH,67,66,2686,554,1402,367,820,187,582,237,352,66,221,287,501,158,27,215,178,1532,.395,.448,.321,.673,.492,.462,G,davisba01"
"24,David West,7.4,7.4,2005-06,25,NOK,74,74,2526,530,1036,527,1025,3,11,199,236,168,380,548,92,61,64,105,214,1262,.512,.514,.273,.843,.554,.513,F-C,westda01"
"25,Jonas Valančiūnas,7.3,7.3,2021-22,29,NOP,74,74,2240,510,938,453,780,57,158,237,289,226,617,843,190,41,60,179,247,1314,.544,.581,.361,.820,.617,.574,C,valanjo01"
"26,Chris Paul,7.3,7.3,2009-10,24,NOH,45,45,1712,314,637,262,510,52,127,161,190,20,171,191,480,96,8,112,118,841,.493,.514,.409,.847,.584,.534,G,paulch01"
"27,Anthony Davis,7.2,7.2,2015-16,22,NOP,61,61,2164,560,1136,525,1028,35,108,326,430,130,497,627,116,78,125,121,148,1481,.493,.511,.324,.758,.559,.508,F-C,davisan02"
"28,Jrue Holiday,7.1,7.1,2017-18,27,NOP,81,81,2927,615,1244,495,888,120,356,187,238,62,303,365,486,123,64,213,201,1537,.494,.557,.337,.786,.570,.543,G,holidjr01"
"29,David Wesley,7.0,7.0,2002-03,32,NOH,73,73,2710,449,1037,315,721,134,316,185,237,38,137,175,251,109,9,132,173,1217,.433,.437,.424,.781,.533,.498,G,wesleda01"
"30,P.J. Brown,6.9,6.9,2004-05,35,NOH,82,78,2817,338,758,338,758,0,0,210,243,266,471,737,178,74,50,101,233,886,.446,.446,,.864,.512,.446,F-C,brownpj01"
"31,Jamaal Magloire,6.7,6.7,2002-03,24,NOH,82,82,2443,305,635,305,632,0,3,231,322,260,464,724,88,49,111,158,276,841,.480,.483,.000,.717,.541,.480,C,magloja01"
"32,Ryan Anderson,6.5,6.5,2012-13,24,NOH,81,22,2503,472,1115,259,558,213,557,152,180,191,328,519,97,42,31,97,179,1309,.423,.464,.382,.844,.548,.519,F,anderry01"
"33,Emeka Okafor,6.5,6.5,2010-11,28,NOH,72,72,2287,300,524,300,523,0,1,145,258,230,454,684,42,40,127,119,230,745,.573,.574,.000,.562,.584,.573,C-F,okafoem01"
"34,Anthony Davis,6.1,6.1,2012-13,19,NOH,64,60,1846,349,676,349,670,0,6,169,225,165,357,522,63,75,112,89,158,867,.516,.521,.000,.751,.559,.516,F-C,davisan02"
"35,Julius Randle,6.1,6.1,2018-19,24,NOP,73,49,2232,571,1089,504,894,67,195,356,487,162,472,634,229,52,45,208,246,1565,.524,.564,.344,.731,.600,.555,F-C,randlju01"
"36,Robin Lopez,5.6,5.6,2012-13,24,NOH,82,82,2136,384,719,384,719,0,0,161,207,226,236,462,64,32,128,110,167,929,.534,.534,,.778,.573,.534,C,lopezro01"
"37,Emeka Okafor,5.5,5.5,2009-10,27,NOH,82,82,2370,348,656,348,656,0,0,154,274,251,491,742,55,54,127,111,218,850,.530,.530,,.562,.547,.530,C-F,okafoem01"
"38,Jrue Holiday,5.4,5.4,2018-19,28,NOP,67,67,2402,547,1159,429,796,118,363,208,271,75,259,334,518,109,54,210,148,1420,.472,.539,.325,.768,.555,.523,G,holidjr01"
"39,Darrell Armstrong,5.3,5.3,2003-04,35,NOH,79,22,2247,291,736,156,307,135,429,123,144,63,163,226,311,133,16,155,148,840,.395,.508,.315,.854,.525,.487,G,armstda01"
"40,Brandon Ingram,5.3,5.3,2020-21,23,NOP,61,61,2093,513,1101,370,726,143,375,281,320,34,265,299,296,42,36,154,124,1450,.466,.510,.381,.878,.584,.531,F,ingrabr01"
"41,David West,5.2,5.2,2006-07,26,NOK,52,52,1900,377,792,369,767,8,25,187,227,126,298,424,114,42,38,98,143,949,.476,.481,.320,.824,.532,.481,F-C,westda01"
"42,Jaxson Hayes,5.1,5.1,2021-22,21,NOP,70,28,1398,245,398,225,341,20,57,144,188,115,200,315,43,33,55,54,155,654,.616,.660,.351,.766,.680,.641,F,hayesja02"
"43,Brandon Ingram,5.1,5.1,2019-20,22,NOP,62,62,2104,507,1096,357,712,150,384,313,368,51,329,380,259,61,38,189,179,1477,.463,.501,.391,.851,.587,.531,F,ingrabr01"
"44,Ömer Aşık,5.0,5.0,2014-15,28,NOP,76,76,1982,213,412,213,412,0,0,131,225,244,504,748,72,29,54,95,144,557,.517,.517,,.582,.545,.517,C,asikom01"
"45,DeMarcus Cousins,4.7,4.7,2017-18,27,NOP,48,48,1737,406,864,302,570,104,294,294,394,105,512,617,257,79,76,242,183,1210,.470,.530,.354,.746,.583,.530,C-F,couside01"
"46,Herbert Jones,4.6,4.6,2021-22,23,NOP,78,69,2335,274,576,217,407,57,169,137,163,98,198,296,167,130,60,100,238,742,.476,.533,.337,.840,.573,.525,F,joneshe01"
"47,Tyreke Evans,4.6,4.6,2014-15,25,NOP,79,76,2690,521,1165,452,938,69,227,202,291,82,334,416,521,100,37,246,198,1313,.447,.482,.304,.694,.508,.477,G-F,evansty01"
"48,Rasual Butler,4.6,4.6,2008-09,29,NOH,82,74,2614,348,803,208,444,140,359,86,110,49,222,271,75,51,61,59,159,922,.433,.468,.390,.782,.541,.521,F-G,butlera01"
"49,Chris Andersen,4.5,4.5,2004-05,26,NOH,67,2,1430,191,358,191,355,0,3,131,190,137,273,410,71,14,100,64,144,513,.534,.538,.000,.689,.581,.534,C-F,anderch01"
"50,Baron Davis,4.5,4.5,2002-03,23,NOH,50,47,1889,332,798,233,515,99,283,93,131,56,130,186,320,91,22,140,148,856,.416,.452,.350,.710,.500,.478,G,davisba01"
"51,E'Twaun Moore,4.4,4.4,2017-18,28,NOP,82,80,2586,423,832,295,531,128,301,48,68,57,181,238,187,79,12,102,182,1022,.508,.556,.425,.706,.593,.585,G-F,mooreet01"
"52,P.J. Brown,4.4,4.4,2005-06,36,NOK,75,73,2380,269,583,269,583,0,0,139,168,182,365,547,90,46,50,90,216,677,.461,.461,,.827,.515,.461,F-C,brownpj01"
"53,James Posey,4.2,4.2,2008-09,32,NOH,75,0,2140,216,524,100,210,116,314,120,146,38,324,362,82,58,21,79,216,668,.412,.476,.369,.822,.568,.523,F-G,poseyja01"
"54,Derrick Favors,4.2,4.2,2019-20,28,NOP,51,49,1243,209,339,208,332,1,7,40,71,163,338,501,81,30,46,55,107,459,.617,.627,.143,.563,.620,.618,F-C,favorde01"
"55,J.J. Redick,4.1,4.1,2019-20,35,NOP,60,36,1581,286,631,106,234,180,397,165,185,10,141,151,119,20,10,75,96,917,.453,.453,.453,.892,.644,.596,G,redicjj01"
"56,Marcus Thornton,4.0,4.0,2009-10,22,NOH,73,17,1872,398,883,281,570,117,313,144,177,72,139,211,114,58,11,76,127,1057,.451,.493,.374,.814,.550,.517,G,thornma01"
"57,Steven Adams,4.0,4.0,2020-21,27,NOP,58,58,1605,189,308,189,305,0,3,60,135,213,301,514,111,54,38,78,113,438,.614,.620,.000,.444,.596,.614,C,adamsst01"
"58,Jrue Holiday,3.9,3.9,2019-20,29,NOP,61,61,2117,458,1006,336,660,122,346,129,182,77,216,293,408,99,48,184,145,1167,.455,.509,.353,.709,.537,.516,G,holidjr01"
"59,Brandon Ingram,3.9,3.9,2021-22,24,NOP,55,55,1869,453,983,379,757,74,226,266,322,35,285,320,307,34,26,151,119,1246,.461,.501,.327,.826,.554,.498,F,ingrabr01"
"60,Ryan Anderson,3.9,3.9,2015-16,27,NOP,66,7,2008,397,929,266,571,131,358,199,228,131,265,396,73,38,25,90,109,1124,.427,.466,.366,.873,.546,.498,F,anderry01"
"61,Jaxson Hayes,3.9,3.9,2019-20,19,NOP,64,14,1080,174,259,173,255,1,4,123,190,97,162,259,56,26,55,53,161,472,.672,.678,.250,.647,.689,.674,F,hayesja02"
"62,Jrue Holiday,3.8,3.8,2016-17,26,NOP,67,61,2190,405,893,305,612,100,281,119,168,46,218,264,488,100,44,194,133,1029,.454,.498,.356,.708,.532,.510,G,holidjr01"
"63,Jarrett Jack,3.8,3.8,2011-12,28,NOH,45,39,1530,266,583,227,471,39,112,129,148,23,153,176,285,31,9,106,93,700,.456,.482,.348,.872,.540,.490,G,jackja01"
"64,Greivis Vásquez,3.8,3.8,2012-13,26,NOH,78,78,2685,438,1012,355,769,83,243,124,154,43,294,337,704,66,6,247,190,1083,.433,.462,.342,.805,.502,.474,G,vasqugr01"
"65,Peja Stojaković,3.8,3.8,2008-09,31,NOH,61,59,2089,287,719,142,335,145,384,93,104,44,220,264,75,52,3,51,101,812,.399,.424,.378,.894,.531,.500,F,stojape01"
"66,Morris Peterson,3.8,3.8,2007-08,30,NOH,76,76,1796,215,516,102,229,113,287,65,85,36,170,206,67,47,7,41,125,608,.417,.445,.394,.765,.549,.526,F,petermo01"
"67,Rajon Rondo,3.6,3.6,2017-18,31,NOP,65,63,1705,231,494,181,344,50,150,25,46,31,232,263,533,70,10,151,119,537,.468,.526,.333,.543,.522,.518,G,rondora01"
"68,Dan Dickau,3.5,3.5,2004-05,26,NOH,67,46,2074,305,748,221,506,84,242,188,225,34,145,179,346,76,4,144,200,882,.408,.437,.347,.836,.521,.464,G,dickada01"
"69,Jaxson Hayes,3.5,3.5,2020-21,20,NOP,60,3,964,175,280,169,266,6,14,93,120,92,165,257,35,25,38,39,101,449,.625,.635,.429,.775,.675,.636,F,hayesja02"
"70,George Lynch,3.5,3.5,2002-03,32,NOH,81,32,1497,147,359,119,280,28,79,41,74,139,214,353,104,66,19,52,136,363,.409,.425,.354,.554,.464,.448,F,lynchge01"
"71,Devin Brown,3.5,3.5,2006-07,28,NOK,58,49,1662,233,555,152,328,81,227,123,155,55,196,251,149,44,9,91,139,670,.420,.463,.357,.794,.538,.493,G,brownde02"
"72,Ryan Anderson,3.5,3.5,2014-15,26,NOP,61,5,1675,291,729,169,370,122,359,129,151,108,187,295,55,33,20,62,113,833,.399,.457,.340,.854,.524,.483,F,anderry01"
"73,Tyson Chandler,3.4,3.4,2008-09,26,NOH,45,45,1445,160,283,160,283,0,0,77,133,163,230,393,22,15,56,70,144,397,.565,.565,,.579,.581,.565,C,chandty01"
"74,Jrue Holiday,3.4,3.4,2015-16,25,NOP,65,23,1831,410,935,323,676,87,259,182,216,27,168,195,391,88,22,167,148,1089,.439,.478,.336,.843,.529,.485,G,holidjr01"
"75,Josh Hart,3.4,3.4,2021-22,26,NOP,41,40,1374,195,386,153,256,42,130,116,154,53,265,318,168,45,11,81,118,548,.505,.598,.323,.753,.604,.560,G,hartjo01"
"76,Marco Belinelli,3.4,3.4,2010-11,24,NOH,80,69,1957,302,691,168,367,134,324,98,125,17,134,151,92,38,6,77,146,836,.437,.458,.414,.784,.560,.534,G-F,belinma01"
"77,Trevor Ariza,3.4,3.4,2010-11,25,NOH,75,75,2600,303,762,221,491,82,271,138,197,61,347,408,162,120,31,118,180,826,.398,.450,.303,.701,.487,.451,F,arizatr01"
"78,Jrue Holiday,3.4,3.4,2014-15,24,NOP,40,37,1303,238,534,187,399,51,135,65,76,32,103,135,274,63,23,91,110,592,.446,.469,.378,.855,.522,.493,G,holidjr01"
"79,Lonzo Ball,3.2,3.2,2020-21,23,NOP,55,55,1747,290,700,118,245,172,455,50,64,33,230,263,316,82,31,123,103,802,.414,.482,.378,.781,.551,.537,G,balllo01"
"80,Gustavo Ayón,3.2,3.2,2011-12,26,NOH,54,24,1088,140,261,140,260,0,1,39,63,86,179,265,74,53,46,46,118,319,.536,.538,.000,.619,.552,.536,C,ayongu01"
"81,Alexis Ajinça,3.2,3.2,2014-15,26,NOP,68,8,957,181,329,181,329,0,0,81,99,104,211,315,47,21,51,69,151,443,.550,.550,,.818,.595,.550,C-F,ajincal01"
"82,Willy Hernangómez,3.2,3.2,2021-22,27,NOP,50,8,839,170,327,166,315,4,12,109,141,143,195,338,63,21,19,51,97,453,.520,.527,.333,.773,.582,.526,C,hernawi01"
"83,Al-Farouq Aminu,3.1,3.1,2012-13,22,NOH,76,71,2066,225,474,221,455,4,19,101,137,139,446,585,103,92,51,116,153,555,.475,.486,.211,.737,.519,.479,F,aminual01"
"84,Josh Hart,3.1,3.1,2019-20,24,NOP,65,16,1755,225,532,104,178,121,354,85,115,61,364,425,108,63,23,75,160,656,.423,.584,.342,.739,.563,.537,G,hartjo01"
"85,Tyreke Evans,3.1,3.1,2013-14,24,NOP,72,22,2028,391,897,370,802,21,95,239,310,76,265,341,363,84,21,175,155,1042,.436,.461,.221,.771,.504,.448,G-F,evansty01"
"86,Al-Farouq Aminu,3.1,3.1,2013-14,23,NOP,80,65,2045,234,494,221,446,13,48,91,137,129,367,496,114,82,38,88,147,572,.474,.496,.271,.664,.516,.487,F,aminual01"
"87,Speedy Claxton,3.0,3.0,2005-06,27,NOK,71,3,2019,304,736,287,673,17,63,246,320,39,154,193,339,108,6,154,177,871,.413,.426,.270,.769,.497,.425,G,claxtsp01"
"88,Dante Cunningham,3.0,3.0,2016-17,29,NOP,66,35,1649,174,359,103,178,71,181,16,27,56,221,277,37,39,28,28,100,435,.485,.579,.392,.593,.586,.584,F,cunnida01"
"89,Darius Miller,3.0,3.0,2017-18,27,NOP,82,3,1944,216,487,69,129,147,358,58,67,18,146,164,111,28,17,58,160,637,.444,.535,.411,.866,.617,.594,F,milleda01"
"90,Darren Collison,2.9,2.9,2009-10,22,NOH,76,37,2109,376,789,330,674,46,115,148,174,41,151,192,432,78,4,202,92,946,.477,.490,.400,.851,.546,.506,G,collida01"
"91,Marco Belinelli,2.9,2.9,2011-12,25,NOH,66,55,1966,286,686,179,402,107,284,101,129,19,153,172,101,48,5,69,115,780,.417,.445,.377,.783,.525,.495,G-F,belinma01"
"92,Carl Landry,2.9,2.9,2011-12,28,NOH,41,8,999,182,362,182,359,0,3,147,184,78,136,214,38,13,12,64,89,511,.503,.507,.000,.799,.577,.503,F,landrca01"
"93,Eric Gordon,2.9,2.9,2014-15,26,NOP,61,60,2018,285,694,144,379,141,315,107,133,28,131,159,229,50,14,122,145,818,.411,.380,.448,.805,.544,.512,G-F,gordoer01"
"94,Willy Hernangómez,2.9,2.9,2020-21,26,NOP,47,12,846,151,268,150,258,1,10,62,93,117,217,334,50,22,23,34,68,365,.563,.581,.100,.667,.591,.565,C,hernawi01"
"95,David Wesley,2.8,2.8,2003-04,33,NOH,61,60,2001,311,800,219,515,92,285,137,182,28,106,134,175,71,14,100,147,851,.389,.425,.323,.753,.483,.446,G,wesleda01"
"96,Devonte' Graham,2.8,2.8,2021-22,26,NOP,76,63,2162,296,815,104,252,192,563,118,140,37,140,177,316,71,12,105,95,902,.363,.413,.341,.843,.514,.481,G,grahade01"
"97,David West,2.8,2.8,2003-04,23,NOH,71,1,930,108,228,108,226,0,2,57,80,117,180,297,60,27,28,48,117,273,.474,.478,.000,.713,.519,.474,F-C,westda01"
"98,Josh Hart,2.7,2.7,2020-21,25,NOP,47,4,1349,151,344,88,151,63,193,69,89,53,324,377,109,38,12,49,111,434,.439,.583,.326,.775,.566,.531,G,hartjo01"
"99,Peja Stojaković,2.7,2.7,2009-10,32,NOH,62,55,1947,278,688,146,336,132,352,96,107,39,188,227,92,48,5,56,83,784,.404,.435,.375,.897,.533,.500,F,stojape01"
"100,Solomon Hill,2.7,2.7,2016-17,25,NOP,80,71,2374,183,478,89,208,94,270,103,128,51,256,307,141,72,32,82,182,563,.383,.428,.348,.805,.527,.481,F,hillso01"
"101,E'Twaun Moore,2.7,2.7,2016-17,27,NOP,73,22,1820,283,619,206,411,77,208,57,74,33,119,152,164,50,32,62,131,700,.457,.501,.370,.770,.537,.519,G-F,mooreet01"
"102,Cheick Diallo,2.6,2.6,2018-19,22,NOP,64,1,896,168,271,167,267,1,4,50,67,75,257,332,33,29,33,49,113,387,.620,.625,.250,.746,.644,.622,F,diallch01"
"103,Rasual Butler,2.6,2.6,2006-07,27,NOK,81,38,2223,314,788,180,425,134,363,56,87,42,214,256,63,40,54,67,148,818,.398,.424,.369,.644,.495,.484,F-G,butlera01"
"104,CJ McCollum,2.6,2.6,2021-22,30,NOP,26,26,878,246,499,175,319,71,180,68,102,19,97,116,152,34,1,57,44,631,.493,.549,.394,.667,.580,.564,G,mccolcj01"
"105,George Lynch,2.5,2.5,2003-04,33,NOH,78,51,1701,149,375,106,236,43,139,34,51,96,216,312,117,48,18,64,159,375,.397,.449,.309,.667,.472,.455,F,lynchge01"
"106,Eric Gordon,2.5,2.5,2013-14,25,NOP,64,64,2057,356,817,255,559,101,258,175,223,30,135,165,208,74,12,134,114,988,.436,.456,.391,.785,.540,.498,G-F,gordoer01"
"107,Robert Traylor,2.5,2.5,2003-04,26,NOH,71,0,942,145,287,143,282,2,5,70,128,106,156,262,43,39,37,62,161,362,.505,.507,.400,.547,.527,.509,F,traylro01"
"108,Nikola Mirotić,2.5,2.5,2018-19,27,NOP,32,22,925,182,407,97,176,85,231,85,101,46,218,264,35,21,25,37,86,534,.447,.551,.368,.842,.591,.552,F,mirotni01"
"109,Toney Douglas,2.5,2.5,2015-16,29,NOP,61,18,1262,183,445,102,242,81,203,84,99,25,118,143,157,70,5,64,131,531,.411,.421,.399,.848,.543,.502,G,douglto01"
"110,Bobby Jackson,2.5,2.5,2006-07,33,NOK,56,2,1330,204,518,150,353,54,165,130,168,42,136,178,141,50,6,78,98,592,.394,.425,.327,.774,.500,.446,G,jacksbo01"
"111,Lonzo Ball,2.4,2.4,2019-20,22,NOP,63,54,2025,277,687,129,292,148,395,43,76,71,312,383,438,88,38,193,128,745,.403,.442,.375,.566,.517,.511,G,balllo01"
"112,James Posey,2.4,2.4,2009-10,33,NOH,77,2,1731,126,345,45,103,81,242,66,80,32,297,329,117,42,19,51,204,399,.365,.437,.335,.825,.525,.483,F-G,poseyja01"
"113,Anthony Morrow,2.4,2.4,2013-14,28,NOP,76,9,1426,238,520,150,325,88,195,72,87,29,111,140,59,38,12,51,102,636,.458,.462,.451,.828,.570,.542,G,morroan01"
"114,Tim Frazier,2.4,2.4,2016-17,26,NOP,65,35,1525,163,404,123,276,40,128,98,129,34,139,173,335,56,6,101,133,464,.403,.446,.313,.760,.504,.453,G,fraziti01"
"115,Robert Traylor,2.4,2.4,2002-03,25,NOH,69,0,851,105,237,104,234,1,3,57,88,108,154,262,50,45,37,53,153,268,.443,.444,.333,.648,.486,.445,F,traylro01"
"116,Jarrett Jack,2.4,2.4,2010-11,27,NOH,70,2,1375,212,515,183,431,29,84,142,168,14,117,131,183,40,6,76,77,595,.412,.425,.345,.845,.505,.440,G,jackja01"
"117,Eric Bledsoe,2.3,2.3,2020-21,31,NOP,71,70,2111,307,730,186,375,121,355,134,195,29,215,244,268,55,24,114,112,869,.421,.496,.341,.687,.533,.503,G,bledser01"
"118,Quincy Pondexter,2.3,2.3,2014-15,26,NOP,45,28,1253,140,312,66,141,74,171,50,66,33,105,138,66,14,19,41,103,404,.449,.468,.433,.758,.592,.567,G-F,pondequ01"
"119,Terrence Jones,2.3,2.3,2016-17,25,NOP,51,12,1264,231,489,212,414,19,75,103,170,65,238,303,59,39,53,48,67,584,.472,.512,.253,.606,.518,.492,F,joneste01"
"120,Greivis Vásquez,2.3,2.3,2011-12,25,NOH,66,26,1706,225,523,182,388,43,135,96,117,23,150,173,359,60,8,148,126,589,.430,.469,.319,.821,.513,.471,G,vasqugr01"
"121,Ryan Anderson,2.3,2.3,2013-14,25,NOP,22,14,795,155,354,88,190,67,164,59,62,66,76,142,17,10,7,20,47,436,.438,.463,.409,.952,.572,.532,F,anderry01"
"122,Jahlil Okafor,2.2,2.2,2018-19,23,NOP,59,24,935,212,362,211,357,1,5,59,89,82,196,278,40,15,40,52,96,484,.586,.591,.200,.663,.603,.587,C-F,okafoja01"
"123,Kirk Snyder,2.2,2.2,2005-06,22,NOK,68,45,1310,205,453,159,324,46,129,86,117,55,106,161,102,29,23,70,106,542,.453,.491,.357,.735,.537,.503,G,snydeki01"
"124,Lee Nailon,2.2,2.2,2004-05,29,NOH,68,51,2017,415,869,415,867,0,2,133,165,128,170,298,109,36,16,110,190,963,.478,.479,.000,.806,.511,.478,F,nailole01"
"125,Trevor Ariza,2.2,2.2,2011-12,26,NOH,41,41,1350,168,403,139,316,29,87,79,102,41,174,215,135,69,25,76,73,444,.417,.440,.333,.775,.496,.453,F,arizatr01"
"126,Brian Roberts,2.2,2.2,2013-14,28,NOP,72,42,1667,244,581,180,403,64,178,125,133,17,119,136,234,43,7,95,132,677,.420,.447,.360,.940,.529,.475,G,roberbr01"
"127,Jason Smith,2.2,2.2,2011-12,25,NOH,40,29,947,181,348,180,339,1,9,33,47,72,124,196,34,21,41,40,102,396,.520,.531,.111,.702,.537,.522,F-C,smithja02"
"128,Brian Roberts,2.2,2.2,2012-13,27,NOH,78,5,1324,213,511,154,358,59,153,70,77,17,80,97,219,37,3,71,108,555,.417,.430,.386,.909,.509,.475,G,roberbr01"
"129,Dante Cunningham,2.1,2.1,2015-16,28,NOP,80,46,1971,186,412,131,238,55,174,57,82,57,179,236,77,42,33,41,173,484,.451,.550,.316,.695,.540,.518,F,cunnida01"
"130,Eric Gordon,2.1,2.1,2015-16,27,NOP,45,44,1481,231,552,118,258,113,294,111,125,10,89,99,121,43,14,73,98,686,.418,.457,.384,.888,.565,.521,G-F,gordoer01"
"131,Jose Alvarado,2.1,2.1,2021-22,23,NOP,54,1,834,131,294,99,184,32,110,36,53,25,75,100,152,71,7,40,73,330,.446,.538,.291,.679,.520,.500,G,alvarjo01"
"132,Alexis Ajinça,2.1,2.1,2013-14,25,NOP,56,30,951,136,249,136,248,0,1,56,67,94,183,277,40,23,46,63,187,328,.546,.548,.000,.836,.589,.546,C-F,ajincal01"
"133,Jannero Pargo,2.0,2.0,2006-07,27,NOK,82,7,1710,283,692,202,483,81,209,104,122,20,160,180,203,53,4,122,121,751,.409,.418,.388,.852,.504,.467,G,pargoja01"
"134,Zion Williamson,2.0,2.0,2019-20,19,NOP,24,24,668,210,360,204,346,6,14,114,178,64,86,150,50,16,9,59,42,540,.583,.590,.429,.640,.616,.592,F-C,willizi01"
"135,Nikola Mirotić,1.9,1.9,2017-18,26,NOP,30,11,872,163,382,97,185,66,197,47,58,41,205,246,41,29,26,31,63,439,.427,.524,.335,.810,.539,.513,F,mirotni01"
"136,Steve Smith,1.9,1.9,2003-04,34,NOH,71,4,929,119,293,76,186,43,107,77,83,27,54,81,56,15,6,42,91,358,.406,.409,.402,.928,.543,.480,G,smithst01"
"137,Alonzo Gee,1.9,1.9,2015-16,28,NOP,73,38,1632,132,255,115,195,17,60,44,66,60,185,245,72,63,13,55,169,325,.518,.590,.283,.667,.572,.551,G,geeal01"
"138,Cheick Diallo,1.9,1.9,2017-18,21,NOP,52,0,581,102,176,102,176,0,0,50,66,47,164,211,19,11,21,28,82,254,.580,.580,,.758,.619,.580,F,diallch01"
"139,Linton Johnson,1.9,1.9,2006-07,26,NOK,54,0,720,93,190,83,160,10,30,30,37,52,111,163,18,33,18,27,101,226,.489,.519,.333,.811,.548,.516,F,johnsli01"
"140,Trey Murphy III,1.9,1.9,2021-22,21,NOP,62,1,864,109,277,38,91,71,186,45,51,47,100,147,38,23,7,16,60,334,.394,.418,.382,.882,.558,.522,F,murphtr02"
"141,Bobby Jackson,1.9,1.9,2007-08,34,NOH,46,0,891,116,296,63,152,53,144,40,49,23,87,110,76,32,3,31,59,325,.392,.414,.368,.816,.512,.481,G,jacksbo01"
"142,Jeff Withey,1.8,1.8,2013-14,23,NOP,58,4,684,69,129,69,128,0,1,52,73,49,101,150,26,15,50,20,73,190,.535,.539,.000,.712,.590,.535,C,witheje01"
"143,Willie Green,1.8,1.8,2010-11,29,NOH,77,13,1674,270,609,216,454,54,155,78,100,22,139,161,74,36,13,67,143,672,.443,.476,.348,.780,.515,.488,G,greenwi01"
"144,Nicolò Melli,1.8,1.8,2019-20,29,NOP,60,8,1042,136,323,67,117,69,206,54,73,38,142,180,82,34,23,46,124,395,.421,.573,.335,.740,.556,.528,F,mellini01"
"145,Rasual Butler,1.7,1.7,2005-06,26,NOK,79,20,1875,257,633,165,391,92,242,79,114,51,181,232,40,33,45,65,142,685,.406,.422,.380,.693,.501,.479,F-G,butlera01"
"146,Elden Campbell,1.7,1.7,2002-03,34,NOH,41,1,685,101,247,101,246,0,1,93,115,34,108,142,42,24,31,42,102,295,.409,.411,.000,.809,.496,.409,C,campbel01"
"147,Jason Smith,1.7,1.7,2012-13,26,NOH,51,0,876,167,341,167,337,0,4,86,102,64,122,186,34,15,45,55,123,420,.490,.496,.000,.843,.544,.490,F-C,smithja02"
"148,Ömer Aşık,1.7,1.7,2015-16,29,NOP,68,64,1178,104,195,104,195,0,0,61,112,120,294,414,26,21,23,60,124,269,.533,.533,,.545,.551,.533,C,asikom01"
"149,Baron Davis,1.7,1.7,2004-05,25,NOH,18,13,593,111,303,67,166,44,137,74,96,16,51,67,129,31,4,38,52,340,.366,.404,.321,.771,.492,.439,G,davisba01"
"150,Julian Wright,1.7,1.7,2007-08,20,NOH,57,1,640,90,169,80,145,10,24,33,52,33,84,117,40,29,12,34,43,223,.533,.552,.417,.635,.581,.562,F,wrighju01"
"151,Emeka Okafor,1.7,1.7,2011-12,29,NOH,27,27,781,114,214,114,214,0,0,38,74,70,143,213,24,16,26,37,73,266,.533,.533,,.514,.539,.533,C-F,okafoem01"
"152,E'Twaun Moore,1.7,1.7,2018-19,29,NOP,53,36,1463,256,532,180,356,76,176,45,59,35,92,127,102,40,8,59,112,633,.481,.506,.432,.763,.567,.553,G-F,mooreet01"
"153,Darius Miller,1.6,1.6,2018-19,28,NOP,69,15,1757,189,484,56,120,133,364,56,71,14,114,128,146,40,23,59,165,567,.390,.467,.365,.789,.550,.528,F,milleda01"
"154,Stacey Augmon,1.6,1.6,2003-04,35,NOH,69,24,1416,143,347,142,340,1,7,110,139,52,122,174,85,55,15,76,114,397,.412,.418,.143,.791,.486,.414,F-G,augmost01"
"155,Dante Cunningham,1.6,1.6,2014-15,27,NOP,66,27,1652,155,339,154,329,1,10,29,47,70,186,256,50,46,37,35,101,340,.457,.468,.100,.617,.473,.459,F,cunnida01"
"156,DeMarcus Cousins,1.6,1.6,2016-17,26,NOP,17,17,574,142,314,106,218,36,96,94,121,37,174,211,66,25,19,62,75,414,.452,.486,.375,.777,.564,.510,C-F,couside01"
"157,Jason Smith,1.6,1.6,2010-11,24,NOH,77,6,1102,136,307,136,305,0,2,59,70,89,152,241,36,26,32,53,150,331,.443,.446,.000,.843,.490,.443,F-C,smithja02"
"158,Casey Jacobsen,1.6,1.6,2004-05,23,NOH,44,1,1030,100,251,68,163,32,88,103,130,18,82,100,76,22,7,44,48,335,.398,.417,.364,.792,.543,.462,G-F,jacobca01"
"159,Luke Babbitt,1.6,1.6,2014-15,25,NOP,63,19,830,92,192,33,77,59,115,13,19,12,99,111,24,17,11,26,63,256,.479,.429,.513,.684,.639,.633,F,babbilu01"
"160,Carl Landry,1.6,1.6,2010-11,27,NOH,23,10,602,107,203,107,202,0,1,58,73,38,56,94,13,10,12,27,71,272,.527,.530,.000,.795,.578,.527,F,landrca01"
"161,Dante Cunningham,1.6,1.6,2017-18,30,NOP,51,24,1115,99,225,64,117,35,108,20,36,50,143,193,26,27,16,16,75,253,.440,.547,.324,.556,.525,.518,F,cunnida01"
"162,Hilton Armstrong,1.5,1.5,2008-09,24,NOH,70,29,1092,138,246,138,244,0,2,62,98,81,114,195,29,26,45,80,181,338,.561,.566,.000,.633,.585,.561,F-C,armsthi01"
"163,Jrue Holiday,1.5,1.5,2013-14,23,NOP,34,34,1143,203,454,173,377,30,77,51,63,28,114,142,268,56,12,105,92,487,.447,.459,.390,.810,.505,.480,G,holidjr01"
"164,Tim Frazier,1.5,1.5,2018-19,28,NOP,47,17,909,88,195,61,118,27,77,32,41,32,105,137,206,25,4,60,93,235,.451,.517,.351,.780,.552,.521,G,fraziti01"
"165,Greg Stiemsma,1.5,1.5,2013-14,28,NOP,55,20,1007,70,122,70,121,0,1,19,32,72,154,226,36,35,57,44,169,159,.574,.579,.000,.594,.584,.574,C,stiemgr01"
"166,Elfrid Payton,1.5,1.5,2018-19,24,NOP,42,42,1250,179,412,146,307,33,105,55,74,49,171,220,320,44,17,112,81,446,.434,.476,.314,.743,.502,.475,G,paytoel01"
"167,Aaron Williams,1.5,1.5,2005-06,34,NOK,34,2,692,81,157,81,157,0,0,35,52,59,107,166,16,13,18,25,110,197,.516,.516,,.673,.548,.516,F-C,williaa01"
"168,Ryan Bowen,1.5,1.5,2007-08,32,NOH,53,4,660,49,100,49,99,0,1,16,29,55,45,100,25,32,11,15,77,114,.490,.495,.000,.552,.505,.490,F,bowenry01"
"169,Jérôme Moïso,1.5,1.5,2002-03,24,NOH,51,1,644,89,171,89,171,0,0,27,41,59,119,178,22,19,44,46,87,205,.520,.520,,.659,.542,.520,F-C,moisoje01"
"170,Roger Mason,1.4,1.4,2012-13,32,NOH,69,13,1219,132,305,66,146,66,159,39,43,11,121,132,74,26,11,51,104,369,.433,.452,.415,.907,.570,.541,G,masonro01"
"171,Tyreke Evans,1.4,1.4,2015-16,26,NOP,25,25,765,136,314,103,229,33,85,74,93,20,109,129,164,32,8,73,66,379,.433,.450,.388,.796,.534,.486,G-F,evansty01"
"172,Al-Farouq Aminu,1.4,1.4,2011-12,21,NOH,66,21,1477,150,365,137,318,13,47,86,114,95,213,308,66,59,34,91,136,399,.411,.431,.277,.754,.481,.429,F,aminual01"
"173,Boštjan Nachbar,1.4,1.4,2004-05,24,NOH,55,4,1137,146,368,81,193,65,175,88,105,20,132,152,65,28,16,68,153,445,.397,.420,.371,.838,.537,.485,F,nachbbo01"
"174,Jonas Valančiūnas,1.3,1.3,2022-23,30,NOP,12,12,296,63,122,58,107,5,15,41,48,41,86,127,26,6,4,16,25,172,.516,.542,.333,.854,.601,.537,C,valanjo01"
"175,Chris Andersen,1.3,1.3,2005-06,27,NOK,32,2,570,56,98,56,98,0,0,49,103,61,94,155,6,8,41,26,84,161,.571,.571,,.476,.562,.571,C-F,anderch01"
"176,Jahlil Okafor,1.3,1.3,2019-20,24,NOP,30,9,467,101,162,100,159,1,3,40,62,48,79,127,37,7,22,38,67,243,.623,.629,.333,.645,.642,.627,C-F,okafoja01"
"177,Darius Songaila,1.3,1.3,2009-10,31,NOH,75,1,1410,241,488,240,482,1,6,60,74,59,173,232,70,62,14,81,206,543,.494,.498,.167,.811,.522,.495,F,songada01"
"178,Tim Frazier,1.2,1.2,2015-16,25,NOP,16,1,469,76,169,63,138,13,31,45,59,15,56,71,120,23,1,38,42,210,.450,.457,.419,.763,.539,.488,G,fraziti01"
"179,J.R. Smith,1.2,1.2,2005-06,20,NOK,55,25,989,144,366,92,226,52,140,83,101,19,91,110,58,37,4,54,90,423,.393,.407,.371,.822,.515,.464,G-F,smithjr01"
"180,Langston Galloway,1.2,1.2,2016-17,25,NOP,55,0,1120,165,441,64,173,101,268,40,52,20,101,121,65,40,5,28,76,471,.374,.370,.377,.769,.508,.489,G,gallola01"
"181,Stacey Augmon,1.2,1.2,2002-03,34,NOH,70,3,862,79,192,79,185,0,7,54,72,26,93,119,69,27,9,40,80,212,.411,.427,.000,.750,.474,.411,F-G,augmost01"
"182,Hilton Armstrong,1.2,1.2,2006-07,22,NOK,56,5,634,68,125,68,125,0,0,40,67,58,91,149,10,12,26,35,79,176,.544,.544,,.597,.570,.544,F-C,armsthi01"
"183,Kenrich Williams,1.2,1.2,2018-19,24,NOP,46,29,1079,107,279,55,123,52,156,13,19,55,164,219,83,45,19,36,95,279,.384,.447,.333,.684,.485,.477,G-F,willike04"
"184,Lance Thomas,1.2,1.2,2012-13,24,NOH,59,9,646,53,106,53,106,0,0,43,59,44,71,115,17,11,7,14,78,149,.500,.500,,.729,.565,.500,F,thomala01"
"185,Sean Marks,1.2,1.2,2008-09,33,NOH,60,5,838,80,165,78,155,2,10,30,44,62,125,187,14,7,33,35,121,192,.485,.503,.200,.682,.521,.491,F-C,marksse01"
"186,Trey Murphy III,1.2,1.2,2022-23,22,NOP,12,4,354,48,100,20,34,28,66,19,20,17,40,57,18,12,5,9,23,143,.480,.588,.424,.950,.657,.620,F,murphtr02"
"187,Rasual Butler,1.2,1.2,2007-08,28,NOH,51,8,875,91,260,47,127,44,133,26,31,16,84,100,36,15,21,10,66,252,.350,.370,.331,.839,.460,.435,F-G,butlera01"
"188,Lance Thomas,1.2,1.2,2011-12,23,NOH,42,10,630,57,126,57,125,0,1,52,62,49,77,126,12,10,7,24,78,166,.452,.456,.000,.839,.541,.452,F,thomala01"
"189,Jannero Pargo,1.1,1.1,2007-08,28,NOH,80,5,1497,254,652,189,466,65,186,71,81,26,104,130,192,50,5,93,123,644,.390,.406,.349,.877,.468,.439,G,pargoja01"
"190,Courtney Alexander,1.1,1.1,2002-03,25,NOH,66,7,1360,193,505,174,448,19,57,118,146,39,79,118,79,31,6,68,125,523,.382,.388,.333,.808,.459,.401,G,alexaco02"
"191,Antonio Daniels,1.1,1.1,2008-09,33,NOH,61,4,733,81,191,64,142,17,49,55,67,5,50,55,130,19,1,49,41,234,.424,.451,.347,.821,.531,.469,G,daniean01"
"192,Luke Babbitt,1.1,1.1,2015-16,26,NOP,47,13,845,122,289,78,180,44,109,39,50,25,123,148,53,11,7,23,90,327,.422,.433,.404,.780,.526,.498,F,babbilu01"
"193,Ian Clark,1.1,1.1,2017-18,26,NOP,74,2,1455,222,495,160,300,62,195,45,59,10,117,127,110,33,10,57,120,551,.448,.533,.318,.763,.529,.511,G,clarkia01"
"194,Aaron Gray,1.1,1.1,2010-11,26,NOH,41,6,531,56,99,56,99,0,0,17,34,59,112,171,16,11,12,32,96,129,.566,.566,,.500,.566,.566,C,grayaa01"
"195,Eric Gordon,1.1,1.1,2012-13,24,NOH,42,40,1264,235,584,179,411,56,173,187,222,10,67,77,137,45,8,117,75,713,.402,.436,.324,.842,.523,.450,G-F,gordoer01"
"196,Alexis Ajinça,1.0,1.0,2015-16,27,NOP,59,17,861,150,315,150,314,0,1,52,62,75,194,269,31,19,36,54,134,352,.476,.478,.000,.839,.514,.476,C-F,ajincal01"
"197,Emeka Okafor,1.0,1.0,2017-18,35,NOP,26,19,353,48,95,48,95,0,0,18,22,47,73,120,8,8,25,13,30,114,.505,.505,,.818,.545,.505,C-F,okafoem01"
"198,Ömer Aşık,1.0,1.0,2016-17,30,NOP,31,19,482,31,65,31,65,0,0,23,39,48,115,163,15,5,10,14,51,85,.477,.477,,.590,.517,.477,C,asikom01"
"199,Zion Williamson,1.0,1.0,2022-23,22,NOP,10,10,319,91,166,88,160,3,6,48,69,22,44,66,37,11,3,27,27,233,.548,.550,.500,.696,.593,.557,F-C,willizi01"
"200,Alexis Ajinça,1.0,1.0,2016-17,28,NOP,39,15,584,89,178,89,174,0,4,29,40,46,131,177,12,20,22,31,77,207,.500,.511,.000,.725,.529,.500,C-F,ajincal01"
"201,Jordan Crawford,0.9,0.9,2016-17,28,NOP,19,0,442,105,218,68,123,37,95,20,26,4,30,34,57,11,2,25,30,267,.482,.553,.389,.769,.582,.567,G,crawfjo02"
"202,Jason Smith,0.9,0.9,2013-14,27,NOP,31,27,830,131,282,131,282,0,0,39,50,51,130,181,29,11,29,28,100,301,.465,.465,,.780,.495,.465,F-C,smithja02"
"203,Aaron Gray,0.9,0.9,2009-10,25,NOH,24,0,261,34,61,34,61,0,0,18,21,40,50,90,20,9,11,17,44,86,.557,.557,,.857,.612,.557,C,grayaa01"
"204,Quincy Pondexter,0.9,0.9,2010-11,22,NOH,66,6,734,73,180,55,130,18,50,24,34,23,65,88,28,17,10,16,63,188,.406,.423,.360,.706,.482,.456,G-F,pondequ01"
"205,E'Twaun Moore,0.9,0.9,2019-20,30,NOP,56,6,1020,186,437,123,270,63,167,31,45,31,100,131,78,32,11,40,80,466,.426,.456,.377,.689,.510,.498,G-F,mooreet01"
"206,Ish Smith,0.9,0.9,2015-16,27,NOP,27,3,617,98,228,88,195,10,33,33,43,14,78,92,154,24,6,45,38,239,.430,.451,.303,.767,.484,.452,G,smithis01"
"207,Marcus Thornton,0.9,0.9,2010-11,23,NOH,46,0,745,137,334,102,241,35,93,50,66,25,106,131,43,19,4,37,50,359,.410,.423,.376,.758,.494,.463,G,thornma01"
"208,Peja Stojaković,0.9,0.9,2006-07,29,NOK,13,13,425,83,196,49,112,34,84,31,38,11,43,54,11,8,4,19,29,231,.423,.438,.405,.816,.543,.510,F,stojape01"
"209,Naji Marshall,0.9,0.9,2020-21,23,NOP,32,10,700,82,209,53,126,29,83,53,75,15,133,148,88,26,10,38,58,246,.392,.421,.349,.707,.508,.462,F,marshna01"
"210,Kenrich Williams,0.9,0.9,2019-20,25,NOP,39,18,832,51,147,26,50,25,97,9,26,51,135,186,57,27,21,22,88,136,.347,.520,.258,.346,.429,.432,G-F,willike04"
"211,Kira Lewis Jr.,0.9,0.9,2020-21,19,NOP,54,0,904,130,337,90,217,40,120,43,51,12,59,71,124,38,10,34,88,343,.386,.415,.333,.843,.477,.445,G,lewiski01"
"212,Jameer Nelson,0.8,0.8,2017-18,35,NOP,43,0,897,84,205,44,95,40,110,13,17,11,85,96,156,23,3,56,67,221,.410,.463,.364,.765,.520,.507,G,nelsoja01"
"213,Bonzi Wells,0.8,0.8,2007-08,31,NOH,22,0,438,77,157,73,145,4,12,35,53,21,50,71,17,24,8,27,44,193,.490,.503,.333,.660,.535,.503,G-F,wellsbo01"
"214,Garrett Temple,0.8,0.8,2021-22,35,NOP,59,16,1098,111,295,52,110,59,185,28,41,29,114,143,74,43,23,42,81,309,.376,.473,.319,.683,.494,.476,G,templga01"
"215,Larry Nance Jr.,0.8,0.8,2022-23,30,NOP,11,0,251,42,65,40,60,2,5,4,7,16,43,59,27,10,6,11,24,90,.646,.667,.400,.571,.661,.662,F-C,nancela02"
"216,Darius Miller,0.8,0.8,2013-14,23,NOP,45,7,723,73,166,48,89,25,77,29,36,9,43,52,43,24,9,22,88,200,.440,.539,.325,.806,.550,.515,F,milleda01"
"217,James Ennis III,0.8,0.8,2015-16,25,NOP,9,5,282,50,100,26,50,24,50,19,24,17,18,35,18,12,3,17,26,143,.500,.520,.480,.792,.647,.620,F,ennisja01"
"218,Jeff Withey,0.8,0.8,2014-15,24,NOP,37,0,259,32,64,32,64,0,0,34,50,23,41,64,11,4,18,12,26,98,.500,.500,,.680,.570,.500,C,witheje01"
"219,Julian Wright,0.8,0.8,2009-10,22,NOH,68,14,871,116,232,114,226,2,6,25,41,58,86,144,41,29,18,44,45,259,.500,.504,.333,.610,.518,.504,F,wrighju01"
"220,Morris Peterson,0.8,0.8,2009-10,32,NOH,46,39,973,116,301,54,130,62,171,33,54,17,109,126,41,25,5,27,81,327,.385,.415,.363,.611,.503,.488,F,petermo01"
"221,J.J. Redick,0.8,0.8,2020-21,36,NOP,31,0,576,87,214,36,74,51,140,45,47,3,49,52,40,9,2,25,37,270,.407,.486,.364,.957,.575,.526,G,redicjj01"
"222,Julian Wright,0.8,0.8,2008-09,21,NOH,54,19,772,109,234,107,213,2,21,17,30,46,106,152,43,35,19,43,49,237,.466,.502,.095,.567,.479,.470,F,wrighju01"
"223,Naji Marshall,0.8,0.8,2021-22,24,NOP,55,4,735,109,269,88,164,21,105,74,93,38,104,142,62,33,8,46,69,313,.405,.537,.200,.796,.505,.444,F,marshna01"
"224,Norris Cole,0.7,0.7,2014-15,26,NOP,28,2,683,112,252,84,178,28,74,26,35,1,50,51,90,15,7,41,49,278,.444,.472,.378,.743,.520,.500,G,coleno01"
"225,Nickeil Alexander-Walker,0.7,0.7,2020-21,22,NOP,46,13,1007,192,458,116,239,76,219,48,66,13,131,144,102,47,22,69,88,508,.419,.485,.347,.727,.522,.502,G,alexani01"
"226,Eric Gordon,0.7,0.7,2011-12,23,NOH,9,9,310,63,140,53,100,10,40,49,65,2,23,25,31,13,4,24,20,185,.450,.530,.250,.754,.549,.486,G-F,gordoer01"
"227,Jamal Mashburn,0.7,0.7,2003-04,31,NOH,19,18,730,156,398,137,331,19,67,65,80,19,98,117,47,14,5,37,42,396,.392,.414,.284,.813,.457,.416,F,mashbja01"
"228,Austin Rivers,0.7,0.7,2014-15,22,NOP,35,3,772,86,222,72,172,14,50,53,71,12,56,68,87,18,7,30,65,239,.387,.419,.280,.746,.472,.419,G,riverau01"
"229,Luke Babbitt,0.7,0.7,2013-14,24,NOP,27,2,473,60,154,24,59,36,95,14,18,18,70,88,29,7,11,15,52,170,.390,.407,.379,.778,.525,.506,F,babbilu01"
"230,David Wesley,0.7,0.7,2004-05,34,NOH,26,26,934,133,342,105,262,28,80,67,76,12,73,85,109,35,1,54,65,361,.389,.401,.350,.882,.481,.430,G,wesleda01"
"231,Gary Clark,0.7,0.7,2021-22,27,NOP,38,1,378,33,88,5,18,28,70,7,10,23,67,90,18,13,7,10,20,101,.375,.278,.400,.700,.547,.534,F,clarkga01"
"232,Marc Jackson,0.7,0.7,2006-07,32,NOK,56,25,1025,159,388,159,387,0,1,90,103,62,130,192,58,21,7,65,89,408,.410,.411,.000,.874,.471,.410,C,jacksma02"
"233,Chris Kaman,0.7,0.7,2011-12,29,NOH,47,33,1372,266,597,266,597,0,0,84,107,89,275,364,101,25,77,129,106,616,.446,.446,,.785,.478,.446,C,kamanch01"
"234,Marc Jackson,0.7,0.7,2005-06,31,NOK,27,10,594,108,221,107,219,1,2,28,34,56,72,128,22,8,2,37,56,245,.489,.489,.500,.824,.519,.491,C,jacksma02"
"235,Devin Brown,0.6,0.6,2009-10,31,NOH,39,37,967,128,325,74,178,54,147,69,86,27,82,109,58,30,5,57,62,379,.394,.416,.367,.802,.522,.477,G,brownde02"
"236,Austin Rivers,0.6,0.6,2013-14,21,NOP,69,4,1339,192,474,156,375,36,99,110,173,26,103,129,160,45,9,77,134,530,.405,.416,.364,.636,.482,.443,G,riverau01"
"237,Robert Pack,0.6,0.6,2002-03,33,NOH,28,4,440,52,129,52,124,0,5,41,55,11,40,51,81,25,0,40,35,145,.403,.419,.000,.745,.473,.403,G,packro01"
"238,Morris Peterson,0.6,0.6,2008-09,31,NOH,43,9,515,73,183,40,98,33,85,12,19,13,71,84,16,15,2,15,51,191,.399,.408,.388,.632,.499,.489,F,petermo01"
"239,Desmond Mason,0.6,0.6,2006-07,29,NOK,75,75,2575,407,900,407,900,0,0,214,323,124,221,345,115,52,22,192,174,1028,.452,.452,,.663,.493,.452,F,masonde01"
"240,Christian Wood,0.6,0.6,2018-19,23,NOP,8,2,189,49,92,43,71,6,21,31,41,13,50,63,6,7,10,14,14,135,.533,.606,.286,.756,.613,.565,F,woodch01"
"241,Ryan Bowen,0.6,0.6,2008-09,33,NOH,21,3,219,22,38,22,38,0,0,3,5,10,14,24,9,14,5,5,37,47,.579,.579,,.600,.585,.579,F,bowenry01"
"242,Herbert Jones,0.5,0.5,2022-23,24,NOP,8,8,249,30,64,28,49,2,15,26,33,11,18,29,17,10,5,9,30,88,.469,.571,.133,.788,.560,.484,F,joneshe01"
"243,Solomon Hill,0.5,0.5,2018-19,27,NOP,44,15,878,68,178,36,77,32,101,23,32,34,99,133,55,23,10,31,80,191,.382,.468,.317,.719,.497,.472,F,hillso01"
"244,Brandon Ingram,0.5,0.5,2022-23,25,NOP,8,8,255,63,128,48,100,15,28,32,40,4,43,47,31,5,7,26,21,173,.492,.480,.536,.800,.594,.551,F,ingrabr01"
"245,D.J. Mbenga,0.5,0.5,2010-11,30,NOH,41,0,330,23,49,23,49,0,0,13,18,35,51,86,6,6,27,21,52,59,.469,.469,,.722,.518,.469,C,mbengdj01"
"246,Tyreke Evans,0.5,0.5,2016-17,27,NOP,26,0,474,91,227,70,157,21,70,45,58,6,80,86,91,23,4,39,41,248,.401,.446,.300,.776,.491,.447,G-F,evansty01"
"247,CJ McCollum,0.5,0.5,2022-23,31,NOP,12,12,430,90,224,67,145,23,79,20,26,12,52,64,75,16,8,26,24,223,.402,.462,.291,.769,.474,.453,G,mccolcj01"
"248,Darius Miller,0.5,0.5,2012-13,22,NOH,52,2,694,44,108,22,52,22,56,8,8,8,70,78,44,17,12,23,89,118,.407,.423,.393,1.000,.529,.509,F,milleda01"
"249,Hilton Armstrong,0.5,0.5,2007-08,23,NOH,65,3,732,67,148,67,148,0,0,44,70,65,98,163,23,15,34,59,130,178,.453,.453,,.629,.498,.453,F-C,armsthi01"
"250,Buddy Hield,0.5,0.5,2016-17,24,NOP,57,37,1161,185,471,96,230,89,241,29,33,19,147,166,77,18,7,48,81,488,.393,.417,.369,.879,.503,.487,G,hieldbu01"
"251,Cheick Diallo,0.5,0.5,2016-17,20,NOP,17,0,199,36,76,36,76,0,0,15,21,23,50,73,4,4,7,7,17,87,.474,.474,,.714,.510,.474,F,diallch01"
"252,Frank Jackson,0.4,0.4,2018-19,20,NOP,61,16,1169,194,447,141,278,53,169,54,73,25,109,134,69,25,2,48,92,495,.434,.507,.314,.740,.517,.493,G,jacksfr01"
"253,Linton Johnson,0.4,0.4,2005-06,25,NOK,27,7,489,56,139,43,103,13,36,17,23,40,75,115,12,10,12,24,54,142,.403,.417,.361,.739,.476,.450,F,johnsli01"
"254,James Johnson,0.4,0.4,2020-21,33,NOP,22,11,539,79,182,63,122,16,60,28,47,18,73,91,48,18,19,28,61,202,.434,.516,.267,.596,.498,.478,F,johnsja01"
"255,Devonte' Graham,0.4,0.4,2022-23,27,NOP,12,0,203,18,49,2,9,16,40,7,10,1,14,15,30,5,3,6,11,59,.367,.222,.400,.700,.552,.531,G,grahade01"
"256,Larry Nance Jr.,0.4,0.4,2021-22,29,NOP,9,0,182,27,49,23,41,4,8,8,8,14,25,39,8,5,7,10,17,66,.551,.561,.500,1.000,.628,.592,F-C,nancela02"
"257,Jared Harper,0.4,0.4,2021-22,24,NOP,5,0,43,14,26,9,14,5,12,4,4,2,0,2,14,4,1,2,5,37,.538,.643,.417,1.000,.666,.635,G,harpeja01"
"258,Tony Snell,0.3,0.3,2021-22,30,NOP,15,2,277,33,74,12,21,21,53,1,1,5,26,31,8,8,2,8,26,88,.446,.571,.396,1.000,.591,.588,G-F,snellto01"
"259,DeAndre Liggins,0.3,0.3,2017-18,29,NOP,27,3,244,18,41,10,24,8,17,0,0,2,24,26,21,10,4,7,20,44,.439,.417,.471,,.537,.537,G,liggide01"
"260,Naji Marshall,0.3,0.3,2022-23,25,NOP,12,4,241,33,74,24,48,9,26,12,17,12,24,36,16,8,3,12,18,87,.446,.500,.346,.706,.534,.507,F,marshna01"
"261,Melvin Ely,0.3,0.3,2007-08,29,NOH,52,1,621,85,180,85,180,0,0,32,58,28,117,145,22,7,18,42,79,202,.472,.472,,.552,.491,.472,C,elyme01"
"262,Lou Amundson,0.3,0.3,2012-13,30,NOH,18,0,209,18,42,18,42,0,0,8,16,24,34,58,8,9,6,8,27,44,.429,.429,,.500,.449,.429,F-C,amundlo01"
"263,Cedric Simmons,0.3,0.3,2006-07,21,NOK,43,4,534,55,132,55,132,0,0,16,33,44,63,107,12,8,23,22,75,126,.417,.417,,.485,.430,.417,F,simmoce01"
"264,Jose Alvarado,0.3,0.3,2022-23,24,NOP,12,2,224,33,75,17,35,16,40,6,9,5,19,24,31,9,2,17,21,88,.440,.486,.400,.667,.557,.547,G,alvarjo01"
"265,Jamaal Magloire,0.3,0.3,2004-05,26,NOH,23,22,703,98,227,98,227,0,0,74,123,79,126,205,29,8,23,59,74,270,.432,.432,,.602,.480,.432,C,magloja01"
"266,Peja Stojaković,0.3,0.3,2010-11,33,NOH,6,0,89,14,33,3,8,11,25,6,7,0,6,6,6,2,0,4,2,45,.424,.375,.440,.857,.624,.591,F,stojape01"
"267,Wenyen Gabriel,0.3,0.3,2020-21,23,NOP,21,0,241,24,60,11,28,13,32,11,17,20,34,54,11,9,8,15,32,72,.400,.393,.406,.647,.533,.508,F,gabriwe01"
"268,Quinn Cook,0.3,0.3,2016-17,23,NOP,9,0,111,22,41,16,29,6,12,2,3,1,3,4,14,3,0,5,7,52,.537,.552,.500,.667,.614,.610,G,cookqu01"
"269,Wesley Johnson,0.3,0.3,2018-19,31,NOP,26,13,377,35,88,16,38,19,50,6,9,10,44,54,16,12,7,12,45,95,.398,.421,.380,.667,.517,.506,F-G,johnswe01"
"270,David West,0.2,0.2,2004-05,24,NOH,30,8,552,75,172,73,167,2,5,34,50,40,89,129,23,12,16,37,62,186,.436,.437,.400,.680,.479,.442,F-C,westda01"
"271,Xavier Henry,0.2,0.2,2011-12,20,NOH,45,0,759,90,228,83,211,7,17,52,85,24,82,106,35,26,8,35,59,239,.395,.393,.412,.612,.450,.410,G,henryxa01"
"272,J.R. Smith,0.2,0.2,2004-05,19,NOH,76,56,1859,295,748,214,467,81,281,111,161,39,113,152,142,55,11,109,135,782,.394,.458,.288,.689,.478,.449,G-F,smithjr01"
"273,Solomon Jones,0.2,0.2,2011-12,27,NOH,11,1,196,23,53,23,53,0,0,15,18,21,20,41,7,5,6,13,31,61,.434,.434,,.833,.501,.434,F,jonesso01"
"274,Jimmer Fredette,0.2,0.2,2014-15,25,NOP,50,0,509,63,166,54,118,9,48,43,45,8,32,40,58,15,2,33,43,178,.380,.458,.188,.956,.479,.407,G,fredeji01"
"275,DaJuan Summers,0.2,0.2,2011-12,24,NOH,15,6,209,28,65,23,49,5,16,7,9,8,15,23,10,7,0,8,31,68,.431,.469,.313,.778,.493,.469,F,summeda01"
"276,Speedy Claxton,0.2,0.2,2004-05,26,NOH,16,3,365,41,110,40,101,1,9,25,41,5,26,31,88,22,2,27,30,108,.373,.396,.111,.610,.422,.377,G,claxtsp01"
"277,Bryce Dejean-Jones,0.2,0.2,2015-16,23,NOP,14,11,279,28,69,16,37,12,32,11,21,8,40,48,15,10,2,11,17,79,.406,.432,.375,.524,.505,.493,G,dejeabr01"
"278,Jordan Hamilton,0.2,0.2,2015-16,25,NOP,11,4,304,49,116,36,71,13,45,14,21,12,50,62,25,8,3,17,24,125,.422,.507,.289,.667,.499,.478,G-F,hamiljo02"
"279,Dyson Daniels,0.2,0.2,2022-23,19,NOP,4,0,47,7,12,4,7,3,5,2,4,3,8,11,6,3,2,3,4,19,.583,.571,.600,.500,.690,.708,G,daniedy01"
"280,Archie Goodwin,0.2,0.2,2016-17,22,NOP,3,0,30,2,5,1,3,1,2,10,10,0,0,0,1,0,1,0,1,15,.400,.333,.500,1.000,.798,.500,G,goodwar01"
"281,Toney Douglas,0.2,0.2,2014-15,28,NOP,12,0,177,19,51,14,33,5,18,8,13,2,20,22,24,11,4,10,20,51,.373,.424,.278,.615,.450,.422,G,douglto01"
"282,Jordan Crawford,0.2,0.2,2017-18,29,NOP,5,0,53,12,27,4,13,8,14,1,1,2,2,4,13,1,1,5,7,33,.444,.308,.571,1.000,.601,.593,G,crawfjo02"
"283,Sean Marks,0.2,0.2,2009-10,34,NOH,14,0,75,4,8,4,8,0,0,2,5,14,9,23,2,0,3,2,17,10,.500,.500,,.400,.490,.500,F-C,marksse01"
"284,Reggie Williams,0.2,0.2,2016-17,30,NOP,6,0,79,8,23,3,12,5,11,6,7,2,4,6,4,3,0,0,2,27,.348,.250,.455,.857,.518,.457,F,willire02"
"285,Frank Jackson,0.2,0.2,2019-20,21,NOP,59,2,797,134,331,87,187,47,144,56,75,22,61,83,61,17,4,49,77,371,.405,.465,.326,.747,.510,.476,G,jacksfr01"
"286,Donatas Motiejūnas,0.2,0.2,2016-17,26,NOP,34,0,479,57,138,46,91,11,47,25,49,26,75,101,32,18,11,31,55,150,.413,.505,.234,.510,.470,.453,F-C,motiedo01"
"287,Dominic McGuire,0.1,0.1,2012-13,27,NOH,9,0,145,9,21,9,21,0,0,1,2,7,21,28,9,8,3,5,13,19,.429,.429,,.500,.434,.429,F,mcguido01"
"288,Devin Brown,0.1,0.1,2008-09,30,NOH,63,5,869,111,313,83,216,28,97,78,100,31,88,119,54,32,5,54,81,328,.355,.384,.289,.780,.459,.399,G,brownde02"
"289,Trey Johnson,0.1,0.1,2011-12,27,NOH,11,0,61,8,14,8,14,0,0,5,5,3,9,12,4,1,0,5,10,21,.571,.571,,1.000,.648,.571,G,johnstr01"
"290,Jackson Vroman,0.1,0.1,2005-06,24,NOK,41,2,406,26,66,26,66,0,0,21,44,33,53,86,11,12,11,21,78,73,.394,.394,,.477,.428,.394,F-C,vromaja01"
"291,Darryl Watkins,0.1,0.1,2011-12,27,NOH,5,0,98,7,14,7,14,0,0,9,18,8,19,27,3,5,4,8,14,23,.500,.500,,.500,.525,.500,C,watkida01"
"292,Marcus Vinicius,0.1,0.1,2007-08,23,NOH,13,0,69,9,20,4,8,5,12,5,11,1,7,8,2,1,1,3,4,28,.450,.500,.417,.455,.564,.575,F,vincima01"
"293,Jerome Dyson,0.1,0.1,2011-12,24,NOH,9,1,180,19,48,18,40,1,8,28,36,2,17,19,18,11,2,20,19,67,.396,.450,.125,.778,.525,.406,G,dysonje01"
"294,Shammond Williams,0.1,0.1,2003-04,28,NOH,16,2,238,28,81,23,55,5,26,11,13,0,17,17,52,14,1,21,22,72,.346,.418,.192,.846,.415,.377,G,willish01"
"295,Tony Allen,0.1,0.1,2017-18,36,NOP,22,0,273,44,91,40,79,4,12,11,21,20,27,47,9,11,3,19,49,103,.484,.506,.333,.524,.514,.505,G-F,allento01"
"296,Marcus Vinicius,0.1,0.1,2006-07,22,NOK,13,0,103,7,15,4,8,3,7,5,7,2,9,11,5,2,1,6,10,22,.467,.500,.429,.714,.608,.567,F,vincima01"
"297,John Salmons,0.1,0.1,2014-15,35,NOP,21,0,270,16,48,8,22,8,26,2,4,4,17,21,13,9,4,5,25,42,.333,.364,.308,.500,.422,.417,G,salmojo01"
"298,Lance Stephenson,0.1,0.1,2016-17,26,NOP,6,0,162,26,55,25,45,1,10,5,8,3,15,18,29,2,1,11,18,58,.473,.556,.100,.625,.496,.482,G-F,stephla01"
"299,Lou Amundson,0.1,0.1,2013-14,31,NOP,18,0,184,16,32,16,32,0,0,6,24,28,27,55,6,9,11,14,49,38,.500,.500,,.250,.446,.500,F-C,amundlo01"
"300,Wayne Selden,0.1,0.1,2016-17,22,NOP,3,3,47,5,8,1,1,4,7,2,4,0,5,5,1,2,0,3,6,16,.625,1.000,.571,.500,.820,.875,G-F,seldewa01"
"301,Kenny Anderson,0.1,0.1,2002-03,32,NOH,23,1,446,61,150,60,148,1,2,16,22,14,31,45,77,18,4,42,43,139,.407,.405,.500,.727,.435,.410,G,anderke01"
"302,Axel Toupane,0.1,0.1,2016-17,24,NOP,2,0,41,5,8,4,5,1,3,0,0,0,1,1,0,1,1,0,5,11,.625,.800,.333,,.688,.688,G-F,toupaax01"
"303,Brandon Bass,0.1,0.1,2005-06,20,NOK,29,1,268,28,70,28,70,0,0,12,19,18,50,68,3,3,7,11,18,68,.400,.400,,.632,.434,.400,F,bassbr01"
"304,Sindarius Thornwell,0.1,0.1,2019-20,25,NOP,2,0,35,6,11,4,7,2,4,2,4,0,4,4,4,1,1,2,2,16,.545,.571,.500,.500,.627,.636,G,thornsi01"
"305,Chris Johnson,0.1,0.1,2011-12,26,NOH,7,0,82,9,18,9,18,0,0,5,7,7,15,22,1,5,1,8,13,23,.500,.500,,.714,.546,.500,C,johnsch03"
"306,Garrett Temple,0.1,0.1,2022-23,36,NOP,2,0,21,2,4,0,0,2,4,0,0,0,1,1,1,1,0,0,2,6,.500,,.500,,.750,.750,G,templga01"
"307,Corsley Edwards,0.1,0.1,2004-05,25,NOH,10,0,110,10,31,10,31,0,0,7,12,12,13,25,3,3,4,2,19,27,.323,.323,,.583,.372,.323,F,edwarco01"
"308,Randy Livingston,0.1,0.1,2002-03,27,NOH,2,0,12,2,4,2,4,0,0,2,2,0,0,0,1,0,0,0,0,6,.500,.500,,1.000,.615,.500,G,livinra01"
"309,James Southerland,0.1,0.1,2013-14,23,NOP,3,0,27,5,12,2,7,3,5,1,2,0,8,8,0,1,2,1,3,14,.417,.286,.600,.500,.543,.542,F,southja01"
"310,David Andersen,0.1,0.1,2010-11,30,NOH,29,0,223,33,74,28,61,5,13,7,15,12,38,50,6,2,6,14,29,78,.446,.459,.385,.467,.484,.480,C,anderda03"
"311,Hakim Warrick,0.1,0.1,2012-13,30,NOH,1,0,7,1,2,1,2,0,0,2,2,0,0,0,0,1,0,0,0,4,.500,.500,,1.000,.694,.500,F,warriha01"
"312,Alize Johnson,0.1,0.1,2021-22,25,NOP,4,0,28,3,10,3,10,0,0,3,4,7,6,13,1,2,0,1,3,9,.300,.300,,.750,.383,.300,F,johnsal02"
"313,Hilton Armstrong,0.1,0.1,2009-10,25,NOH,18,0,239,19,50,19,50,0,0,13,28,17,44,61,16,8,8,13,44,51,.380,.380,,.464,.409,.380,F-C,armsthi01"
"314,Maciej Lampe,0.0,0.0,2004-05,19,NOH,21,0,261,32,83,32,82,0,1,7,10,15,42,57,10,4,5,7,31,71,.386,.390,.000,.700,.406,.386,C,lampema01"
"315,Marcus Fizer,0.0,0.0,2005-06,27,NOK,3,0,39,9,17,8,16,1,1,1,2,1,6,7,1,0,0,2,5,20,.529,.500,1.000,.500,.559,.559,F,fizerma01"
"316,Jarrett Jack,0.0,0.0,2016-17,33,NOP,2,0,33,2,3,2,2,0,1,2,2,0,0,0,5,2,0,3,4,6,.667,1.000,.000,1.000,.773,.667,G,jackja01"
"317,Nicolò Melli,0.0,0.0,2020-21,30,NOP,22,0,241,15,59,8,22,7,37,6,7,12,45,57,25,9,1,7,28,43,.254,.364,.189,.857,.346,.314,F,mellini01"
"318,Zylan Cheatham,0.0,0.0,2019-20,24,NOP,4,0,51,6,9,6,8,0,1,0,0,3,6,9,3,1,1,4,10,12,.667,.750,.000,,.667,.667,F,cheatzy01"
"319,Bryce Drew,0.0,0.0,2002-03,28,NOH,13,0,79,8,27,5,20,3,7,0,0,4,9,13,11,2,0,3,2,19,.296,.250,.429,,.352,.352,G,drewbr01"
"320,James Nunnally,0.0,0.0,2020-21,30,NOP,9,0,48,5,13,1,1,4,12,1,2,2,7,9,3,0,0,2,1,15,.385,1.000,.333,.500,.540,.538,F,nunnaja01"
"321,Hollis Thompson,0.0,0.0,2016-17,25,NOP,9,8,191,11,41,5,17,6,24,6,9,4,24,28,9,6,0,2,14,34,.268,.294,.250,.667,.378,.341,G-F,thompho01"
"322,Moochie Norris,0.0,0.0,2005-06,32,NOK,16,0,183,20,47,16,38,4,9,16,25,3,17,20,21,6,0,17,18,60,.426,.421,.444,.640,.517,.468,G,norrimo01"
"323,Jalen Jones,0.0,0.0,2017-18,24,NOP,4,0,19,1,4,0,3,1,1,2,2,0,3,3,0,0,0,0,2,5,.250,.000,1.000,1.000,.512,.375,G,jonesja04"
"324,Xavier Henry,0.0,0.0,2012-13,21,NOH,50,2,625,66,161,62,150,4,11,58,92,21,69,90,13,16,5,31,72,194,.410,.413,.364,.630,.481,.422,G,henryxa01"
"325,Ömer Aşık,0.0,0.0,2017-18,31,NOP,14,0,121,7,16,7,16,0,0,4,12,7,30,37,2,1,2,5,14,18,.438,.438,,.333,.423,.438,C,asikom01"
"326,Elliot Williams,0.0,0.0,2014-15,25,NOP,8,0,77,8,24,5,13,3,11,0,2,0,5,5,8,2,0,0,11,19,.333,.385,.273,.000,.382,.396,G,williel01"
"327,Boštjan Nachbar,0.0,0.0,2005-06,25,NOK,25,13,405,42,124,25,67,17,57,25,36,4,45,49,22,13,5,20,52,126,.339,.373,.298,.694,.451,.407,F,nachbbo01"
"328,Nate Robinson,0.0,0.0,2015-16,31,NOP,2,1,23,0,1,0,0,0,1,0,0,0,0,0,4,1,0,0,5,0,.000,,.000,,.000,.000,G,robinna01"
"329,Pops Mensah-Bonsu,0.0,0.0,2010-11,27,NOH,7,0,35,1,3,1,3,0,0,0,0,3,8,11,2,0,0,2,11,2,.333,.333,,,.333,.333,F,mensapo01"
"330,Chris Andersen,0.0,0.0,2007-08,29,NOH,5,0,34,2,7,2,7,0,0,2,4,2,7,9,0,0,4,1,6,6,.286,.286,,.500,.342,.286,C-F,anderch01"
"331,Omri Casspi,0.0,0.0,2016-17,28,NOP,1,0,24,5,9,3,5,2,4,0,0,1,1,2,0,0,0,2,3,12,.556,.600,.500,,.667,.667,F,casspom01"
"332,Melvin Ely,0.0,0.0,2013-14,35,NOP,2,0,27,3,6,3,6,0,0,0,0,0,1,1,0,0,1,0,5,6,.500,.500,,,.500,.500,C,elyme01"
"333,Henry Sims,0.0,0.0,2012-13,22,NOH,2,0,5,2,3,2,3,0,0,0,0,2,0,2,0,0,0,1,1,4,.667,.667,,,.667,.667,C,simshe01"
"334,Larry Drew II,0.0,0.0,2017-18,27,NOP,7,0,55,6,17,3,11,3,6,0,0,2,0,2,8,0,0,2,4,15,.353,.273,.500,,.441,.441,G,drewla02"
"335,Jason Hart,0.0,0.0,2009-10,31,NOH,4,0,17,1,1,1,1,0,0,0,0,0,2,2,5,1,1,3,4,2,1.000,1.000,,,1.000,1.000,G,hartja01"
"336,Dereon Seabron,0.0,0.0,2022-23,22,NOP,2,0,3,0,0,0,0,0,0,0,0,0,0,0,0,0,0,0,0,0,,,,,,,G,seabrde01"
"337,Josh Childress,0.0,0.0,2013-14,30,NOP,4,0,24,0,0,0,0,0,0,0,0,0,3,3,2,1,0,1,1,0,,,,,,,G-F,childjo01"
"338,Josh Smith,0.0,0.0,2017-18,32,NOP,3,0,12,1,4,1,4,0,0,0,0,3,1,4,0,0,0,0,3,2,.250,.250,,,.250,.250,F,smithjo03"
"339,Arvydas Macijauskas,0.0,0.0,2005-06,26,NOK,19,0,135,14,41,11,29,3,12,13,15,3,7,10,5,7,0,8,10,44,.341,.379,.250,.867,.462,.378,G,macijar01"
"340,George Lynch,0.0,0.0,2004-05,34,NOH,44,27,933,68,189,57,152,11,37,17,23,55,119,174,88,32,12,57,83,164,.360,.375,.297,.739,.412,.389,F,lynchge01"
"341,Carldell Johnson,0.0,0.0,2011-12,29,NOH,15,0,119,11,35,7,20,4,15,1,3,1,8,9,22,8,0,7,11,27,.314,.350,.267,.333,.372,.371,G,johnsca01"
"342,Arinze Onuaku,0.0,0.0,2013-14,26,NOP,3,0,25,1,4,1,4,0,0,1,2,2,5,7,3,0,0,1,3,3,.250,.250,,.500,.307,.250,C,onuakar01"
"343,Darrell Armstrong,0.0,0.0,2004-05,36,NOH,14,9,412,53,159,36,89,17,70,19,21,16,32,48,65,15,2,28,30,142,.333,.404,.243,.905,.422,.387,G,armstda01"
"344,Jason Smith,0.0,0.0,2018-19,32,NOP,2,0,20,2,9,0,2,2,7,2,2,2,2,4,1,0,0,1,3,8,.222,.000,.286,1.000,.405,.333,F-C,smithja02"
"345,Anthony Brown,0.0,0.0,2016-17,24,NOP,9,0,143,14,41,8,17,6,24,0,0,6,20,26,6,5,1,5,13,34,.341,.471,.250,,.415,.415,F-G,brownan02"
"346,Tomáš Satoranský,0.0,0.0,2021-22,30,NOP,32,3,481,32,107,27,76,5,31,19,25,18,46,64,76,14,1,23,33,88,.299,.355,.161,.760,.373,.322,G,satorto01"
"347,Donald Sloan,0.0,0.0,2012-13,25,NOH,3,0,6,0,0,0,0,0,0,0,0,0,0,0,1,0,0,1,0,0,,,,,,,G,sloando01"
"348,Didi Louzada,0.0,0.0,2021-22,22,NOP,2,0,7,0,3,0,0,0,3,0,0,2,0,2,1,0,0,0,0,0,.000,,.000,,.000,.000,G,louzama01"
"349,Brandon Bass,0.0,0.0,2006-07,21,NOK,21,3,162,15,44,15,43,0,1,12,16,13,30,43,3,2,3,10,16,42,.341,.349,.000,.750,.411,.341,F,bassbr01"
"350,Jaxson Hayes,0.0,0.0,2022-23,22,NOP,5,0,37,1,5,1,3,0,2,0,2,1,4,5,3,1,1,1,5,2,.200,.333,.000,.000,.170,.200,F,hayesja02"
"351,Andrew Harrison,0.0,0.0,2018-19,24,NOP,6,0,38,3,12,1,2,2,10,1,2,2,3,5,7,0,0,2,7,9,.250,.500,.200,.500,.349,.333,G,harrian01"
"352,Willy Hernangómez,0.0,0.0,2022-23,28,NOP,3,0,26,5,11,5,9,0,2,2,2,4,8,12,1,1,0,5,3,12,.455,.556,.000,1.000,.505,.455,C,hernawi01"
"353,Maurice Carter,0.0,0.0,2003-04,27,NOH,6,0,60,6,21,3,13,3,8,5,8,2,6,8,2,0,0,3,5,20,.286,.231,.375,.625,.408,.357,G,cartema01"
"354,Mike James,0.0,0.0,2008-09,33,NOH,8,0,74,8,25,5,21,3,4,1,2,1,6,7,8,2,0,3,7,20,.320,.238,.750,.500,.386,.380,G,jamesmi01"
"355,Will Magnay,0.0,0.0,2020-21,22,NOP,1,0,3,0,1,0,0,0,1,0,0,0,0,0,0,0,0,1,1,0,.000,,.000,,.000,.000,C,magnawi01"
"356,Walt Lemon Jr.,-0.1,-0.1,2017-18,25,NOP,5,0,35,7,16,6,15,1,1,2,3,0,2,2,5,0,1,4,5,17,.438,.400,1.000,.667,.491,.469,G,lemonwa01"
"357,Jimmer Fredette,-0.1,-0.1,2015-16,26,NOP,4,0,13,1,4,1,3,0,1,0,0,0,0,0,1,1,0,1,1,2,.250,.333,.000,,.250,.250,G,fredeji01"
"358,Mike James,-0.1,-0.1,2017-18,27,NOP,4,0,18,2,9,2,8,0,1,0,0,1,0,1,6,1,0,1,3,4,.222,.250,.000,,.222,.222,G,jamesmi02"
"359,Solomon Hill,-0.1,-0.1,2017-18,26,NOP,12,1,187,11,41,7,20,4,21,3,6,9,27,36,22,7,1,9,22,29,.268,.350,.190,.500,.332,.317,F,hillso01"
"360,Alex Garcia,-0.1,-0.1,2004-05,24,NOH,8,3,146,18,52,13,34,5,18,3,4,7,8,15,18,4,1,8,15,44,.346,.382,.278,.750,.409,.394,G,garcial01"
"361,Jackson Vroman,-0.1,-0.1,2004-05,23,NOH,36,17,648,76,183,76,180,0,3,44,68,59,103,162,33,22,17,57,94,196,.415,.422,.000,.647,.460,.415,F-C,vromaja01"
"362,Melvin Ely,-0.1,-0.1,2008-09,30,NOH,31,4,373,37,95,37,95,0,0,23,36,30,34,64,18,2,9,23,58,97,.389,.389,,.639,.438,.389,C,elyme01"
"363,Patrick Ewing,-0.1,-0.1,2010-11,26,NOH,7,0,19,0,5,0,3,0,2,3,4,1,1,2,2,0,1,1,1,3,.000,.000,.000,.750,.222,.000,F,ewingpa02"
"364,Ian Clark,-0.1,-0.1,2018-19,27,NOP,60,6,973,151,383,85,181,66,202,33,37,13,76,89,94,22,8,58,95,401,.394,.470,.327,.892,.502,.480,G,clarkia01"
"365,Jeff Foote,-0.1,-0.1,2011-12,24,NOH,4,0,39,2,6,2,6,0,0,0,0,1,5,6,0,0,1,2,5,4,.333,.333,,,.333,.333,C,footeje01"
"366,Sasha Pavlović,-0.1,-0.1,2010-11,27,NOH,4,1,50,2,11,2,6,0,5,0,0,0,6,6,6,0,4,1,4,4,.182,.333,.000,,.182,.182,G-F,pavloal01"
"367,Mike James,-0.1,-0.1,2007-08,32,NOH,21,0,183,22,64,15,41,7,23,6,6,3,14,17,6,4,0,7,12,57,.344,.366,.304,1.000,.428,.398,G,jamesmi01"
"368,Sean Rooks,-0.1,-0.1,2003-04,34,NOH,35,0,325,34,94,34,94,0,0,12,15,10,40,50,11,9,5,15,48,80,.362,.362,,.800,.398,.362,C,rooksse01"
"369,Kendrick Perkins,-0.1,-0.1,2015-16,31,NOP,37,5,542,40,75,40,75,0,0,11,25,25,103,128,31,11,11,41,64,91,.533,.533,,.440,.529,.533,C,perkike01"
"370,Maciej Lampe,-0.1,-0.1,2005-06,20,NOK,2,0,16,0,4,0,4,0,0,0,0,1,3,4,2,0,0,1,2,0,.000,.000,,,.000,.000,C,lampema01"
"371,Sindarius Thornwell,-0.1,-0.1,2020-21,26,NOP,14,1,73,7,21,4,12,3,9,0,2,1,4,5,4,5,1,4,3,17,.333,.333,.333,.000,.388,.405,G,thornsi01"
"372,Tyrone Wallace,-0.1,-0.1,2021-22,27,NOP,6,0,75,7,20,5,12,2,8,1,5,0,8,8,1,3,1,2,7,17,.350,.417,.250,.200,.383,.400,G,wallaty01"
"373,Donald Sloan,-0.1,-0.1,2011-12,24,NOH,3,0,41,5,14,5,12,0,2,2,4,2,1,3,8,2,0,5,2,12,.357,.417,.000,.500,.381,.357,G,sloando01"
"374,Lance Thomas,-0.1,-0.1,2013-14,25,NOP,5,0,42,2,9,2,9,0,0,2,4,2,5,7,3,0,0,2,4,6,.222,.222,,.500,.279,.222,F,thomala01"
"375,Norris Cole,-0.1,-0.1,2015-16,27,NOP,45,23,1198,196,484,163,382,33,102,52,65,10,141,151,167,37,5,75,102,477,.405,.427,.324,.800,.465,.439,G,coleno01"
"376,Josh Gray,-0.1,-0.1,2019-20,26,NOP,2,0,23,1,2,1,2,0,0,0,0,1,1,2,2,0,0,5,1,2,.500,.500,,,.500,.500,G,grayjo01"
"377,Darius Miller,-0.1,-0.1,2014-15,24,NOP,5,1,43,1,7,1,6,0,1,0,0,0,1,1,2,1,0,1,8,2,.143,.167,.000,,.143,.143,F,milleda01"
"378,Didi Louzada,-0.1,-0.1,2020-21,21,NOP,3,0,56,3,13,1,5,2,8,0,0,1,2,3,3,2,0,3,5,8,.231,.200,.250,,.308,.308,G,louzama01"
"379,Kira Lewis Jr.,-0.1,-0.1,2021-22,20,NOP,24,0,341,59,146,46,88,13,58,10,12,9,30,39,49,11,1,26,17,141,.404,.523,.224,.833,.466,.449,G,lewiski01"
"380,Wes Iwundu,-0.1,-0.1,2020-21,26,NOP,18,1,251,17,50,15,32,2,18,14,17,9,37,46,8,6,1,13,23,50,.340,.469,.111,.824,.435,.360,F,iwundwe01"
"381,Nickeil Alexander-Walker,-0.1,-0.1,2021-22,23,NOP,50,19,1317,237,632,142,327,95,305,70,97,36,128,164,139,41,19,85,88,639,.375,.434,.311,.722,.474,.450,G,alexani01"
"382,Stanley Johnson,-0.1,-0.1,2018-19,22,NOP,18,0,247,38,91,27,57,11,34,9,13,9,33,42,28,12,1,26,22,96,.418,.474,.324,.692,.496,.478,F,johnsst04"
"383,Bryce Drew,-0.2,-0.2,2003-04,29,NOH,15,0,78,4,18,3,11,1,7,3,3,0,6,6,13,4,0,8,1,12,.222,.273,.143,1.000,.311,.250,G,drewbr01"
"384,Jerryd Bayless,-0.2,-0.2,2010-11,22,NOH,11,0,149,17,49,14,35,3,14,13,17,2,13,15,28,2,1,17,16,50,.347,.400,.214,.765,.443,.378,G,bayleje01"
"385,Tierre Brown,-0.2,-0.2,2003-04,24,NOH,3,0,17,2,4,2,4,0,0,2,4,0,1,1,2,0,0,7,1,6,.500,.500,,.500,.521,.500,G,brownti01"
"386,Isaiah Thomas,-0.2,-0.2,2020-21,31,NOP,3,0,48,9,27,6,15,3,12,2,2,1,3,4,5,1,0,6,3,23,.333,.400,.250,1.000,.412,.389,G,thomais02"
"387,Bobby Brown,-0.2,-0.2,2009-10,25,NOH,22,0,328,60,152,43,86,17,66,8,8,1,17,18,46,9,1,24,28,145,.395,.500,.258,1.000,.466,.451,G,brownbo02"
"388,Dairis Bertāns,-0.2,-0.2,2018-19,29,NOP,12,0,167,12,47,2,13,10,34,0,0,2,7,9,10,1,0,2,7,34,.255,.154,.294,,.362,.362,G,bertada02"
"389,Charles Cooke,-0.2,-0.2,2017-18,23,NOP,13,0,38,2,14,1,6,1,8,1,2,0,2,2,1,1,0,1,0,6,.143,.167,.125,.500,.202,.179,G,cookech01"
"390,Lonny Baxter,-0.2,-0.2,2004-05,26,NOH,4,0,36,3,11,3,11,0,0,0,2,4,4,8,0,0,0,4,10,6,.273,.273,,.000,.253,.273,F,baxtelo01"
"391,Orlando Johnson,-0.2,-0.2,2015-16,26,NOP,5,1,54,4,17,3,12,1,5,1,2,1,5,6,2,1,0,3,4,10,.235,.250,.200,.500,.280,.265,G,johnsor01"
"392,Gal Mekel,-0.2,-0.2,2014-15,26,NOP,4,0,43,3,20,3,17,0,3,0,0,0,1,1,13,2,0,2,1,6,.150,.176,.000,,.150,.150,G,mekelga01"
"393,Nate Wolters,-0.2,-0.2,2014-15,23,NOP,10,0,105,8,26,8,24,0,2,1,2,6,12,18,11,3,2,10,7,17,.308,.333,.000,.500,.316,.308,G,woltena01"
"394,Desmond Mason,-0.2,-0.2,2005-06,28,NOK,70,55,2102,275,690,274,684,1,6,206,302,64,234,298,66,42,17,113,136,757,.399,.401,.167,.682,.460,.399,F,masonde01"
"395,Nickeil Alexander-Walker,-0.2,-0.2,2019-20,21,NOP,47,1,591,98,266,52,133,46,133,25,37,9,75,84,89,17,8,54,57,267,.368,.391,.346,.676,.473,.455,G,alexani01"
"396,Russ Smith,-0.3,-0.3,2014-15,23,NOP,6,0,29,2,10,1,4,1,6,0,0,0,3,3,2,0,0,7,6,5,.200,.250,.167,,.250,.250,G,smithru01"
"397,Junior Harrington,-0.3,-0.3,2004-05,24,NOH,29,7,550,64,178,58,159,6,19,29,35,13,50,63,62,25,5,41,72,163,.360,.365,.316,.829,.421,.376,G,harriju01"
"398,Kirk Haston,-0.4,-0.4,2002-03,23,NOH,12,0,57,2,17,2,14,0,3,2,4,0,7,7,3,0,5,7,10,6,.118,.143,.000,.500,.160,.118,F,hastoki01"
"399,Matt Freije,-0.5,-0.5,2004-05,23,NOH,23,11,441,37,127,23,73,14,54,5,8,16,45,61,20,13,2,17,40,93,.291,.315,.259,.625,.356,.346,F,freijma01"
"400,Terrel Harris,-0.6,-0.6,2012-13,25,NOH,13,0,108,2,19,2,12,0,7,1,2,0,17,17,7,2,3,13,14,5,.105,.167,.000,.500,.126,.105,G,harrite01"
"401,Rodney Rogers,-0.6,-0.6,2004-05,33,NOH,30,26,882,109,289,84,197,25,92,32,42,28,114,142,60,19,12,66,103,275,.377,.426,.272,.762,.447,.420,F,rogerro01"
"402,Austin Rivers,-1.1,-1.1,2012-13,20,NOH,61,26,1418,145,390,117,304,28,86,59,108,16,93,109,127,26,9,74,122,377,.372,.385,.326,.546,.431,.408,G,riverau01"