"1,Vince Carter,12.9,12.9,2000-01,24,TOR,75,75,2979,762,1656,600,1259,162,397,384,502,176,240,416,291,114,82,167,205,2070,.460,.477,.408,.765,.551,.509,G-F,cartevi01"
"2,Vince Carter,11.8,11.8,1999-00,23,TOR,82,82,3126,788,1696,693,1460,95,236,436,551,150,326,476,322,110,92,178,263,2107,.465,.475,.403,.791,.543,.493,G-F,cartevi01"
"3,Kyle Lowry,11.7,11.7,2013-14,27,TOR,79,79,2862,457,1080,267,580,190,500,313,385,88,281,369,586,121,15,194,267,1417,.423,.460,.380,.813,.567,.511,G,lowryky01"
"4,Kyle Lowry,11.6,11.6,2015-16,29,TOR,77,77,2851,512,1198,300,651,212,547,398,491,55,310,365,494,158,34,225,211,1634,.427,.461,.388,.811,.578,.516,G,lowryky01"
"5,José Calderón,10.2,10.2,2007-08,26,TOR,82,56,2484,367,707,288,523,79,184,109,120,34,202,236,678,87,6,126,134,922,.519,.551,.429,.908,.607,.575,G,caldejo01"
"6,Kyle Lowry,10.2,10.2,2017-18,31,TOR,78,78,2510,403,944,165,348,238,596,223,261,66,368,434,537,85,19,183,192,1267,.427,.474,.399,.854,.598,.553,G,lowryky01"
"7,Chris Bosh,10.1,10.1,2007-08,23,TOR,67,67,2425,507,1027,497,1002,10,25,472,559,174,409,583,171,63,67,153,157,1496,.494,.496,.400,.844,.588,.499,F-C,boshch01"
"8,Kyle Lowry,10.1,10.1,2016-17,30,TOR,60,60,2244,426,918,233,450,193,468,299,365,48,238,286,417,88,19,173,170,1344,.464,.518,.412,.819,.623,.569,G,lowryky01"
"9,DeMar DeRozan,9.9,9.9,2015-16,26,TOR,78,78,2804,614,1377,567,1238,47,139,555,653,64,285,349,315,81,21,175,167,1830,.446,.458,.338,.850,.550,.463,G-F,derozde01"
"10,Chris Bosh,9.8,9.8,2005-06,21,TOR,70,70,2751,549,1087,549,1074,0,13,474,581,204,443,647,181,50,79,157,209,1572,.505,.511,.000,.816,.585,.505,F-C,boshch01"
"11,Donyell Marshall,9.8,9.8,2003-04,30,TOR,66,66,2580,413,884,293,586,120,298,120,162,182,527,709,94,80,104,95,200,1066,.467,.500,.403,.741,.558,.535,F,marshdo01"
"12,Chris Bosh,9.7,9.7,2008-09,24,TOR,77,77,2928,615,1263,603,1214,12,49,504,617,215,556,771,191,67,77,174,189,1746,.487,.497,.245,.817,.569,.492,F-C,boshch01"
"13,Chris Bosh,9.6,9.6,2006-07,22,TOR,69,69,2658,543,1094,531,1059,12,35,463,590,186,555,741,175,39,90,179,163,1561,.496,.501,.343,.785,.577,.502,F-C,boshch01"
"14,DeMar DeRozan,9.6,9.6,2017-18,28,TOR,80,80,2711,645,1413,556,1126,89,287,461,559,59,256,315,417,85,22,175,151,1840,.456,.494,.310,.825,.555,.488,G-F,derozde01"
"15,Chris Bosh,9.6,9.6,2009-10,25,TOR,70,70,2526,600,1158,592,1136,8,22,470,590,205,554,759,166,43,68,169,170,1678,.518,.521,.364,.797,.592,.522,F-C,boshch01"
"16,Kawhi Leonard,9.5,9.5,2018-19,27,TOR,60,60,2040,560,1129,448,827,112,302,364,426,78,361,439,199,106,24,121,87,1596,.496,.542,.371,.854,.606,.546,F,leonaka01"
"17,Pascal Siakam,9.3,9.3,2018-19,24,TOR,80,79,2548,519,945,440,731,79,214,237,302,124,425,549,248,73,52,154,241,1354,.549,.602,.369,.785,.628,.591,F,siakapa01"
"18,DeMar DeRozan,9.0,9.0,2016-17,27,TOR,74,74,2620,721,1545,688,1421,33,124,545,647,70,316,386,290,78,13,180,134,2020,.467,.484,.266,.842,.552,.477,G-F,derozde01"
"19,DeMar DeRozan,8.8,8.8,2013-14,24,TOR,79,79,3017,604,1407,540,1197,64,210,519,630,51,292,343,313,86,28,176,197,1791,.429,.451,.305,.824,.532,.452,G-F,derozde01"
"20,Jonas Valančiūnas,8.2,8.2,2014-15,22,TOR,80,80,2096,373,652,373,651,0,1,217,276,215,478,693,39,33,95,109,222,963,.572,.573,.000,.786,.623,.572,C,valanjo01"
"21,Pascal Siakam,8.1,8.1,2021-22,27,TOR,68,68,2578,596,1207,521,989,75,218,284,379,128,452,580,360,85,42,181,225,1551,.494,.527,.344,.749,.565,.525,F,siakapa01"
"22,Jonas Valančiūnas,7.9,7.9,2016-17,24,TOR,80,80,2066,391,702,390,700,1,2,176,217,226,533,759,57,37,63,106,216,959,.557,.557,.500,.811,.601,.558,C,valanjo01"
"23,Damon Stoudamire,7.6,7.6,1996-97,23,TOR,81,81,3311,564,1407,388,911,176,496,330,401,86,244,330,709,123,13,288,162,1634,.401,.426,.355,.823,.516,.463,G,stoudda01"
"24,Mike James,7.6,7.6,2005-06,30,TOR,79,79,2925,576,1228,407,846,169,382,283,338,45,217,262,460,72,3,206,214,1604,.469,.481,.442,.837,.583,.538,G,jamesmi01"
"25,Jonas Valančiūnas,7.6,7.6,2017-18,25,TOR,77,77,1727,390,687,360,613,30,74,170,211,183,477,660,81,29,69,115,192,980,.568,.587,.405,.806,.628,.590,C,valanjo01"
"26,José Calderón,7.5,7.5,2008-09,27,TOR,68,68,2333,320,644,238,442,82,202,151,154,16,178,194,607,74,7,143,114,873,.497,.538,.406,.981,.613,.561,G,caldejo01"
"27,Kyle Lowry,7.5,7.5,2019-20,33,TOR,58,58,2098,334,803,170,337,164,466,294,343,32,260,292,433,82,26,178,190,1126,.416,.504,.352,.857,.590,.518,G,lowryky01"
"28,Amir Johnson,7.3,7.3,2012-13,25,TOR,81,38,2325,336,606,331,593,5,13,136,187,227,384,611,122,81,110,117,301,813,.554,.558,.385,.727,.591,.559,F-C,johnsam01"
"29,Antonio Davis,7.2,7.2,2000-01,32,TOR,78,77,2729,375,866,375,865,0,1,319,423,274,513,787,106,22,151,135,230,1069,.433,.434,.000,.754,.508,.433,F-C,davisan01"
"30,Kyle Lowry,7.1,7.1,2014-15,28,TOR,70,70,2414,430,1043,298,652,132,391,252,312,54,274,328,473,109,13,173,212,1244,.412,.457,.338,.808,.527,.476,G,lowryky01"
"31,Vince Carter,7.0,7.0,2001-02,25,TOR,60,60,2385,559,1307,438,994,121,313,245,307,138,175,313,239,94,43,154,191,1484,.428,.441,.387,.798,.515,.474,G-F,cartevi01"
"32,Doug Christie,7.0,7.0,1996-97,26,TOR,81,81,3127,396,949,249,566,147,383,237,306,85,347,432,315,201,45,200,245,1176,.417,.440,.384,.775,.543,.495,G-F,chrisdo01"
"33,Jonas Valančiūnas,6.9,6.9,2015-16,23,TOR,60,59,1557,303,536,303,536,0,0,162,213,184,363,547,42,25,80,85,158,768,.565,.565,,.761,.610,.565,C,valanjo01"
"34,Chris Bosh,6.8,6.8,2004-05,20,TOR,81,81,3017,473,1005,470,995,3,10,412,542,194,524,718,153,76,113,187,226,1361,.471,.472,.300,.760,.547,.472,F-C,boshch01"
"35,Fred VanVleet,6.7,6.7,2021-22,27,TOR,65,65,2462,442,1097,200,455,242,642,194,222,44,245,289,434,111,35,170,162,1320,.403,.440,.377,.874,.552,.513,G,vanvlfr01"
"36,Jonas Valančiūnas,6.7,6.7,2013-14,21,TOR,81,81,2282,359,676,359,675,0,1,198,260,226,488,714,57,24,71,136,249,916,.531,.532,.000,.762,.579,.531,C,valanjo01"
"37,Scottie Barnes,6.6,6.6,2021-22,20,TOR,74,74,2617,459,932,401,739,58,193,158,215,195,362,557,256,80,55,136,192,1134,.492,.543,.301,.735,.552,.524,G-F,barnesc01"
"38,Kyle Lowry,6.6,6.6,2018-19,32,TOR,65,65,2213,304,739,147,286,157,453,161,194,41,271,312,564,91,31,182,166,926,.411,.514,.347,.830,.562,.518,G,lowryky01"
"39,Tracy McGrady,6.6,6.6,1999-00,20,TOR,79,34,2462,459,1018,441,953,18,65,277,392,188,313,501,263,90,151,160,201,1213,.451,.463,.277,.707,.509,.460,F-G,mcgratr01"
"40,Lou Williams,6.6,6.6,2014-15,28,TOR,80,0,2016,375,928,223,481,152,447,340,395,24,127,151,164,88,10,101,103,1242,.404,.464,.340,.861,.564,.486,G,willilo02"
"41,Antonio Davis,6.5,6.5,2001-02,33,TOR,77,77,2978,410,963,410,962,0,1,293,358,254,486,740,155,54,83,159,225,1113,.426,.426,.000,.818,.497,.426,F-C,davisan01"
"42,Anthony Parker,6.5,6.5,2006-07,31,TOR,73,73,2437,328,687,213,426,115,261,132,158,60,223,283,153,73,11,71,135,903,.477,.500,.441,.835,.597,.561,G,parkean01"
"43,Amir Johnson,6.3,6.3,2013-14,26,TOR,77,72,2214,344,612,324,546,20,66,91,143,172,333,505,115,56,88,123,271,799,.562,.593,.303,.636,.592,.578,F-C,johnsam01"
"44,Chris Bosh,6.2,6.2,2003-04,19,TOR,75,63,2510,327,712,322,698,5,14,202,288,191,366,557,78,59,106,107,215,861,.459,.461,.357,.701,.513,.463,F-C,boshch01"
"45,Anthony Parker,6.2,6.2,2007-08,32,TOR,82,82,2634,395,829,262,525,133,304,102,125,50,284,334,183,79,17,87,157,1025,.476,.499,.438,.816,.580,.557,G,parkean01"
"46,Patrick Patterson,6.1,6.1,2014-15,25,TOR,81,4,2156,240,535,135,252,105,283,63,80,127,306,433,155,60,44,54,149,648,.449,.536,.371,.788,.568,.547,F,pattepa01"
"47,Serge Ibaka,6.1,6.1,2018-19,29,TOR,74,51,2010,464,877,415,708,49,169,135,177,156,445,601,99,29,103,114,211,1112,.529,.586,.290,.763,.582,.557,F-C,ibakase01"
"48,Antonio Davis,6.1,6.1,1999-00,31,TOR,79,78,2479,313,712,313,712,0,0,284,371,235,461,696,105,38,100,121,267,910,.440,.440,,.765,.520,.440,F-C,davisan01"
"49,Chris Boucher,6.1,6.1,2020-21,28,TOR,60,14,1453,288,560,198,325,90,235,152,193,117,287,404,63,35,111,46,166,818,.514,.609,.383,.788,.634,.595,F,bouchch01"
"50,Donyell Marshall,6.0,6.0,2004-05,31,TOR,65,2,1645,262,592,111,229,151,363,72,91,95,333,428,81,57,46,42,136,747,.443,.485,.416,.791,.591,.570,F,marshdo01"
"51,Vince Carter,6.0,6.0,2003-04,27,TOR,73,73,2785,608,1457,515,1214,93,243,336,417,95,254,349,348,88,65,223,212,1645,.417,.424,.383,.806,.501,.449,G-F,cartevi01"
"52,Chris Boucher,6.0,6.0,2021-22,29,TOR,80,9,1690,268,577,200,348,68,229,150,193,179,315,494,25,49,75,42,174,754,.464,.575,.297,.777,.570,.523,F,bouchch01"
"53,Danny Green,5.9,5.9,2018-19,31,TOR,80,80,2216,293,630,95,195,198,435,37,44,60,257,317,126,73,53,75,171,821,.465,.487,.455,.841,.632,.622,G-F,greenda02"
"54,Bismack Biyombo,5.9,5.9,2015-16,23,TOR,82,22,1808,156,288,156,287,0,1,142,226,182,473,655,29,19,133,71,225,454,.542,.544,.000,.628,.586,.542,C-F,biyombi01"
"55,Morris Peterson,5.9,5.9,2005-06,28,TOR,82,77,3140,478,1096,301,648,177,448,241,294,65,316,381,190,104,15,126,223,1374,.436,.465,.395,.820,.561,.517,F,petermo01"
"56,Fred VanVleet,5.8,5.8,2019-20,25,TOR,54,54,1928,319,773,173,399,146,374,168,198,18,185,203,357,100,17,121,132,952,.413,.434,.390,.848,.553,.507,G,vanvlfr01"
"57,OG Anunoby,5.7,5.7,2019-20,22,TOR,69,68,2066,286,566,197,338,89,228,72,102,80,284,364,108,96,45,79,167,733,.505,.583,.390,.706,.600,.584,F,anunoog01"
"58,Jamario Moon,5.7,5.7,2007-08,27,TOR,78,75,2166,279,575,239,453,40,122,63,85,92,392,484,90,80,108,51,152,661,.485,.528,.328,.741,.540,.520,F,moonja01"
"59,Amir Johnson,5.6,5.6,2010-11,23,TOR,72,54,1853,281,495,281,494,0,1,126,160,189,272,461,81,53,88,69,263,688,.568,.569,.000,.788,.608,.568,F-C,johnsam01"
"60,Gary Trent Jr.,5.6,5.6,2021-22,23,TOR,70,69,2448,450,1086,241,541,209,545,174,204,26,165,191,141,122,19,73,144,1283,.414,.445,.383,.853,.546,.511,G,trentga02"
"61,Kyle Lowry,5.6,5.6,2012-13,26,TOR,68,52,2020,250,623,149,344,101,279,190,239,56,265,321,435,94,24,157,218,791,.401,.433,.362,.795,.543,.482,G,lowryky01"
"62,Jakob Poeltl,5.6,5.6,2017-18,22,TOR,82,0,1524,253,384,252,382,1,2,60,101,165,228,393,57,39,100,85,212,567,.659,.660,.500,.594,.662,.660,C,poeltja01"
"63,Rafer Alston,5.5,5.5,2004-05,28,TOR,80,78,2717,403,974,264,585,139,389,191,258,42,237,279,514,118,7,170,212,1136,.414,.451,.357,.740,.522,.485,G,alstora01"
"64,Alvin Williams,5.5,5.5,2002-03,28,TOR,78,78,2638,396,905,348,759,48,146,187,239,55,190,245,416,111,21,128,170,1027,.438,.458,.329,.782,.508,.464,G,willial02"
"65,Alvin Williams,5.4,5.4,2000-01,26,TOR,82,34,2394,330,767,297,659,33,108,109,145,50,162,212,407,123,26,103,171,802,.430,.451,.306,.752,.483,.452,G,willial02"
"66,José Calderón,5.4,5.4,2006-07,25,TOR,77,11,1614,263,505,238,430,25,75,117,143,21,113,134,387,63,5,110,136,668,.521,.553,.333,.818,.588,.546,G,caldejo01"
"67,Pascal Siakam,5.4,5.4,2019-20,25,TOR,60,60,2110,500,1104,369,739,131,365,240,303,64,375,439,207,61,53,148,170,1371,.453,.499,.359,.792,.554,.512,F,siakapa01"
"68,Walt Williams,5.4,5.4,1996-97,26,TOR,73,73,2647,419,982,244,545,175,437,186,243,103,264,367,197,97,62,174,282,1199,.427,.448,.400,.765,.551,.516,F-G,williwa02"
"69,Jerome Williams,5.4,5.4,2002-03,29,TOR,71,63,2346,267,535,266,529,1,6,156,281,231,419,650,95,116,26,98,197,691,.499,.503,.167,.555,.525,.500,F,willije01"
"70,Keon Clark,5.3,5.3,2001-02,26,TOR,81,31,2185,380,775,380,770,0,5,155,230,182,421,603,88,58,122,140,258,915,.490,.494,.000,.674,.522,.490,F-C,clarkke01"
"71,Alvin Williams,5.2,5.2,2001-02,27,TOR,82,82,2927,403,971,341,778,62,193,103,140,58,223,281,468,135,26,150,191,971,.415,.438,.321,.736,.470,.447,G,willial02"
"72,Morris Peterson,5.1,5.1,2004-05,27,TOR,82,61,2510,356,848,227,513,129,335,188,226,71,269,340,169,91,18,93,219,1029,.420,.442,.385,.832,.543,.496,F,petermo01"
"73,Serge Ibaka,5.1,5.1,2017-18,28,TOR,76,76,2093,379,784,272,487,107,297,94,118,78,400,478,62,29,99,90,209,959,.483,.559,.360,.797,.574,.552,F-C,ibakase01"
"74,José Calderón,5.1,5.1,2011-12,30,TOR,53,53,1799,218,477,159,318,59,159,60,68,19,141,160,468,47,3,104,94,555,.457,.500,.371,.882,.547,.519,G,caldejo01"
"75,Amir Johnson,5.1,5.1,2014-15,27,TOR,75,72,1979,298,519,279,473,19,46,79,129,159,297,456,117,44,59,110,225,694,.574,.590,.413,.612,.603,.592,F-C,johnsam01"
"76,Doug Christie,5.1,5.1,1999-00,29,TOR,73,73,2264,311,764,212,489,99,275,182,216,63,222,285,321,102,43,144,167,903,.407,.434,.360,.843,.526,.472,G-F,chrisdo01"
"77,Jerome Williams,5.0,5.0,2001-02,28,TOR,68,32,1641,190,388,190,388,0,0,138,204,165,221,386,75,78,25,68,153,518,.490,.490,,.676,.542,.490,F,willije01"
"78,Vince Carter,5.0,5.0,1998-99,22,TOR,50,49,1760,345,766,326,700,19,66,204,268,94,189,283,149,55,77,110,140,913,.450,.466,.288,.761,.516,.463,G-F,cartevi01"
"79,Morris Peterson,4.9,4.9,2001-02,24,TOR,63,56,1988,336,768,252,537,84,231,127,169,91,132,223,153,73,11,86,174,883,.438,.469,.364,.751,.524,.492,F,petermo01"
"80,Morris Peterson,4.9,4.9,2003-04,26,TOR,82,29,2148,238,587,112,247,126,340,76,94,35,226,261,113,88,14,69,206,678,.405,.453,.371,.809,.539,.513,F,petermo01"
"81,Tracy Murray,4.9,4.9,1995-96,24,TOR,82,37,2458,496,1092,345,734,151,358,182,219,114,238,352,131,87,40,132,208,1325,.454,.470,.422,.831,.557,.523,F,murratr01"
"82,Jalen Rose,4.8,4.8,2004-05,32,TOR,81,65,2710,527,1159,419,885,108,274,333,390,44,232,276,209,63,10,180,190,1495,.455,.473,.394,.854,.562,.501,G-F,roseja01"
"83,Jarrett Jack,4.8,4.8,2009-10,26,TOR,82,43,2243,323,671,241,472,82,199,203,241,30,192,222,413,60,6,163,151,931,.481,.511,.412,.842,.599,.542,G,jackja01"
"84,Fred VanVleet,4.7,4.7,2017-18,23,TOR,76,0,1520,232,545,124,284,108,261,84,101,25,159,184,243,68,19,74,130,656,.426,.437,.414,.832,.556,.525,G,vanvlfr01"
"85,Mark Jackson,4.7,4.7,2000-01,35,TOR,54,54,1802,170,403,113,238,57,165,64,76,42,143,185,498,63,7,117,83,461,.422,.475,.345,.842,.528,.493,G,jacksma01"
"86,DeMar DeRozan,4.7,4.7,2012-13,23,TOR,82,82,3013,548,1231,514,1111,34,120,355,427,48,272,320,204,76,24,151,173,1485,.445,.463,.283,.831,.523,.459,G-F,derozde01"
"87,Pascal Siakam,4.7,4.7,2017-18,23,TOR,81,5,1679,253,498,224,366,29,132,54,87,79,285,364,159,62,42,67,166,589,.508,.612,.220,.621,.549,.537,F,siakapa01"
"88,Norman Powell,4.6,4.6,2019-20,26,TOR,52,26,1479,296,598,187,325,109,273,129,153,26,164,190,91,60,21,77,108,830,.495,.575,.399,.843,.624,.586,G,powelno01"
"89,Amir Johnson,4.5,4.5,2009-10,22,TOR,82,5,1453,208,334,208,330,0,4,95,149,154,241,395,48,44,66,63,255,511,.623,.630,.000,.638,.639,.623,F-C,johnsam01"
"90,Delon Wright,4.5,4.5,2017-18,25,TOR,69,4,1433,201,432,145,279,56,153,97,117,45,153,198,200,72,33,78,81,555,.465,.520,.366,.829,.574,.530,G,wrighde01"
"91,José Calderón,4.4,4.4,2012-13,31,TOR,45,30,1273,187,398,108,214,79,184,47,52,14,92,106,333,28,6,75,58,500,.470,.505,.429,.904,.594,.569,G,caldejo01"
"92,Fred VanVleet,4.3,4.3,2018-19,24,TOR,64,28,1760,246,600,134,304,112,296,97,115,21,146,167,307,57,20,82,110,701,.410,.441,.378,.843,.539,.503,G,vanvlfr01"
"93,T.J. Ford,4.3,4.3,2006-07,23,TOR,75,71,2243,393,902,372,833,21,69,240,293,53,183,236,595,101,8,231,186,1047,.436,.447,.304,.819,.508,.447,G,fordtj01"
"94,Damon Stoudamire,4.3,4.3,1995-96,22,TOR,70,70,2865,481,1129,348,792,133,337,236,296,59,222,281,653,98,19,267,166,1331,.426,.439,.395,.797,.528,.485,G,stoudda01"
"95,Fred VanVleet,4.3,4.3,2020-21,26,TOR,52,52,1899,338,870,164,394,174,476,169,191,32,188,220,328,87,37,95,119,1019,.389,.416,.366,.885,.534,.489,G,vanvlfr01"
"96,Terrence Ross,4.2,4.2,2013-14,22,TOR,81,62,2159,318,751,157,343,161,408,82,98,43,209,252,79,64,27,88,183,879,.423,.458,.395,.837,.553,.531,F-G,rosste01"
"97,Pascal Siakam,4.2,4.2,2020-21,26,TOR,56,56,2006,437,961,364,715,73,246,249,301,95,310,405,250,64,37,130,174,1196,.455,.509,.297,.827,.547,.493,F,siakapa01"
"98,Matt Bonner,4.2,4.2,2004-05,24,TOR,82,0,1553,247,463,208,371,39,92,56,71,108,177,285,48,39,19,40,220,589,.533,.561,.424,.789,.596,.576,F,bonnema01"
"99,José Calderón,4.2,4.2,2009-10,28,TOR,68,39,1817,274,568,206,397,68,171,83,104,23,119,142,404,47,7,99,135,699,.482,.519,.398,.798,.569,.542,G,caldejo01"
"100,Popeye Jones,4.2,4.2,1996-97,26,TOR,79,61,2421,258,537,257,524,1,13,99,121,270,410,680,84,58,39,116,269,616,.480,.490,.077,.818,.522,.481,F,jonespo01"
"101,Andrea Bargnani,4.2,4.2,2009-10,24,TOR,80,80,2799,537,1143,416,818,121,325,181,234,105,388,493,93,25,111,120,215,1376,.470,.509,.372,.774,.552,.523,F-C,bargnan01"
"102,Vince Carter,4.2,4.2,2002-03,26,TOR,43,42,1471,355,760,310,629,45,131,129,160,59,129,188,143,48,41,74,121,884,.467,.493,.344,.806,.532,.497,G-F,cartevi01"
"103,Doug Christie,4.2,4.2,1998-99,28,TOR,50,50,1768,252,650,203,489,49,161,207,246,59,148,207,187,113,26,119,111,760,.388,.415,.304,.841,.501,.425,G-F,chrisdo01"
"104,Kyle Lowry,4.1,4.1,2020-21,34,TOR,46,46,1601,260,596,129,265,131,331,140,160,35,212,247,338,45,14,126,143,791,.436,.487,.396,.875,.593,.546,G,lowryky01"
"105,Rasho Nesterović,4.1,4.1,2006-07,30,TOR,80,73,1676,230,421,230,420,0,1,34,50,115,245,360,74,37,84,56,193,494,.546,.548,.000,.680,.558,.546,C,nestera01"
"106,James Johnson,4.1,4.1,2014-15,27,TOR,70,17,1370,238,404,227,353,11,51,67,102,61,196,257,95,54,70,79,155,554,.589,.643,.216,.657,.617,.603,F,johnsja01"
"107,Matt Bonner,4.1,4.1,2005-06,25,TOR,78,6,1710,209,467,107,224,102,243,63,76,86,198,284,56,49,31,32,216,583,.448,.478,.420,.829,.582,.557,F,bonnema01"
"108,Carlos Rogers,4.0,4.0,1996-97,25,TOR,56,3,1397,212,404,187,338,25,66,102,170,120,184,304,37,42,69,53,140,551,.525,.553,.379,.600,.575,.556,C-F,rogerca01"
"109,Doug Christie,4.0,4.0,1997-98,27,TOR,78,78,2939,458,1071,358,764,100,307,271,327,94,310,404,282,190,57,228,198,1287,.428,.469,.326,.829,.530,.474,G-F,chrisdo01"
"110,Carlos Delfino,4.0,4.0,2007-08,25,TOR,82,0,1928,251,632,131,318,120,314,116,156,66,293,359,145,69,11,75,177,738,.397,.412,.382,.744,.527,.492,G,delfica01"
"111,Ed Davis,4.0,4.0,2010-11,21,TOR,65,17,1602,215,373,215,373,0,0,71,128,168,294,462,40,39,67,48,183,501,.576,.576,,.555,.583,.576,F,davised01"
"112,Amir Johnson,4.0,4.0,2011-12,24,TOR,64,43,1553,196,340,194,335,2,5,58,84,149,259,408,79,33,69,94,209,452,.576,.579,.400,.690,.600,.579,F-C,johnsam01"
"113,DeMar DeRozan,4.0,4.0,2014-15,25,TOR,60,60,2100,409,990,384,902,25,88,361,434,41,236,277,210,73,11,137,122,1204,.413,.426,.284,.832,.510,.426,G-F,derozde01"
"114,Jonas Valančiūnas,3.9,3.9,2012-13,20,TOR,62,57,1482,204,366,204,366,0,0,146,185,121,251,372,45,17,78,94,188,554,.557,.557,,.789,.619,.557,C,valanjo01"
"115,Charlie Villanueva,3.9,3.9,2005-06,21,TOR,81,36,2361,435,940,365,726,70,214,113,160,181,340,521,88,60,63,99,247,1053,.463,.503,.327,.706,.521,.500,F,villach01"
"116,Serge Ibaka,3.9,3.9,2019-20,30,TOR,55,27,1485,343,670,273,488,70,182,89,124,114,338,452,77,28,46,109,153,845,.512,.559,.385,.718,.583,.564,F-C,ibakase01"
"117,Rasho Nesterović,3.9,3.9,2007-08,31,TOR,71,39,1486,257,467,256,464,1,3,37,49,130,212,342,82,20,52,60,132,552,.550,.552,.333,.755,.565,.551,C,nestera01"
"118,Andrea Bargnani,3.9,3.9,2008-09,23,TOR,78,59,2453,431,958,312,667,119,291,221,266,70,346,416,94,34,97,135,242,1202,.450,.468,.409,.831,.559,.512,F-C,bargnan01"
"119,Ed Davis,3.9,3.9,2011-12,22,TOR,66,9,1534,172,335,172,334,0,1,71,106,134,304,438,60,40,63,67,156,415,.513,.515,.000,.670,.544,.513,F,davised01"
"120,Chris Boucher,3.8,3.8,2019-20,27,TOR,62,0,819,141,299,103,181,38,118,91,116,107,170,277,26,22,61,28,114,411,.472,.569,.322,.784,.587,.535,F,bouchch01"
"121,DeMarre Carroll,3.8,3.8,2016-17,30,TOR,72,72,1882,220,550,111,230,109,320,89,117,63,212,275,74,81,27,54,143,638,.400,.483,.341,.761,.530,.499,F,carrode01"
"122,Oliver Miller,3.8,3.8,1995-96,25,TOR,76,72,2516,418,795,418,784,0,11,146,221,177,385,562,219,108,143,202,277,982,.526,.533,.000,.661,.550,.526,C,milleol01"
"123,Marcus Camby,3.7,3.7,1996-97,22,TOR,63,38,1897,375,778,373,764,2,14,183,264,131,263,394,97,66,130,134,214,935,.482,.488,.143,.693,.523,.483,C-F,cambyma01"
"124,OG Anunoby,3.7,3.7,2021-22,24,TOR,48,48,1728,309,697,194,380,115,317,89,118,74,190,264,125,71,25,80,131,822,.443,.511,.363,.754,.549,.526,F,anunoog01"
"125,Charles Oakley,3.7,3.7,2000-01,37,TOR,78,77,2767,305,786,294,737,11,49,127,152,142,599,741,264,76,48,139,258,748,.388,.399,.224,.836,.439,.395,F-C,oaklech01"
"126,Lucas Nogueira,3.7,3.7,2016-17,24,TOR,57,6,1088,103,156,100,144,3,12,44,67,82,162,244,42,52,89,46,137,253,.660,.694,.250,.657,.682,.670,C,noguelu01"
"127,José Calderón,3.7,3.7,2010-11,29,TOR,68,55,2102,262,596,205,440,57,156,88,103,30,172,202,605,81,7,148,143,669,.440,.466,.365,.854,.522,.487,G,caldejo01"
"128,Muggsy Bogues,3.7,3.7,1999-00,35,TOR,80,5,1731,157,358,140,307,17,51,79,87,25,110,135,299,65,4,59,119,410,.439,.456,.333,.908,.517,.462,G,boguemu01"
"129,Terrence Ross,3.6,3.6,2015-16,24,TOR,73,7,1747,270,626,139,287,131,339,49,62,21,164,185,56,54,25,46,120,720,.431,.484,.386,.790,.551,.536,F-G,rosste01"
"130,Morris Peterson,3.6,3.6,2000-01,23,TOR,80,49,1809,290,673,227,508,63,165,104,145,112,147,259,105,63,20,78,164,747,.431,.447,.382,.717,.507,.478,F,petermo01"
"131,Patrick Patterson,3.6,3.6,2015-16,26,TOR,79,0,2020,204,493,98,200,106,293,29,34,77,265,342,94,53,32,65,128,543,.414,.490,.362,.853,.534,.521,F,pattepa01"
"132,Cory Joseph,3.5,3.5,2015-16,24,TOR,80,4,2046,257,585,227,475,30,110,133,174,39,171,210,250,63,20,102,131,677,.439,.478,.273,.764,.512,.465,G,josepco01"
"133,Anthony Parker,3.4,3.4,2008-09,33,TOR,80,71,2637,321,754,227,513,94,241,121,145,45,272,317,269,100,15,114,145,857,.426,.442,.390,.834,.524,.488,G,parkean01"
"134,Tyler Hansbrough,3.4,3.4,2014-15,29,TOR,74,8,1058,86,165,85,158,1,7,97,139,106,159,265,21,30,15,20,141,270,.521,.538,.143,.698,.597,.524,F,hansbty01"
"135,Rondae Hollis-Jefferson,3.4,3.4,2019-20,25,TOR,60,6,1122,155,329,152,306,3,23,105,143,110,173,283,106,46,23,59,115,418,.471,.497,.130,.734,.533,.476,F,holliro01"
"136,Patrick Patterson,3.4,3.4,2013-14,24,TOR,48,7,1118,175,367,129,255,46,112,41,55,83,160,243,63,42,34,49,120,437,.477,.506,.411,.745,.559,.540,F,pattepa01"
"137,Jamario Moon,3.4,3.4,2008-09,28,TOR,54,39,1379,150,317,112,207,38,110,55,65,48,201,249,70,65,44,31,85,393,.473,.541,.345,.846,.569,.533,F,moonja01"
"138,Cory Joseph,3.4,3.4,2016-17,25,TOR,80,22,2003,299,661,251,526,48,135,94,122,51,184,235,265,66,13,108,140,740,.452,.477,.356,.770,.518,.489,G,josepco01"
"139,Hedo Türkoğlu,3.4,3.4,2009-10,30,TOR,74,69,2272,276,674,168,385,108,289,175,226,42,301,343,304,55,32,125,220,835,.409,.436,.374,.774,.540,.490,F,turkohe01"
"140,Patrick Patterson,3.3,3.3,2016-17,27,TOR,65,8,1599,154,384,60,131,94,253,43,60,62,231,293,76,40,23,38,120,445,.401,.458,.372,.717,.542,.523,F,pattepa01"
"141,Luis Scola,3.3,3.3,2015-16,35,TOR,76,76,1636,269,598,204,437,65,161,61,84,84,276,360,66,46,27,68,178,664,.450,.467,.404,.726,.523,.504,F,scolalu01"
"142,Ed Davis,3.3,3.3,2012-13,23,TOR,45,24,1087,186,339,186,339,0,0,66,102,95,205,300,55,25,38,45,111,438,.549,.549,,.647,.570,.549,F,davised01"
"143,Tracy McGrady,3.3,3.3,1998-99,19,TOR,49,2,1106,168,385,160,350,8,35,114,157,120,158,278,113,52,66,80,94,458,.436,.457,.229,.726,.504,.447,F-G,mcgratr01"
"144,T.J. Ford,3.3,3.3,2007-08,24,TOR,51,26,1199,246,524,231,473,15,51,110,125,23,77,100,313,54,0,102,93,617,.469,.488,.294,.880,.533,.484,G,fordtj01"
"145,Keon Clark,3.2,3.2,2000-01,25,TOR,46,0,968,167,320,167,319,0,1,79,135,78,170,248,38,16,110,42,143,413,.522,.524,.000,.585,.544,.522,F-C,clarkke01"
"146,DeMar DeRozan,3.2,3.2,2010-11,21,TOR,82,82,2851,539,1154,534,1102,5,52,327,402,75,240,315,148,85,31,144,217,1410,.467,.485,.096,.813,.530,.469,G-F,derozde01"
"147,Norman Powell,3.2,3.2,2020-21,27,TOR,42,31,1277,282,566,164,297,118,269,141,163,19,107,126,77,47,8,77,98,823,.498,.552,.439,.865,.645,.602,G,powelno01"
"148,Morris Peterson,3.2,3.2,2002-03,25,TOR,82,80,2949,421,1073,305,729,116,344,195,247,97,266,363,188,88,32,128,232,1153,.392,.418,.337,.789,.488,.446,F,petermo01"
"149,Damon Stoudamire,3.2,3.2,1997-98,24,TOR,49,49,2033,354,833,289,628,65,205,179,212,63,154,217,399,80,5,159,112,952,.425,.460,.317,.844,.514,.464,G,stoudda01"
"150,OG Anunoby,3.1,3.1,2020-21,23,TOR,43,43,1433,249,519,145,258,104,261,80,102,54,183,237,94,66,32,75,114,682,.480,.562,.398,.784,.605,.580,F,anunoog01"
"151,Terence Davis,3.1,3.1,2019-20,22,TOR,72,4,1209,199,436,105,194,94,242,51,59,50,187,237,115,39,14,76,124,543,.456,.541,.388,.864,.588,.564,G,daviste02"
"152,Tyler Hansbrough,3.0,3.0,2013-14,28,TOR,64,4,978,93,196,93,194,0,2,126,185,120,167,287,17,28,19,47,132,312,.474,.479,.000,.681,.562,.474,F,hansbty01"
"153,OG Anunoby,3.0,3.0,2017-18,20,TOR,74,62,1481,163,346,90,149,73,197,39,62,44,140,184,55,52,14,45,130,438,.471,.604,.371,.629,.587,.577,F,anunoog01"
"154,Marc Gasol,3.0,3.0,2019-20,35,TOR,44,43,1161,119,279,62,131,57,148,36,49,31,244,275,147,34,38,59,124,331,.427,.473,.385,.735,.551,.529,C,gasolma01"
"155,Jorge Garbajosa,3.0,3.0,2006-07,29,TOR,67,60,1909,222,529,156,336,66,193,57,78,48,282,330,125,78,15,64,90,567,.420,.464,.342,.731,.503,.482,F,garbajo01"
"156,Joey Graham,3.0,3.0,2006-07,24,TOR,79,21,1319,192,388,183,357,9,31,110,131,55,193,248,44,30,4,49,161,503,.495,.513,.290,.840,.564,.506,F,grahajo01"
"157,Terrence Ross,2.9,2.9,2016-17,25,TOR,54,0,1207,211,479,115,223,96,256,41,50,14,124,138,45,53,20,33,82,559,.441,.516,.375,.820,.558,.541,F-G,rosste01"
"158,Morris Peterson,2.9,2.9,2006-07,29,TOR,71,12,1515,222,517,116,222,106,295,84,123,32,205,237,47,45,12,53,126,634,.429,.523,.359,.683,.555,.532,F,petermo01"
"159,C.J. Miles,2.9,2.9,2017-18,30,TOR,70,3,1337,227,599,63,145,164,454,81,97,18,134,152,55,37,21,39,134,699,.379,.434,.361,.835,.545,.516,G-F,milescj01"
"160,Norman Powell,2.8,2.8,2016-17,23,TOR,76,18,1368,227,506,171,333,56,173,126,159,26,143,169,82,52,14,70,127,636,.449,.514,.324,.792,.552,.504,G,powelno01"
"161,Alvin Robertson,2.8,2.8,1995-96,33,TOR,77,69,2478,285,607,244,456,41,151,107,158,110,232,342,323,166,36,183,268,718,.470,.535,.272,.677,.531,.503,G,roberal01"
"162,Greivis Vásquez,2.8,2.8,2014-15,28,TOR,82,29,1991,296,725,163,374,133,351,50,66,22,194,216,302,46,10,119,177,775,.408,.436,.379,.758,.514,.500,G,vasqugr01"
"163,Greivis Vásquez,2.6,2.6,2013-14,27,TOR,61,5,1314,212,508,119,269,93,239,65,76,15,124,139,228,25,4,101,105,582,.417,.442,.389,.855,.537,.509,G,vasqugr01"
"164,Jonas Valančiūnas,2.6,2.6,2018-19,26,TOR,30,10,564,149,259,140,229,9,30,77,94,54,162,216,29,13,23,39,82,384,.575,.611,.300,.819,.639,.593,C,valanjo01"
"165,Khem Birch,2.6,2.6,2021-22,29,TOR,55,28,991,97,200,97,186,0,14,53,71,122,117,239,56,30,26,29,104,247,.485,.522,.000,.746,.534,.485,C-F,birchkh01"
"166,James Johnson,2.6,2.6,2011-12,24,TOR,62,40,1561,233,518,214,458,19,60,81,115,74,218,292,122,71,84,101,177,566,.450,.467,.317,.704,.498,.468,F,johnsja01"
"167,Andrea Bargnani,2.5,2.5,2010-11,25,TOR,66,66,2353,525,1173,448,950,77,223,287,350,74,269,343,119,34,46,152,160,1414,.448,.472,.345,.820,.533,.480,F-C,bargnan01"
"168,Precious Achiuwa,2.5,2.5,2021-22,22,TOR,73,28,1725,265,603,209,447,56,156,78,131,146,327,473,82,37,41,84,151,664,.439,.468,.359,.595,.503,.486,F,achiupr01"
"169,DeMar DeRozan,2.5,2.5,2011-12,22,TOR,63,63,2206,381,903,357,811,24,92,268,331,40,171,211,128,48,17,123,162,1054,.422,.440,.261,.810,.503,.435,G-F,derozde01"
"170,Dee Brown,2.5,2.5,1998-99,30,TOR,49,0,1377,187,495,52,146,135,349,40,55,15,88,103,143,56,8,80,75,549,.378,.356,.387,.727,.529,.514,G,brownde01"
"171,Voshon Lenard,2.4,2.4,2002-03,29,TOR,63,24,1929,325,809,233,557,92,252,156,194,48,164,212,144,59,21,103,156,898,.402,.418,.365,.804,.502,.459,G,lenarvo01"
"172,Norman Powell,2.4,2.4,2018-19,25,TOR,60,3,1126,193,400,125,230,68,170,62,75,16,123,139,91,39,13,65,96,516,.483,.543,.400,.827,.596,.568,G,powelno01"
"173,Kevin Willis,2.4,2.4,1998-99,36,TOR,42,38,1216,187,447,187,445,0,2,130,155,109,241,350,67,28,28,86,134,504,.418,.420,.000,.839,.489,.418,F-C,willike02"
"174,Terrence Ross,2.4,2.4,2014-15,23,TOR,82,61,2092,309,753,164,363,145,390,44,56,32,194,226,86,53,25,69,136,807,.410,.452,.372,.786,.519,.507,F-G,rosste01"
"175,Delon Wright,2.3,2.3,2018-19,26,TOR,49,2,897,127,293,97,203,30,90,53,61,39,86,125,110,46,15,37,53,337,.433,.478,.333,.869,.527,.485,G,wrighde01"
"176,Kevin Willis,2.3,2.3,1999-00,37,TOR,79,1,1679,236,569,235,566,1,3,131,164,201,281,482,49,36,48,98,256,604,.415,.415,.333,.799,.471,.416,F-C,willike02"
"177,DeMar DeRozan,2.3,2.3,2009-10,20,TOR,77,65,1664,255,512,251,496,4,16,148,194,66,157,223,53,43,18,62,176,662,.498,.506,.250,.763,.554,.502,G-F,derozde01"
"178,Dell Curry,2.2,2.2,1999-00,35,TOR,67,9,1095,194,454,99,212,95,242,24,32,11,89,100,89,32,9,40,66,507,.427,.467,.393,.750,.542,.532,G,curryde01"
"179,Charles Oakley,2.2,2.2,1999-00,36,TOR,80,80,2431,234,560,220,519,14,41,66,85,117,423,540,253,102,45,154,294,548,.418,.424,.341,.776,.459,.430,F-C,oaklech01"
"180,Andrea Bargnani,2.2,2.2,2011-12,26,TOR,31,31,1032,209,484,175,369,34,115,151,173,24,148,172,61,18,15,69,52,603,.432,.474,.296,.873,.538,.467,F-C,bargnan01"
"181,Joey Graham,2.2,2.2,2008-09,26,TOR,78,10,1541,231,480,228,464,3,16,132,160,95,197,292,48,35,12,74,191,597,.481,.491,.188,.825,.542,.484,F,grahajo01"
"182,Ed Pinckney,2.2,2.2,1995-96,32,TOR,47,24,1031,117,233,117,230,0,3,94,124,115,167,282,50,31,17,54,101,328,.502,.509,.000,.758,.570,.502,F,pincked01"
"183,Antonio Davis,2.2,2.2,2002-03,34,TOR,53,52,1894,261,641,261,641,0,0,216,280,130,307,437,131,23,62,118,150,738,.407,.407,,.771,.483,.407,F-C,davisan01"
"184,Hakeem Olajuwon,2.1,2.1,2001-02,39,TOR,61,37,1378,194,418,194,416,0,2,47,84,98,268,366,66,74,90,98,147,435,.464,.466,.000,.560,.478,.464,C,olajuha01"
"185,Charles Oakley,2.1,2.1,1998-99,35,TOR,50,50,1633,140,327,139,322,1,5,67,83,96,278,374,168,46,21,96,182,348,.428,.432,.200,.807,.479,.430,F-C,oaklech01"
"186,Marc Gasol,2.1,2.1,2018-19,34,TOR,26,19,648,87,187,64,135,23,52,40,52,24,148,172,101,24,23,36,70,237,.465,.474,.442,.769,.565,.527,C,gasolma01"
"187,Alvin Williams,2.1,2.1,2003-04,29,TOR,56,54,1730,201,496,175,407,26,89,66,85,18,132,150,224,55,10,78,114,494,.405,.430,.292,.776,.463,.431,G,willial02"
"188,Dee Brown,2.1,2.1,1997-98,29,TOR,31,2,908,137,307,72,149,65,158,39,43,14,76,90,101,38,17,41,47,378,.446,.483,.411,.907,.580,.552,G,brownde01"
"189,Jerryd Bayless,2.0,2.0,2011-12,23,TOR,31,11,705,117,276,73,172,44,104,75,88,8,58,66,118,24,4,53,70,353,.424,.424,.423,.852,.561,.504,G,bayleje01"
"190,Dell Curry,2.0,2.0,2000-01,36,TOR,71,1,956,162,382,100,237,62,145,43,51,16,69,85,75,27,8,39,66,429,.424,.422,.428,.843,.530,.505,G,curryde01"
"191,Tracy McGrady,2.0,2.0,1997-98,18,TOR,64,17,1179,179,398,165,357,14,41,79,111,105,164,269,98,49,61,66,86,451,.450,.462,.341,.712,.505,.467,F-G,mcgratr01"
"192,OG Anunoby,2.0,2.0,2018-19,21,TOR,67,6,1352,183,404,116,202,67,202,36,62,58,139,197,47,46,22,55,140,469,.453,.574,.332,.581,.544,.536,F,anunoog01"
"193,Andrea Bargnani,1.9,1.9,2006-07,21,TOR,65,2,1629,267,625,167,357,100,268,117,142,52,203,255,50,32,53,107,180,751,.427,.468,.373,.824,.546,.507,F-C,bargnan01"
"194,Jason Kapono,1.9,1.9,2007-08,26,TOR,81,7,1530,243,498,186,380,57,118,37,43,31,89,120,65,34,2,58,131,580,.488,.489,.483,.860,.561,.545,F,kaponja01"
"195,Kris Humphries,1.8,1.8,2007-08,22,TOR,70,0,925,161,333,161,331,0,2,75,124,90,169,259,28,25,28,47,107,397,.483,.486,.000,.605,.512,.483,F-C,humphkr01"
"196,Jerryd Bayless,1.8,1.8,2010-11,22,TOR,60,14,1347,201,468,155,336,46,132,153,189,24,126,150,238,36,4,110,133,601,.429,.461,.348,.810,.545,.479,G,bayleje01"
"197,Milt Palacio,1.7,1.7,2004-05,26,TOR,80,4,1533,175,392,173,380,2,12,115,155,26,108,134,279,48,13,104,126,467,.446,.455,.167,.742,.507,.449,G,palacmi01"
"198,Kevin Willis,1.7,1.7,2000-01,38,TOR,35,9,771,124,269,124,267,0,2,61,81,68,155,223,21,19,21,40,78,309,.461,.464,.000,.753,.507,.461,F-C,willike02"
"199,Khem Birch,1.7,1.7,2020-21,28,TOR,19,17,577,95,171,86,140,9,31,28,44,57,87,144,36,16,22,21,46,227,.556,.614,.290,.636,.596,.582,C-F,birchkh01"
"200,Lucas Nogueira,1.6,1.6,2017-18,25,TOR,49,3,418,49,80,44,61,5,19,19,28,18,69,87,22,23,43,16,49,122,.613,.721,.263,.679,.661,.644,C,noguelu01"
"201,Rudy Gay,1.6,1.6,2012-13,26,TOR,33,32,1146,240,565,196,434,44,131,119,139,43,169,212,94,57,22,94,95,643,.425,.452,.336,.856,.513,.464,F,gayru01"
"202,Jakob Poeltl,1.6,1.6,2016-17,21,TOR,54,4,626,67,115,67,115,0,0,31,57,78,87,165,12,17,20,29,113,165,.583,.583,,.544,.589,.583,C,poeltja01"
"203,Shawn Marion,1.6,1.6,2008-09,30,TOR,27,27,954,167,342,165,329,2,13,50,62,73,151,224,62,31,21,49,40,386,.488,.502,.154,.806,.523,.491,F,mariosh01"
"204,Alan Anderson,1.6,1.6,2012-13,30,TOR,65,2,1495,236,616,141,331,95,285,126,147,34,114,148,103,48,7,80,131,693,.383,.426,.333,.857,.509,.460,G-F,anderal01"
"205,Clifford Rozier,1.6,1.6,1996-97,24,TOR,41,29,732,79,173,79,171,0,2,31,61,102,132,234,31,24,44,29,97,189,.457,.462,.000,.508,.473,.457,C-F,roziecl01"
"206,Pascal Siakam,1.6,1.6,2016-17,22,TOR,55,38,859,103,205,102,198,1,7,22,32,64,121,185,17,26,45,33,109,229,.502,.515,.143,.688,.523,.505,F,siakapa01"
"207,Norman Powell,1.6,1.6,2015-16,22,TOR,49,24,725,97,229,61,140,36,89,43,53,16,95,111,47,29,10,32,59,273,.424,.436,.404,.811,.541,.502,G,powelno01"
"208,John Thomas,1.5,1.5,1998-99,23,TOR,39,11,593,71,123,71,122,0,1,27,48,65,69,134,15,17,9,21,82,169,.577,.582,.000,.563,.586,.577,F,thomajo02"
"209,Yuta Watanabe,1.5,1.5,2020-21,26,TOR,50,4,723,79,180,43,90,36,90,24,29,36,123,159,40,26,19,19,57,218,.439,.478,.400,.828,.565,.539,F,watanyu01"
"210,Michael Bradley,1.5,1.5,2002-03,23,TOR,67,11,1314,151,314,150,308,1,6,35,67,162,247,409,67,16,32,76,125,338,.481,.487,.167,.522,.492,.482,F-C,bradlmi01"
"211,John Wallace,1.5,1.5,1997-98,23,TOR,82,36,2361,468,979,467,977,1,2,210,293,117,256,373,110,62,101,172,239,1147,.478,.478,.500,.717,.518,.479,F,wallajo01"
"212,Leandro Barbosa,1.5,1.5,2010-11,28,TOR,58,0,1395,294,653,222,440,72,213,109,137,14,85,99,119,50,6,84,112,769,.450,.505,.338,.796,.539,.505,G,barbole01"
"213,Kris Humphries,1.5,1.5,2006-07,21,TOR,60,2,670,87,185,87,185,0,0,53,79,78,109,187,18,14,21,32,98,227,.470,.470,,.671,.516,.470,F-C,humphkr01"
"214,Linas Kleiza,1.5,1.5,2011-12,27,TOR,49,3,1057,165,410,103,231,62,179,81,100,42,157,199,46,23,4,64,119,473,.402,.446,.346,.810,.521,.478,F,kleizli01"
"215,Reggie Slater,1.5,1.5,1997-98,27,TOR,78,28,1662,211,459,211,459,0,0,203,322,134,171,305,74,45,30,102,201,625,.460,.460,,.630,.520,.460,F,slatere01"
"216,Steve Novak,1.4,1.4,2013-14,30,TOR,54,1,540,60,146,8,24,52,122,6,6,8,50,58,13,12,4,5,44,178,.411,.333,.426,1.000,.599,.589,F,novakst01"
"217,Patrick McCaw,1.4,1.4,2019-20,24,TOR,37,12,908,67,162,44,91,23,71,13,18,19,67,86,79,39,4,29,60,170,.414,.484,.324,.722,.500,.485,G,mccawpa01"
"218,John Salmons,1.4,1.4,2013-14,34,TOR,60,0,1281,109,296,62,175,47,121,33,45,12,105,117,103,35,11,40,92,298,.368,.354,.388,.733,.472,.448,G,salmojo01"
"219,Andrea Bargnani,1.4,1.4,2007-08,22,TOR,78,53,1861,280,725,190,464,90,261,142,169,50,238,288,89,23,37,88,211,792,.386,.409,.345,.840,.495,.448,F-C,bargnan01"
"220,Jermaine O'Neal,1.4,1.4,2008-09,30,TOR,41,34,1216,220,465,220,464,0,1,115,142,71,217,288,67,18,82,92,130,555,.473,.474,.000,.810,.526,.473,C-F,onealje01"
"221,Aaron Gray,1.4,1.4,2011-12,27,TOR,49,40,813,83,161,83,161,0,0,25,47,83,198,281,27,22,17,51,127,191,.516,.516,,.532,.526,.516,C,grayaa01"
"222,Jerome Williams,1.4,1.4,2000-01,27,TOR,26,0,378,48,93,48,92,0,1,35,45,35,69,104,13,18,10,16,43,131,.516,.522,.000,.778,.581,.516,F,willije01"
"223,Fred VanVleet,1.4,1.4,2022-23,28,TOR,10,10,365,60,147,25,64,35,83,29,35,6,31,37,68,23,7,14,24,184,.408,.391,.422,.829,.567,.527,G,vanvlfr01"
"224,James Johnson,1.3,1.3,2015-16,28,TOR,57,32,926,114,240,94,174,20,66,39,68,28,98,126,67,29,33,54,84,287,.475,.540,.303,.574,.532,.517,F,johnsja01"
"225,Lamond Murray,1.3,1.3,2004-05,31,TOR,62,1,918,132,310,86,205,46,105,61,80,44,120,164,47,32,16,54,85,371,.426,.420,.438,.763,.537,.500,F,murrala01"
"226,Reggie Evans,1.3,1.3,2010-11,30,TOR,30,18,798,42,103,42,102,0,1,48,88,119,226,345,38,29,6,39,89,132,.408,.412,.000,.545,.466,.408,F,evansre01"
"227,Jalen Rose,1.3,1.3,2003-04,31,TOR,50,50,1968,308,752,262,604,46,148,148,180,27,175,202,273,39,18,171,139,810,.410,.434,.311,.822,.487,.440,G-F,roseja01"
"228,Joey Graham,1.3,1.3,2005-06,23,TOR,80,24,1581,198,414,169,327,29,87,108,133,57,187,244,60,37,13,92,228,533,.478,.517,.333,.812,.564,.513,F,grahajo01"
"229,Serge Ibaka,1.3,1.3,2016-17,27,TOR,23,23,712,128,279,87,176,41,103,30,34,29,127,156,15,7,33,39,76,327,.459,.494,.398,.882,.556,.532,F-C,ibakase01"
"230,P.J. Tucker,1.3,1.3,2016-17,31,TOR,24,4,609,52,128,28,68,24,60,11,16,23,106,129,26,31,5,14,53,139,.406,.412,.400,.688,.515,.500,F,tuckepj01"
"231,Sonny Weems,1.3,1.3,2009-10,23,TOR,69,19,1368,236,458,234,443,2,15,44,64,42,150,192,101,39,25,65,126,518,.515,.528,.133,.688,.533,.517,G-F,weemsso01"
"232,Thaddeus Young,1.3,1.3,2021-22,33,TOR,26,0,475,67,144,50,101,17,43,13,27,40,75,115,45,31,11,22,43,164,.465,.495,.395,.481,.526,.524,F,youngth01"
"233,Pascal Siakam,1.2,1.2,2022-23,28,TOR,9,9,321,80,167,67,129,13,38,50,69,16,68,84,69,8,5,24,28,223,.479,.519,.342,.725,.565,.518,F,siakapa01"
"234,Matt Thomas,1.2,1.2,2019-20,25,TOR,41,1,440,73,150,26,51,47,99,9,12,9,52,61,22,10,1,16,38,202,.487,.510,.475,.750,.650,.643,G,thomama02"
"235,DeMarre Carroll,1.2,1.2,2015-16,29,TOR,26,22,786,105,270,59,152,46,118,30,50,31,91,122,27,44,6,28,63,286,.389,.388,.390,.600,.490,.474,F,carrode01"
"236,DeAndre' Bembry,1.2,1.2,2020-21,26,TOR,51,12,972,117,228,103,175,14,53,45,66,33,113,146,107,53,18,71,87,293,.513,.589,.264,.682,.570,.544,F,bembrde01"
"237,Rafer Alston,1.2,1.2,2002-03,26,TOR,47,4,980,139,335,88,205,51,130,37,54,21,86,107,192,38,15,86,120,366,.415,.429,.392,.685,.510,.491,G,alstora01"
"238,Dell Curry,1.2,1.2,2001-02,37,TOR,56,4,886,141,347,96,216,45,131,33,37,23,58,81,61,22,6,41,50,360,.406,.444,.344,.892,.495,.471,G,curryde01"
"239,Jalen Rose,1.2,1.2,2005-06,33,TOR,46,22,1236,180,446,149,331,31,115,166,217,15,114,129,113,20,10,65,101,557,.404,.450,.270,.765,.514,.438,G-F,roseja01"
"240,Marco Belinelli,1.2,1.2,2009-10,23,TOR,66,1,1121,154,379,94,221,60,158,101,121,14,81,95,89,42,5,60,80,469,.406,.425,.380,.835,.543,.485,G-F,belinma01"
"241,Alvin Williams,1.2,1.2,1998-99,24,TOR,50,45,1051,95,237,81,195,14,42,44,52,19,63,82,130,51,12,56,94,248,.401,.415,.333,.846,.477,.430,G,willial02"
"242,Landry Fields,1.1,1.1,2012-13,24,TOR,51,22,1037,102,223,100,209,2,14,34,53,59,149,208,60,32,8,42,63,240,.457,.478,.143,.642,.487,.462,F,fieldla01"
"243,Quincy Acy,1.1,1.1,2012-13,22,TOR,29,0,342,42,75,41,73,1,2,31,38,30,47,77,11,13,15,17,53,116,.560,.562,.500,.816,.632,.567,F-C,acyqu01"
"244,Chris Childs,1.1,1.1,2001-02,34,TOR,69,4,1576,97,296,64,176,33,120,58,71,18,136,154,351,56,5,123,177,285,.328,.364,.275,.817,.435,.383,G,childch01"
"245,Delon Wright,1.1,1.1,2016-17,24,TOR,27,0,446,49,116,39,86,10,30,42,55,16,32,48,57,27,11,25,31,150,.422,.453,.333,.764,.535,.466,G,wrighde01"
"246,Juan Dixon,1.1,1.1,2006-07,28,TOR,26,5,683,110,259,83,176,27,83,41,44,11,62,73,41,27,2,24,65,288,.425,.472,.325,.932,.517,.477,G,dixonju01"
"247,John Lucas III,1.1,1.1,2012-13,30,TOR,63,0,827,129,334,72,183,57,151,18,25,8,57,65,105,23,1,26,50,333,.386,.393,.377,.720,.483,.472,G,lucasjo02"
"248,Chuck Hayes,1.1,1.1,2013-14,30,TOR,45,0,575,42,98,42,97,0,1,15,18,49,114,163,29,23,10,26,77,99,.429,.433,.000,.833,.467,.429,F-C,hayesch01"
"249,Žan Tabak,1.1,1.1,1995-96,25,TOR,67,18,1332,225,414,225,413,0,1,64,114,117,203,320,62,24,31,101,204,514,.543,.545,.000,.561,.554,.543,C,tabakza01"
"250,Malachi Flynn,1.0,1.0,2021-22,23,TOR,44,5,537,72,183,42,93,30,90,15,24,10,53,63,70,20,4,13,45,189,.393,.452,.333,.625,.488,.475,G,flynnma01"
"251,John Wallace,1.0,1.0,1998-99,24,TOR,48,3,812,153,354,153,354,0,0,105,150,54,117,171,46,12,43,70,92,411,.432,.432,,.700,.489,.432,F,wallajo01"
"252,Alvin Williams,1.0,1.0,1999-00,25,TOR,55,28,779,114,287,98,232,16,55,48,65,27,58,85,126,34,11,47,78,292,.397,.422,.291,.738,.463,.425,G,willial02"
"253,Leandro Barbosa,1.0,1.0,2011-12,29,TOR,42,0,946,198,454,158,343,40,111,76,91,21,58,79,63,36,7,68,101,512,.436,.461,.360,.835,.518,.480,G,barbole01"
"254,OG Anunoby,1.0,1.0,2022-23,25,TOR,13,13,459,81,174,57,112,24,62,29,36,19,64,83,22,39,11,28,44,215,.466,.509,.387,.806,.566,.534,F,anunoog01"
"255,Stanley Johnson,1.0,1.0,2020-21,24,TOR,61,13,1006,89,233,44,96,45,137,44,55,29,124,153,89,52,18,54,116,267,.382,.458,.328,.800,.519,.479,F,johnsst04"
"256,Jelani McCoy,1.0,1.0,2002-03,25,TOR,67,25,1367,194,395,194,395,0,0,69,126,95,260,355,43,28,60,96,162,457,.491,.491,,.548,.507,.491,C,mccoyje01"
"257,Jason Thompson,1.0,1.0,2015-16,29,TOR,19,6,292,32,66,27,51,5,15,18,22,22,58,80,10,8,12,8,40,87,.485,.529,.333,.818,.575,.523,F-C,thompja02"
"258,Aron Baynes,1.0,1.0,2020-21,34,TOR,53,31,980,134,304,107,201,27,103,29,41,87,186,273,47,17,23,46,119,324,.441,.532,.262,.707,.503,.485,C,baynear01"
"259,Jerome Williams,1.0,1.0,2003-04,30,TOR,15,12,407,28,57,28,56,0,1,21,29,35,93,128,11,19,3,23,30,77,.491,.500,.000,.724,.552,.491,F,willije01"
"260,Lonny Baxter,1.0,1.0,2003-04,25,TOR,36,4,487,60,128,60,127,0,1,30,56,42,79,121,10,14,18,22,69,150,.469,.472,.000,.536,.491,.469,F,baxtelo01"
"261,Freddie Gillespie,0.9,0.9,2020-21,23,TOR,20,2,392,44,84,44,84,0,0,23,33,42,55,97,9,13,20,12,43,111,.524,.524,,.697,.563,.524,F,gillefr01"
"262,Oliver Miller,0.9,0.9,1996-97,26,TOR,19,8,316,47,84,47,83,0,1,20,26,23,50,73,29,13,13,20,48,114,.560,.566,.000,.769,.597,.560,C,milleol01"
"263,Shawn Respert,0.9,0.9,1997-98,25,TOR,47,4,696,94,209,69,142,25,67,44,54,30,43,73,44,29,1,33,58,257,.450,.486,.373,.815,.552,.510,G,respesh01"
"264,Doug Christie,0.9,0.9,1995-96,25,TOR,32,17,818,115,264,79,177,36,87,56,71,26,94,120,92,58,16,76,100,322,.436,.446,.414,.789,.545,.504,G-F,chrisdo01"
"265,Carlos Rogers,0.9,0.9,1995-96,24,TOR,56,18,1043,178,344,175,323,3,21,71,130,80,90,170,35,25,48,61,87,430,.517,.542,.143,.546,.536,.522,C-F,rogerca01"
"266,José Calderón,0.9,0.9,2005-06,24,TOR,64,11,1487,132,312,125,269,7,43,78,92,30,111,141,288,42,4,101,93,349,.423,.465,.163,.848,.495,.434,G,caldejo01"
"267,Marcus Camby,0.9,0.9,1997-98,23,TOR,63,58,2002,308,747,308,745,0,2,149,244,203,263,466,111,68,230,134,200,765,.412,.413,.000,.611,.448,.412,C-F,cambyma01"
"268,Willie Anderson,0.9,0.9,1995-96,29,TOR,49,42,1564,232,527,203,432,29,95,113,132,35,151,186,149,58,51,119,171,606,.440,.470,.305,.856,.518,.468,G-F,anderwi01"
"269,Oliver Miller,0.9,0.9,1997-98,27,TOR,64,53,1628,170,369,170,365,0,4,61,101,146,254,400,196,58,72,131,184,401,.461,.466,.000,.604,.485,.461,C,milleol01"
"270,Antonio Davis,0.9,0.9,2003-04,35,TOR,15,15,538,46,120,46,120,0,0,37,49,49,94,143,14,8,8,21,45,129,.383,.383,,.755,.456,.383,F-C,davisan01"
"271,Terrence Ross,0.9,0.9,2012-13,21,TOR,73,2,1239,186,457,121,261,65,196,30,42,35,109,144,53,43,14,48,122,467,.407,.464,.332,.714,.491,.478,F-G,rosste01"
"272,Gary Trent Jr.,0.9,0.9,2022-23,24,TOR,13,13,428,80,182,49,92,31,90,35,44,10,16,26,20,18,2,13,17,226,.440,.533,.344,.795,.561,.525,G,trentga02"
"273,Vince Carter,0.9,0.9,2004-05,28,TOR,20,20,608,124,302,105,243,19,59,50,72,28,38,66,61,25,15,22,56,317,.411,.432,.322,.694,.475,.442,G-F,cartevi01"
"274,Corliss Williamson,0.8,0.8,2000-01,27,TOR,42,31,886,153,325,153,323,0,2,84,130,57,96,153,33,15,13,65,98,390,.471,.474,.000,.646,.510,.471,F,willico02"
"275,Shawn Respert,0.8,0.8,1996-97,24,TOR,27,0,412,53,120,34,72,19,48,27,32,11,21,32,32,20,2,22,35,152,.442,.472,.396,.844,.567,.521,G,respesh01"
"276,Justin Champagnie,0.8,0.8,2021-22,20,TOR,36,0,281,31,67,21,39,10,28,9,9,37,35,72,11,8,4,8,32,81,.463,.538,.357,1.000,.571,.537,F,champju01"
"277,Jason Kapono,0.8,0.8,2008-09,27,TOR,80,12,1831,261,604,163,375,98,229,34,42,26,137,163,105,22,3,70,144,654,.432,.435,.428,.810,.525,.513,F,kaponja01"
"278,Reggie Slater,0.8,0.8,1996-97,26,TOR,26,0,406,82,149,82,147,0,2,39,75,40,55,95,21,9,6,29,34,203,.550,.558,.000,.520,.558,.550,F,slatere01"
"279,Walt Williams,0.8,0.8,1997-98,27,TOR,28,16,876,125,319,76,190,49,129,49,60,27,91,118,69,40,23,52,100,348,.392,.400,.380,.817,.504,.469,F-G,williwa02"
"280,Malachi Flynn,0.8,0.8,2020-21,22,TOR,47,14,928,127,340,73,172,54,168,45,56,10,106,116,137,38,7,43,68,353,.374,.424,.321,.804,.484,.453,G,flynnma01"
"281,Dee Brown,0.8,0.8,1999-00,31,TOR,38,12,673,93,258,26,71,67,187,11,16,9,45,54,86,24,5,39,62,264,.360,.366,.358,.688,.498,.490,G,brownde01"
"282,Tony Massenburg,0.8,0.8,1995-96,28,TOR,24,20,659,100,196,100,196,0,0,43,65,52,114,166,18,13,9,35,67,243,.510,.510,,.662,.541,.510,F,masseto01"
"283,Joey Dorsey,0.8,0.8,2010-11,27,TOR,43,9,522,52,99,52,99,0,0,31,65,79,111,190,27,24,17,39,78,135,.525,.525,,.477,.529,.525,F,dorsejo01"
"284,Fred Jones,0.8,0.8,2006-07,27,TOR,39,9,870,96,249,64,148,32,101,73,88,16,66,82,55,30,12,50,80,297,.386,.432,.317,.830,.516,.450,G-F,jonesfr01"
"285,Svi Mykhailiuk,0.8,0.8,2021-22,24,TOR,56,5,716,91,234,50,100,41,134,32,37,20,72,92,45,26,4,32,54,255,.389,.500,.306,.865,.509,.476,G-F,mykhasv01"
"286,Gary Forbes,0.8,0.8,2011-12,26,TOR,48,2,713,112,271,83,188,29,83,66,91,27,75,102,54,24,4,54,56,319,.413,.441,.349,.725,.513,.467,F,forbega01"
"287,Jérôme Moïso,0.8,0.8,2003-04,25,TOR,35,1,417,40,84,40,83,0,1,22,38,41,72,113,8,17,12,25,42,102,.476,.482,.000,.579,.506,.476,F-C,moisoje01"
"288,Tracy Murray,0.8,0.8,2001-02,30,TOR,40,3,473,85,207,45,103,40,104,17,21,18,35,53,19,11,8,25,38,227,.411,.437,.385,.810,.525,.507,F,murratr01"
"289,Rasho Nesterović,0.8,0.8,2009-10,33,TOR,42,8,413,81,149,81,149,0,0,1,5,37,52,89,25,10,17,16,54,163,.544,.544,,.200,.539,.544,C,nestera01"
"290,Scottie Barnes,0.7,0.7,2022-23,21,TOR,12,12,376,68,151,51,104,17,47,18,25,21,56,77,59,10,8,24,17,171,.450,.490,.362,.720,.528,.507,G-F,barnesc01"
"291,Chris Boucher,0.7,0.7,2022-23,30,TOR,10,0,208,39,73,28,44,11,29,17,25,21,33,54,7,9,11,11,30,106,.534,.636,.379,.680,.631,.610,F,bouchch01"
"292,Lucas Nogueira,0.7,0.7,2015-16,23,TOR,29,1,225,28,44,27,41,1,3,8,15,18,28,46,7,12,12,11,29,65,.636,.659,.333,.533,.642,.648,C,noguelu01"
"293,Loren Woods,0.7,0.7,2004-05,26,TOR,45,30,712,71,164,71,163,0,1,34,59,81,139,220,17,8,39,37,78,176,.433,.436,.000,.576,.463,.433,F-C,woodslo01"
"294,Yuta Watanabe,0.7,0.7,2021-22,27,TOR,38,4,445,56,138,29,59,27,79,24,40,18,74,92,21,11,16,19,38,163,.406,.492,.342,.600,.524,.504,F,watanyu01"
"295,Kris Humphries,0.7,0.7,2008-09,23,TOR,29,0,265,38,90,38,90,0,0,38,48,24,46,70,10,8,6,8,31,114,.422,.422,,.792,.513,.422,F-C,humphkr01"
"296,Patrick McCaw,0.7,0.7,2018-19,23,TOR,26,1,344,24,54,16,30,8,24,13,15,7,38,45,27,21,2,14,37,69,.444,.533,.333,.867,.569,.519,G,mccawpa01"
"297,Chris Boucher,0.7,0.7,2018-19,26,TOR,28,0,163,34,76,22,39,12,37,13,15,16,40,56,2,6,24,7,31,93,.447,.564,.324,.867,.563,.526,F,bouchch01"
"298,Michael Stewart,0.7,0.7,1998-99,23,TOR,42,2,394,22,53,22,53,0,0,17,25,43,56,99,5,4,28,12,76,61,.415,.415,,.680,.477,.415,C,stewami01"
"299,James Johnson,0.6,0.6,2010-11,23,TOR,25,25,699,91,196,85,171,6,25,41,58,31,87,118,75,25,28,46,70,229,.464,.497,.240,.707,.517,.480,F,johnsja01"
"300,Jermaine Jackson,0.6,0.6,2001-02,25,TOR,24,0,280,20,42,19,40,1,2,16,24,3,24,27,57,9,1,14,24,57,.476,.475,.500,.667,.542,.488,G,jacksje01"
"301,Greg Monroe,0.6,0.6,2018-19,28,TOR,38,2,423,74,161,74,157,0,4,35,61,60,96,156,16,13,8,31,61,183,.460,.471,.000,.574,.487,.460,C-F,monrogr01"
"302,Julian Wright,0.6,0.6,2010-11,23,TOR,52,6,766,82,160,80,150,2,10,22,43,47,71,118,58,39,20,43,45,188,.513,.533,.200,.512,.525,.519,F,wrighju01"
"303,Norman Powell,0.6,0.6,2017-18,24,TOR,70,18,1062,150,374,97,188,53,186,32,39,14,105,119,89,37,16,66,111,385,.401,.516,.285,.821,.492,.472,G,powelno01"
"304,Paul Watson,0.6,0.6,2020-21,26,TOR,27,2,297,38,82,8,18,30,64,5,8,4,41,45,17,6,3,9,36,111,.463,.444,.469,.625,.649,.646,G,watsopa01"
"305,Delon Wright,0.6,0.6,2015-16,23,TOR,27,1,229,36,80,31,67,5,13,26,35,8,29,37,31,8,3,16,7,103,.450,.463,.385,.743,.540,.481,G,wrighde01"
"306,Mamadou N'Diaye,0.6,0.6,2002-03,27,TOR,22,8,364,43,96,43,96,0,0,34,47,29,53,82,7,8,32,21,58,120,.448,.448,,.723,.514,.448,C,ndiayma02"
"307,Tracy Murray,0.6,0.6,2000-01,29,TOR,38,1,453,77,193,48,113,29,80,24,32,18,41,59,14,8,6,20,45,207,.399,.425,.363,.750,.500,.474,F,murratr01"
"308,Pape Sow,0.6,0.6,2005-06,24,TOR,42,25,590,53,123,53,123,0,0,41,57,54,92,146,8,21,19,30,118,147,.431,.431,,.719,.496,.431,F,sowpa01"
"309,Aaron Gray,0.5,0.5,2012-13,28,TOR,42,16,513,48,90,48,90,0,0,23,44,48,85,133,33,7,5,36,85,119,.533,.533,,.523,.544,.533,C,grayaa01"
"310,Chuck Hayes,0.5,0.5,2014-15,31,TOR,29,0,255,22,46,22,46,0,0,6,11,18,33,51,20,10,4,8,37,50,.478,.478,,.545,.492,.478,F-C,hayesch01"
"311,Marcus Banks,0.5,0.5,2009-10,28,TOR,22,0,244,39,73,32,49,7,24,24,29,3,20,23,26,12,2,20,30,109,.534,.653,.292,.828,.635,.582,G,banksma01"
"312,Carlos Rogers,0.5,0.5,1997-98,26,TOR,18,0,351,45,87,45,86,0,1,18,32,34,31,65,16,9,8,13,34,108,.517,.523,.000,.563,.534,.517,C-F,rogerca01"
"313,Dalano Banton,0.4,0.4,2021-22,22,TOR,64,1,696,83,202,70,151,13,51,26,44,38,86,124,99,28,10,53,68,205,.411,.464,.255,.591,.463,.443,G-F,bantoda01"
"314,Loren Woods,0.4,0.4,2005-06,27,TOR,27,4,324,28,59,28,58,0,1,6,14,44,66,110,4,9,23,16,49,62,.475,.483,.000,.429,.476,.475,F-C,woodslo01"
"315,Maceo Baston,0.4,0.4,2007-08,32,TOR,15,2,103,17,25,17,25,0,0,7,10,9,17,26,3,2,4,4,20,41,.680,.680,,.700,.697,.680,F,bastoma01"
"316,Corie Blount,0.4,0.4,2003-04,35,TOR,16,0,294,18,47,18,47,0,0,2,3,22,47,69,10,11,5,8,49,38,.383,.383,,.667,.393,.383,F,blounco01"
"317,C.J. Miles,0.4,0.4,2018-19,31,TOR,40,1,562,70,206,27,69,43,137,35,44,12,56,68,22,18,10,21,62,218,.340,.391,.314,.795,.484,.444,G-F,milescj01"
"318,Eric Williams,0.4,0.4,2004-05,32,TOR,34,18,583,55,145,44,112,11,33,38,53,16,61,77,50,22,2,26,67,159,.379,.393,.333,.717,.472,.417,F,willier01"
"319,Sharone Wright,0.4,0.4,1995-96,23,TOR,11,6,298,65,128,64,125,1,3,50,73,24,33,57,11,6,10,28,38,181,.508,.512,.333,.685,.565,.512,F-C,wrighsh01"
"320,Otto Porter Jr.,0.4,0.4,2022-23,29,TOR,6,0,108,13,25,7,10,6,15,6,6,4,9,13,5,9,0,2,6,38,.520,.700,.400,1.000,.687,.640,F,porteot01"
"321,Nando De Colo,0.4,0.4,2013-14,26,TOR,21,0,193,22,60,14,38,8,22,13,13,8,20,28,33,7,3,14,23,65,.367,.368,.364,1.000,.495,.433,G,decolna01"
"322,Chauncey Billups,0.4,0.4,1997-98,21,TOR,29,26,920,103,295,60,159,43,136,79,86,22,55,77,97,30,2,56,54,328,.349,.377,.316,.919,.493,.422,G,billuch01"
"323,Landry Fields,0.4,0.4,2013-14,25,TOR,30,2,322,27,67,27,62,0,5,14,22,15,44,59,20,10,3,11,25,68,.403,.435,.000,.636,.443,.403,F,fieldla01"
"324,John Thomas,0.4,0.4,1999-00,24,TOR,55,6,477,49,107,49,106,0,1,16,41,37,38,75,9,12,14,14,106,114,.458,.462,.000,.390,.456,.458,F,thomajo02"
"325,John Salley,0.4,0.4,1995-96,31,TOR,25,6,482,51,105,51,105,0,0,47,65,26,71,97,39,11,12,39,72,149,.486,.486,,.723,.558,.486,F-C,sallejo01"
"326,D.J. Wilson,0.4,0.4,2021-22,25,TOR,4,1,54,11,15,11,13,0,2,8,10,1,15,16,5,5,1,2,6,30,.733,.846,.000,.800,.773,.733,F,wilsodj01"
"327,Darrick Martin,0.4,0.4,2005-06,34,TOR,40,0,339,34,97,18,57,16,40,18,24,2,18,20,57,17,0,15,42,102,.351,.316,.400,.750,.474,.433,G,martida01"
"328,Will Solomon,0.4,0.4,2008-09,30,TOR,39,9,544,79,181,64,124,15,57,20,24,9,34,43,123,20,4,49,60,193,.436,.516,.263,.833,.504,.478,G,solomwi01"
"329,Kornél Dávid,0.3,0.3,2000-01,29,TOR,17,0,140,15,29,15,29,0,0,12,13,9,24,33,4,2,3,7,20,42,.517,.517,,.923,.605,.517,F,davidko01"
"330,Maceo Baston,0.3,0.3,2002-03,27,TOR,16,0,106,15,25,15,25,0,0,10,12,4,19,23,0,4,11,6,16,40,.600,.600,,.833,.661,.600,F,bastoma01"
"331,Precious Achiuwa,0.3,0.3,2022-23,23,TOR,12,0,245,36,92,31,64,5,28,28,33,24,60,84,16,2,7,15,19,105,.391,.484,.179,.848,.493,.418,F,achiupr01"
"332,Michael Curry,0.3,0.3,2003-04,35,TOR,70,15,1229,76,196,73,181,3,15,49,58,22,65,87,53,23,5,48,153,204,.388,.403,.200,.845,.460,.395,F-G,currymi01"
"333,Jodie Meeks,0.3,0.3,2018-19,31,TOR,8,0,104,21,39,13,21,8,18,1,1,1,11,12,8,1,1,2,5,51,.538,.619,.444,1.000,.647,.641,G,meeksjo01"
"334,Antoine Wright,0.3,0.3,2009-10,25,TOR,67,10,1392,162,399,104,226,58,173,53,77,38,152,190,71,30,11,58,134,435,.406,.460,.335,.688,.502,.479,G-F,wrighan01"
"335,Landry Fields,0.3,0.3,2014-15,26,TOR,26,9,216,20,41,19,39,1,2,5,6,10,16,26,15,11,0,8,9,46,.488,.487,.500,.833,.527,.500,F,fieldla01"
"336,Goran Dragić,0.3,0.3,2021-22,35,TOR,5,2,90,13,34,9,20,4,14,10,10,2,12,14,9,5,1,1,8,40,.382,.450,.286,1.000,.521,.441,G,dragigo01"
"337,Alan Anderson,0.3,0.3,2011-12,29,TOR,17,12,461,55,142,31,81,24,61,29,34,8,26,34,26,5,3,25,35,163,.387,.383,.393,.853,.519,.472,G-F,anderal01"
"338,Paul Watson,0.3,0.3,2019-20,25,TOR,8,0,70,10,19,6,10,4,9,7,9,2,13,15,5,3,1,3,4,31,.526,.600,.444,.778,.675,.632,G,watsopa01"
"339,Gary Trent,0.3,0.3,1997-98,23,TOR,13,7,355,64,146,64,143,0,3,31,49,43,61,104,14,8,8,22,46,159,.438,.448,.000,.633,.474,.438,F,trentga01"
"340,Jalen Harris,0.3,0.3,2020-21,22,TOR,13,2,172,36,72,19,36,17,36,7,9,3,15,18,17,8,0,14,15,96,.500,.528,.472,.778,.632,.618,G,harrija01"
"341,Rudy Gay,0.3,0.3,2013-14,27,TOR,18,18,639,130,335,108,276,22,59,68,88,29,104,133,40,28,23,59,47,350,.388,.391,.373,.773,.468,.421,F,gayru01"
"342,Popeye Jones,0.3,0.3,1997-98,27,TOR,14,4,352,52,127,50,124,2,3,14,19,50,52,102,18,10,3,16,39,120,.409,.403,.667,.737,.443,.417,F,jonespo01"
"343,Malcolm Miller,0.3,0.3,2019-20,26,TOR,28,1,162,12,29,4,7,8,22,3,8,2,14,16,11,5,2,4,18,35,.414,.571,.364,.375,.538,.552,F,millema01"
"344,Acie Earl,0.3,0.3,1995-96,25,TOR,42,7,655,117,276,117,273,0,3,82,114,51,78,129,27,18,37,49,73,316,.424,.429,.000,.719,.484,.424,F-C,earlac01"
"345,Joey Graham,0.3,0.3,2007-08,25,TOR,38,3,331,49,113,47,110,2,3,38,45,18,49,67,15,3,0,23,47,138,.434,.427,.667,.844,.520,.442,F,grahajo01"
"346,Terence Davis,0.3,0.3,2020-21,23,TOR,34,4,493,87,210,43,88,44,122,16,18,9,57,66,37,17,7,29,48,234,.414,.489,.361,.889,.537,.519,G,daviste02"
"347,Mamadou N'Diaye,0.3,0.3,2001-02,26,TOR,5,0,46,6,10,6,10,0,0,8,10,6,5,11,0,0,2,1,6,20,.600,.600,,.800,.694,.600,C,ndiayma02"
"348,Rafael Araújo,0.3,0.3,2004-05,24,TOR,59,41,736,76,175,75,172,1,3,43,55,59,126,185,16,21,8,52,157,196,.434,.436,.333,.782,.492,.437,C,araujra01"
"349,Robert Archibald,0.2,0.2,2003-04,23,TOR,30,3,246,8,30,8,30,0,0,13,27,21,29,50,12,13,3,9,49,29,.267,.267,,.481,.346,.267,F,archiro01"
"350,Fred VanVleet,0.2,0.2,2016-17,22,TOR,37,0,294,39,111,28,82,11,29,18,22,4,38,42,35,16,3,15,36,107,.351,.341,.379,.818,.443,.401,G,vanvlfr01"
"351,Michael Stewart,0.2,0.2,1999-00,24,TOR,42,1,389,20,53,20,53,0,0,18,32,33,61,94,6,5,19,17,81,58,.377,.377,,.563,.432,.377,C,stewami01"
"352,Patrick O'Bryant,0.2,0.2,2008-09,22,TOR,13,3,147,29,53,29,51,0,2,3,8,6,26,32,3,3,11,5,32,61,.547,.569,.000,.375,.540,.547,C,obryapa01"
"353,Quincy Acy,0.2,0.2,2013-14,23,TOR,7,0,61,6,14,4,9,2,5,5,8,5,10,15,4,4,3,2,8,19,.429,.444,.400,.625,.542,.500,F-C,acyqu01"
"354,Alexis Ajinça,0.2,0.2,2010-11,22,TOR,24,0,265,47,101,38,74,9,27,11,15,12,49,61,8,8,14,17,60,114,.465,.514,.333,.733,.530,.510,C-F,ajincal01"
"355,Roger Mason,0.2,0.2,2003-04,23,TOR,23,3,285,31,87,19,54,12,33,19,22,1,27,28,23,10,6,18,31,93,.356,.352,.364,.864,.481,.425,G,masonro01"
"356,Malcolm Miller,0.2,0.2,2017-18,24,TOR,15,4,126,13,28,5,7,8,21,4,4,4,11,15,3,1,2,5,10,38,.464,.714,.381,1.000,.638,.607,F,millema01"
"357,Thaddeus Young,0.2,0.2,2022-23,34,TOR,10,0,106,9,22,8,16,1,6,3,4,11,14,25,12,7,1,4,8,22,.409,.500,.167,.750,.463,.432,F,youngth01"
"358,Reggie Slater,0.2,0.2,1998-99,28,TOR,30,0,263,31,81,31,81,0,0,53,85,36,34,70,5,3,3,25,50,115,.383,.383,,.624,.486,.383,F,slatere01"
"359,Jordan Loyd,0.2,0.2,2018-19,25,TOR,12,0,55,8,18,4,10,4,8,9,11,1,8,9,6,0,0,2,5,29,.444,.400,.500,.818,.635,.556,G,loydjo01"
"360,Reggie Evans,0.2,0.2,2009-10,29,TOR,28,1,311,34,69,34,69,0,0,27,60,30,75,105,8,14,4,22,44,95,.493,.493,,.450,.498,.493,F,evansre01"
"361,Dominic McGuire,0.2,0.2,2012-13,27,TOR,15,9,230,15,32,15,32,0,0,2,6,11,37,48,10,5,8,7,26,32,.469,.469,,.333,.462,.469,F,mcguido01"
"362,Gary Trent Jr.,0.2,0.2,2020-21,22,TOR,17,15,540,103,261,59,137,44,124,25,31,6,55,61,22,19,4,12,29,275,.395,.431,.355,.806,.501,.479,G,trentga02"
"363,Armoni Brooks,0.2,0.2,2021-22,23,TOR,13,3,154,11,38,1,2,10,36,2,2,8,14,22,13,7,3,4,14,34,.289,.500,.278,1.000,.437,.421,G,brookar01"
"364,Luke Jackson,0.2,0.2,2006-07,25,TOR,10,2,122,18,35,14,22,4,13,5,9,2,7,9,9,5,1,6,12,45,.514,.636,.308,.556,.578,.571,F,jackslu02"
"365,Solomon Alabi,0.2,0.2,2011-12,23,TOR,14,0,122,13,36,13,36,0,0,7,8,15,32,47,3,2,9,5,11,33,.361,.361,,.875,.418,.361,C,alabiso01"
"366,Eric Montross,0.2,0.2,2001-02,30,TOR,49,24,655,53,132,53,131,0,1,10,31,36,104,140,16,12,23,25,92,116,.402,.405,.000,.323,.398,.402,C,montrer01"
"367,Chris Childs,0.2,0.2,2000-01,33,TOR,26,0,550,42,113,30,71,12,42,21,25,10,54,64,119,22,8,58,82,117,.372,.423,.286,.840,.472,.425,G,childch01"
"368,Ben Uzoh,0.2,0.2,2011-12,23,TOR,16,8,357,33,94,33,93,0,1,11,19,17,46,63,59,16,3,19,30,77,.351,.355,.000,.579,.376,.351,G,uzohbe01"
"369,David Andersen,0.2,0.2,2010-11,30,TOR,11,0,150,23,47,20,37,3,10,7,7,8,26,34,7,3,3,8,11,56,.489,.541,.300,1.000,.559,.521,C,anderda03"
"370,Malcolm Miller,0.2,0.2,2018-19,25,TOR,10,0,67,11,26,1,5,10,21,3,4,1,4,5,1,1,1,1,5,35,.423,.200,.476,.750,.630,.615,F,millema01"
"371,Malachi Flynn,0.2,0.2,2022-23,24,TOR,7,0,57,12,26,4,12,8,14,5,6,1,5,6,4,2,0,3,9,37,.462,.333,.571,.833,.646,.615,G,flynnma01"
"372,Jeremy Lin,0.2,0.2,2018-19,30,TOR,23,3,433,58,155,47,100,11,55,34,42,6,54,60,50,9,6,26,48,161,.374,.470,.200,.810,.464,.410,G,linje01"
"373,Lorenzo Brown,0.2,0.2,2017-18,27,TOR,14,0,139,14,34,12,22,2,12,2,2,1,14,15,13,5,0,3,7,32,.412,.545,.167,1.000,.459,.441,G,brownlo01"
"374,Pops Mensah-Bonsu,0.2,0.2,2008-09,25,TOR,19,0,263,34,96,34,94,0,2,28,41,50,53,103,6,8,4,17,37,96,.354,.362,.000,.683,.421,.354,F,mensapo01"
"375,Primož Brezec,0.2,0.2,2007-08,28,TOR,13,0,110,17,38,17,38,0,0,14,21,9,9,18,1,1,2,4,25,48,.447,.447,,.667,.508,.447,C,brezepr01"
"376,Quincy Douby,0.2,0.2,2008-09,24,TOR,7,0,73,12,22,8,13,4,9,3,4,3,4,7,12,3,0,7,4,31,.545,.615,.444,.750,.652,.636,G,doubyqu01"
"377,Pape Sow,0.2,0.2,2004-05,23,TOR,27,4,255,23,58,23,58,0,0,16,27,18,39,57,2,12,4,10,46,62,.397,.397,,.593,.444,.397,F,sowpa01"
"378,Juancho Hernangómez,0.2,0.2,2022-23,27,TOR,6,0,51,5,9,2,2,3,7,1,2,1,7,8,5,3,2,2,4,14,.556,1.000,.429,.500,.709,.722,F,hernaju01"
"379,Julyan Stone,0.2,0.2,2013-14,25,TOR,21,0,120,7,17,5,9,2,8,2,3,2,18,20,12,3,0,5,13,18,.412,.556,.250,.667,.491,.471,G,stoneju01"
"380,Andrea Bargnani,0.1,0.1,2012-13,27,TOR,35,25,1003,170,426,132,303,38,123,65,77,26,102,128,38,21,23,54,64,443,.399,.436,.309,.844,.482,.444,F-C,bargnan01"
"381,Žan Tabak,0.1,0.1,1996-97,26,TOR,13,4,218,32,71,32,71,0,0,20,29,20,29,49,14,6,11,21,35,84,.451,.451,,.690,.501,.451,C,tabakza01"
"382,P.J. Tucker,0.1,0.1,2006-07,21,TOR,17,0,83,11,22,11,22,0,0,8,14,11,12,23,3,2,0,6,12,30,.500,.500,,.571,.533,.500,F,tuckepj01"
"383,Patrick McCaw,0.1,0.1,2020-21,25,TOR,5,0,33,1,1,1,1,0,0,3,3,1,2,3,4,2,0,0,6,5,1.000,1.000,,1.000,1.078,1.000,G,mccawpa01"
"384,Darrick Martin,0.1,0.1,2006-07,35,TOR,31,0,220,33,94,20,57,13,37,15,21,2,10,12,43,3,0,12,22,94,.351,.351,.351,.714,.455,.420,G,martida01"
"385,Hubert Davis,0.1,0.1,1996-97,26,TOR,36,0,623,74,184,58,114,16,70,17,23,11,29,40,34,11,2,21,40,181,.402,.509,.229,.739,.466,.446,G,davishu01"
"386,Christian Koloko,0.1,0.1,2022-23,22,TOR,13,8,233,19,48,19,45,0,3,12,20,19,27,46,7,4,17,10,42,50,.396,.422,.000,.600,.440,.396,C,kolokch01"
"387,Rodney Hood,0.1,0.1,2020-21,28,TOR,17,0,216,21,59,12,30,9,29,15,16,5,25,30,6,4,3,5,15,66,.356,.400,.310,.938,.500,.432,G-F,hoodro01"
"388,Michael Bradley,0.1,0.1,2001-02,22,TOR,26,0,118,13,25,13,23,0,2,4,8,7,17,24,3,0,6,6,10,30,.520,.565,.000,.500,.526,.520,F-C,bradlmi01"
"389,Khem Birch,0.1,0.1,2022-23,30,TOR,4,0,34,3,5,2,4,1,1,2,2,3,2,5,1,3,1,1,8,9,.600,.500,1.000,1.000,.765,.700,C-F,birchkh01"
"390,Oshae Brissett,0.1,0.1,2019-20,21,TOR,19,0,135,13,36,10,21,3,15,8,10,9,17,26,7,4,1,7,18,37,.361,.476,.200,.800,.458,.403,F,brissos01"
"391,John Long,0.1,0.1,1996-97,40,TOR,32,0,370,46,117,34,83,12,34,25,28,6,34,40,21,9,2,24,28,129,.393,.410,.353,.893,.499,.444,G-F,longjo01"
"392,Michael Stewart,0.1,0.1,2001-02,26,TOR,11,0,93,8,23,8,23,0,0,6,11,12,13,25,3,4,3,4,22,22,.348,.348,,.545,.395,.348,C,stewami01"
"393,Matt Thomas,0.1,0.1,2020-21,26,TOR,26,0,192,24,62,7,21,17,41,6,7,3,18,21,9,2,0,6,10,71,.387,.333,.415,.857,.545,.524,G,thomama02"
"394,Sebastian Telfair,0.1,0.1,2012-13,27,TOR,13,0,185,18,62,8,25,10,37,10,12,1,15,16,39,9,1,11,20,56,.290,.320,.270,.833,.416,.371,G,telfase01"
"395,Peja Stojaković,0.1,0.1,2010-11,33,TOR,2,0,22,7,10,3,4,4,6,2,2,0,3,3,1,0,0,2,0,20,.700,.750,.667,1.000,.919,.900,F,stojape01"
"396,Derrick Dial,0.1,0.1,2001-02,26,TOR,7,0,50,11,26,10,22,1,4,5,6,2,9,11,4,2,0,3,1,28,.423,.455,.250,.833,.489,.442,G,dialde01"
"397,Rod Strickland,0.1,0.1,2003-04,37,TOR,15,1,282,28,84,28,81,0,3,15,22,10,27,37,59,8,4,18,17,71,.333,.346,.000,.682,.379,.333,G,stricro02"
"398,Donald Whiteside,0.1,0.1,1996-97,27,TOR,27,1,259,18,55,6,19,12,36,11,15,2,10,12,36,11,0,17,23,59,.327,.316,.333,.733,.479,.436,G,whitedo01"
"399,Shamorie Ponds,0.1,0.1,2019-20,21,TOR,4,0,11,3,5,2,3,1,2,2,2,0,1,1,2,0,1,0,2,9,.600,.667,.500,1.000,.765,.700,G,pondssh01"
"400,Dalano Banton,0.1,0.1,2022-23,23,TOR,12,0,110,19,48,13,27,6,21,6,8,5,8,13,12,5,6,7,9,50,.396,.481,.286,.750,.485,.458,G-F,bantoda01"
"401,Omar Cook,0.1,0.1,2004-05,23,TOR,5,0,74,10,24,10,20,0,4,3,6,2,5,7,22,6,1,6,6,23,.417,.500,.000,.500,.432,.417,G,cookom01"
"402,Henry Ellenson,0.1,0.1,2020-21,24,TOR,2,0,38,5,14,3,5,2,9,3,4,3,9,12,5,0,0,0,7,15,.357,.600,.222,.750,.476,.429,F,ellenhe01"
"403,Linas Kleiza,0.1,0.1,2012-13,28,TOR,20,3,376,48,144,28,78,20,66,32,38,10,42,52,16,4,2,14,45,148,.333,.359,.303,.842,.460,.403,F,kleizli01"
"404,Aaron Williams,0.1,0.1,2005-06,34,TOR,14,3,99,10,19,10,19,0,0,5,6,5,10,15,1,4,3,5,28,25,.526,.526,,.833,.578,.526,F-C,williaa01"
"405,Anthony Bennett,0.1,0.1,2015-16,22,TOR,19,0,84,8,27,5,13,3,14,9,10,6,17,23,0,5,0,4,8,28,.296,.385,.214,.900,.446,.352,F,bennean01"
"406,Alfonzo McKinnie,0.1,0.1,2017-18,25,TOR,14,0,53,8,15,5,6,3,9,2,3,1,6,7,1,1,1,3,8,21,.533,.833,.333,.667,.643,.633,F,mckinal01"
"407,Michael Stewart,0.1,0.1,2000-01,25,TOR,26,0,123,11,34,11,34,0,0,11,18,16,13,29,2,4,3,5,19,33,.324,.324,,.611,.394,.324,C,stewami01"
"408,Pape Sow,0.1,0.1,2006-07,25,TOR,7,0,34,3,9,3,9,0,0,4,6,6,5,11,2,1,1,1,2,10,.333,.333,,.667,.430,.333,F,sowpa01"
"409,Isaac Bonga,0.1,0.1,2021-22,22,TOR,15,0,69,3,13,2,9,1,4,5,8,4,3,7,4,8,2,2,10,12,.231,.222,.250,.625,.363,.269,G,bongais01"
"410,Martin Lewis,0.1,0.1,1996-97,21,TOR,9,0,50,6,14,5,11,1,3,1,2,4,2,6,4,1,2,1,8,14,.429,.455,.333,.500,.470,.464,F,lewisma01"
"411,Eric Williams,0.1,0.1,2005-06,33,TOR,28,11,352,29,75,24,57,5,18,28,38,10,40,50,15,7,2,15,55,91,.387,.421,.278,.737,.496,.420,F,willier01"
"412,Juwan Morgan,0.1,0.1,2021-22,24,TOR,1,0,27,2,3,1,1,1,2,0,0,2,2,4,1,0,0,0,3,5,.667,1.000,.500,,.833,.833,F,morgaju01"
"413,Mengke Bateer,0.1,0.1,2003-04,28,TOR,7,0,40,4,7,4,7,0,0,0,0,5,3,8,1,1,0,2,10,8,.571,.571,,,.571,.571,C,bateeme01"
"414,Jorge Garbajosa,0.1,0.1,2007-08,30,TOR,7,0,74,8,25,2,9,6,16,0,0,2,13,15,3,3,0,1,2,22,.320,.222,.375,,.440,.440,F,garbajo01"
"415,Bruno Caboclo,0.1,0.1,2016-17,21,TOR,9,0,40,6,16,4,10,2,6,0,0,5,5,10,4,2,1,2,4,14,.375,.400,.333,,.438,.438,F-C,cabocbr01"
"416,Greg Stiemsma,0.1,0.1,2014-15,29,TOR,17,0,66,6,8,6,8,0,0,2,4,9,6,15,3,2,0,7,15,14,.750,.750,,.500,.717,.750,C,stiemgr01"
"417,Lloyd Daniels,0.1,0.1,1997-98,30,TOR,6,0,82,12,29,10,20,2,9,8,10,4,3,7,4,3,2,4,4,34,.414,.500,.222,.800,.509,.448,G,daniell01"
"418,Daniel Oturu,0.1,0.1,2021-22,22,TOR,3,0,27,3,6,3,5,0,1,3,5,1,4,5,0,0,2,0,1,9,.500,.600,.000,.600,.549,.500,F-C,oturuda01"
"419,Uroš Slokar,0.1,0.1,2006-07,23,TOR,20,0,72,14,26,13,24,1,2,9,13,7,7,14,1,1,2,9,11,38,.538,.542,.500,.692,.599,.558,F,slokaur01"
"420,Nate Huffman,0.1,0.1,2002-03,27,TOR,7,0,76,9,25,9,25,0,0,5,8,9,14,23,5,1,3,3,13,23,.360,.360,,.625,.403,.360,C,huffmna01"
"421,Jérôme Moïso,0.1,0.1,2004-05,26,TOR,8,1,69,3,9,3,8,0,1,8,9,6,17,23,0,2,3,6,7,14,.333,.375,.000,.889,.540,.333,F-C,moisoje01"
"422,Justin Champagnie,0.1,0.1,2022-23,21,TOR,2,0,9,3,3,3,3,0,0,0,0,1,2,3,0,0,0,0,1,6,1.000,1.000,,,1.000,1.000,F,champju01"
"423,Haywoode Workman,0.0,0.0,1999-00,34,TOR,13,1,102,8,28,5,14,3,14,1,2,0,9,9,17,9,0,4,14,20,.286,.357,.214,.500,.346,.339,G,workmha01"
"424,Eric Montross,0.0,0.0,2000-01,29,TOR,12,1,81,6,17,6,17,0,0,1,5,9,20,29,4,3,3,4,15,13,.353,.353,,.200,.339,.353,C,montrer01"
"425,Martin Lewis,0.0,0.0,1995-96,20,TOR,16,0,189,29,60,27,53,2,7,15,25,15,14,29,3,8,3,14,21,75,.483,.509,.286,.600,.528,.500,F,lewisma01"
"426,Stanley Johnson,0.0,0.0,2019-20,23,TOR,25,0,150,22,59,15,35,7,24,9,16,7,30,37,20,6,4,15,16,60,.373,.429,.292,.563,.454,.432,F,johnsst04"
"427,Carlos Arroyo,0.0,0.0,2001-02,22,TOR,17,0,96,13,29,13,29,0,0,4,6,3,9,12,21,6,0,12,12,30,.448,.448,,.667,.474,.448,G,arroyca01"
"428,Sharone Wright,0.0,0.0,1997-98,25,TOR,7,0,44,7,14,7,14,0,0,2,4,1,8,9,4,0,0,2,7,16,.500,.500,,.500,.508,.500,F-C,wrighsh01"
"429,Rick Brunson,0.0,0.0,2003-04,31,TOR,3,0,10,2,4,2,4,0,0,0,0,0,0,0,2,0,0,0,0,4,.500,.500,,,.500,.500,G,brunsri01"
"430,Benoit Benjamin,0.0,0.0,1996-97,32,TOR,4,3,44,5,12,5,12,0,0,3,4,3,6,9,1,1,0,2,5,13,.417,.417,,.750,.472,.417,C,benjabe01"
"431,Aaron Williams,0.0,0.0,2004-05,33,TOR,23,4,165,15,36,15,36,0,0,6,7,10,19,29,2,1,3,6,45,36,.417,.417,,.857,.461,.417,F-C,williaa01"
"432,Zendon Hamilton,0.0,0.0,2002-03,27,TOR,3,0,12,2,5,2,5,0,0,2,2,1,3,4,0,1,0,1,2,6,.400,.400,,1.000,.510,.400,C-F,hamilze01"
"433,Chris Jefferies,0.0,0.0,2003-04,23,TOR,2,0,8,3,6,2,3,1,3,1,1,0,1,1,1,0,0,1,0,8,.500,.667,.333,1.000,.621,.583,G-F,jeffech01"
"434,Dwayne Whitfield,0.0,0.0,1995-96,23,TOR,8,1,122,13,30,13,30,0,0,14,22,9,16,25,2,3,2,8,14,40,.433,.433,,.636,.504,.433,F,whitfdw01"
"435,Dewan Hernandez,0.0,0.0,2019-20,23,TOR,6,0,28,5,14,4,12,1,2,3,5,5,9,14,3,1,0,3,6,14,.357,.333,.500,.600,.432,.393,F,hernade01"
"436,Earl Cureton,0.0,0.0,1996-97,39,TOR,9,0,46,3,8,3,8,0,0,1,3,4,5,9,4,0,0,1,10,7,.375,.375,,.333,.376,.375,F-C,curetea01"
"437,Jeff Dowtin,0.0,0.0,2022-23,25,TOR,2,0,8,2,4,2,4,0,0,0,0,0,1,1,2,0,0,0,0,4,.500,.500,,,.500,.500,G,dowtije01"
"438,Dan O'Sullivan,0.0,0.0,1995-96,27,TOR,5,2,139,13,35,13,34,0,1,7,8,13,19,32,2,2,4,5,13,33,.371,.382,.000,.875,.428,.371,C,osullda01"
"439,Herb Williams,0.0,0.0,1995-96,37,TOR,1,0,31,3,8,3,8,0,0,0,0,1,7,8,0,1,2,0,4,6,.375,.375,,,.375,.375,C-F,willihe01"
"440,Eric Moreland,0.0,0.0,2018-19,27,TOR,4,0,38,3,7,2,6,1,1,0,0,4,13,17,4,1,1,5,8,7,.429,.333,1.000,,.500,.500,F-C,moreler01"
"441,Juan Dixon,0.0,0.0,2007-08,29,TOR,36,0,424,59,160,42,121,17,39,18,19,9,38,47,65,21,2,35,38,153,.369,.347,.436,.947,.454,.422,G,dixonju01"
"442,Mamadou N'Diaye,0.0,0.0,2000-01,25,TOR,3,0,10,1,4,1,4,0,0,2,2,1,1,2,0,0,0,0,3,4,.250,.250,,1.000,.410,.250,C,ndiayma02"
"443,Jarrett Jack,0.0,0.0,2010-11,27,TOR,13,13,347,48,122,44,98,4,24,40,46,6,36,42,59,14,0,34,25,140,.393,.449,.167,.870,.492,.410,G,jackja01"
"444,Jimmy King,0.0,0.0,1995-96,22,TOR,62,1,868,110,255,105,221,5,34,54,77,43,67,110,88,21,13,60,76,279,.431,.475,.147,.701,.483,.441,G,kingji02"
"445,Marcus Banks,0.0,0.0,2010-11,29,TOR,3,0,22,0,2,0,2,0,0,6,8,0,1,1,3,1,0,2,4,6,.000,.000,,.750,.543,.000,G,banksma01"
"446,Malachi Richardson,0.0,0.0,2017-18,22,TOR,1,0,5,1,2,1,1,0,1,0,0,0,1,1,0,0,0,0,0,2,.500,1.000,.000,,.500,.500,G,richama01"
"447,Anthony Carter,0.0,0.0,2011-12,36,TOR,24,0,209,17,53,12,36,5,17,8,10,5,28,33,34,8,4,17,20,47,.321,.333,.294,.800,.409,.368,G,cartean01"
"448,Garth Joseph,0.0,0.0,2000-01,27,TOR,2,0,8,1,2,1,2,0,0,0,0,2,0,2,1,0,0,1,1,2,.500,.500,,,.500,.500,C,josepga01"
"449,Nigel Hayes,0.0,0.0,2017-18,23,TOR,2,0,6,2,2,0,0,2,2,0,0,0,0,0,0,0,0,1,0,6,1.000,,1.000,,1.500,1.500,F,hayesni01"
"450,Sam Dekker,0.0,0.0,2021-22,27,TOR,1,0,1,0,0,0,0,0,0,0,0,0,0,0,0,0,0,0,0,0,,,,,,,F,dekkesa01"
"451,William Cunningham,0.0,0.0,1998-99,24,TOR,1,0,1,0,0,0,0,0,0,0,0,0,0,0,0,0,0,0,0,0,,,,,,,C,cunniwi01"
"452,Aaron Gray,0.0,0.0,2013-14,29,TOR,4,0,20,2,3,2,3,0,0,1,2,3,5,8,3,0,0,4,7,5,.667,.667,,.500,.644,.667,C,grayaa01"
"453,Patrick O'Bryant,0.0,0.0,2009-10,23,TOR,11,0,51,8,15,8,14,0,1,3,6,2,9,11,1,2,4,5,12,19,.533,.571,.000,.500,.539,.533,C,obryapa01"
"454,Pops Mensah-Bonsu,0.0,0.0,2009-10,26,TOR,16,0,107,12,29,12,29,0,0,10,18,15,16,31,2,3,8,10,17,34,.414,.414,,.556,.460,.414,F,mensapo01"
"455,Michael Bradley,0.0,0.0,2003-04,24,TOR,5,0,38,1,3,1,3,0,0,1,2,1,10,11,1,1,0,3,6,3,.333,.333,,.500,.387,.333,F-C,bradlmi01"
"456,Bruno Caboclo,0.0,0.0,2017-18,22,TOR,2,0,7,0,2,0,0,0,2,0,0,0,1,1,1,1,0,0,1,0,.000,,.000,,.000,.000,F-C,cabocbr01"
"457,Bob McCann,0.0,0.0,1997-98,33,TOR,1,0,5,0,1,0,1,0,0,0,0,0,1,1,0,0,0,0,1,0,.000,.000,,,.000,.000,F,mccanbo01"
"458,David Johnson,0.0,0.0,2021-22,20,TOR,2,0,2,0,1,0,0,0,1,0,0,0,0,0,0,0,0,0,0,0,.000,,.000,,.000,.000,G,johnsda08"
"459,Ron Harper Jr.,0.0,0.0,2022-23,22,TOR,1,0,3,0,1,0,0,0,1,0,0,0,0,0,0,0,0,0,0,0,.000,,.000,,.000,.000,G-F,harpero02"
"460,Sean Marks,0.0,0.0,1998-99,23,TOR,8,0,28,5,8,5,8,0,0,1,2,0,1,1,0,1,0,3,3,11,.625,.625,,.500,.619,.625,F-C,marksse01"
"461,Sean Marks,0.0,0.0,1999-00,24,TOR,5,0,12,2,6,2,5,0,1,4,4,0,2,2,0,1,1,3,3,8,.333,.400,.000,1.000,.515,.333,F-C,marksse01"
"462,Ronald Dupree,0.0,0.0,2010-11,30,TOR,3,0,13,1,4,1,3,0,1,0,0,0,3,3,1,0,0,0,2,2,.250,.333,.000,,.250,.250,F,duprero01"
"463,Ed Stokes,0.0,0.0,1997-98,26,TOR,4,0,17,1,3,1,3,0,0,1,2,1,3,4,1,1,2,2,4,3,.333,.333,,.500,.387,.333,C,stokeed01"
"464,Dwight Buycks,0.0,0.0,2013-14,24,TOR,14,0,146,15,48,10,31,5,17,8,9,4,19,23,10,8,0,10,11,43,.313,.323,.294,.889,.414,.365,G,buyckdw01"
"465,John Thomas,0.0,0.0,1997-98,22,TOR,21,0,167,14,33,14,33,0,0,15,21,16,20,36,4,3,3,13,32,43,.424,.424,,.714,.509,.424,F,thomajo02"
"466,Mickaël Piétrus,0.0,0.0,2012-13,30,TOR,19,16,386,34,98,14,34,20,64,12,18,5,31,36,9,12,6,16,33,100,.347,.412,.313,.667,.472,.449,G-F,pietrmi01"
"467,Lucas Nogueira,0.0,0.0,2014-15,22,TOR,6,0,23,2,8,2,8,0,0,2,4,2,9,11,1,2,0,2,6,6,.250,.250,,.500,.307,.250,C,noguelu01"
"468,Antonio Lang,0.0,0.0,1999-00,27,TOR,7,0,32,0,5,0,5,0,0,3,4,0,5,5,1,4,1,2,7,3,.000,.000,,.750,.222,.000,F-G,langan02"
"469,Alvin Williams,0.0,0.0,1997-98,23,TOR,13,3,207,16,44,14,40,2,4,7,11,5,16,21,20,8,1,8,19,41,.364,.350,.500,.636,.420,.386,G,willial02"
"470,Antonio Davis,0.0,0.0,2005-06,37,TOR,8,8,191,14,31,14,31,0,0,7,20,15,21,36,7,3,1,8,26,35,.452,.452,,.350,.440,.452,F-C,davisan01"
"471,Austin Daye,0.0,0.0,2013-14,25,TOR,8,0,33,3,13,3,5,0,8,2,3,2,5,7,2,0,0,0,4,8,.231,.600,.000,.667,.279,.231,F,dayeau01"
"472,Brad Lohaus,-0.1,-0.1,1996-97,32,TOR,6,0,45,4,15,2,8,2,7,0,0,1,6,7,1,1,0,1,6,10,.267,.250,.286,,.333,.333,F-C,lohaubr01"
"473,Alex Len,-0.1,-0.1,2020-21,27,TOR,7,2,76,5,10,2,4,3,6,3,6,0,11,11,3,1,6,8,10,16,.500,.500,.500,.500,.633,.650,C,lenal01"
"474,Tremont Waters,-0.1,-0.1,2021-22,24,TOR,2,0,42,3,12,1,3,2,9,0,0,0,4,4,7,4,0,4,2,8,.250,.333,.222,,.333,.333,G,watertr01"
"475,Mark Baker,-0.1,-0.1,1998-99,29,TOR,1,0,2,0,1,0,1,0,0,0,0,0,0,0,0,0,0,1,0,0,.000,.000,,,.000,.000,G,bakerla01"
"476,Alvin Williams,-0.1,-0.1,2005-06,31,TOR,1,0,10,0,3,0,1,0,2,1,2,0,3,3,0,0,0,0,0,1,.000,.000,.000,.500,.129,.000,G,willial02"
"477,Justin Dentmon,-0.1,-0.1,2011-12,26,TOR,4,0,72,8,22,6,12,2,10,4,6,0,7,7,9,1,0,6,8,22,.364,.500,.200,.667,.446,.409,G,dentmju01"
"478,Jimmy Oliver,-0.1,-0.1,1996-97,27,TOR,4,0,43,4,13,3,7,1,6,2,2,1,4,5,1,2,0,3,2,11,.308,.429,.167,1.000,.396,.346,G-F,oliveji01"
"479,Darrick Martin,-0.1,-0.1,2007-08,36,TOR,17,0,141,10,43,8,27,2,16,5,6,3,4,7,21,6,0,1,12,27,.233,.296,.125,.833,.296,.256,G,martida01"
"480,Linton Johnson,-0.1,-0.1,2007-08,27,TOR,2,0,10,2,5,2,4,0,1,2,2,0,1,1,1,0,0,3,1,6,.400,.500,.000,1.000,.510,.400,F,johnsli01"
"481,Jared Sullinger,-0.1,-0.1,2016-17,24,TOR,11,1,118,15,47,12,29,3,18,4,8,10,17,27,3,4,1,4,17,37,.319,.414,.167,.500,.366,.351,F,sullija01"
"482,Trey Johnson,-0.1,-0.1,2010-11,26,TOR,7,0,81,10,30,9,27,1,3,7,8,2,5,7,11,1,1,5,11,28,.333,.333,.333,.875,.418,.350,G,johnstr01"
"483,Micheal Williams,-0.1,-0.1,1998-99,32,TOR,2,0,15,1,5,1,5,0,0,0,0,1,0,1,0,0,0,1,1,2,.200,.200,,,.200,.200,G,willimi02"
"484,Muggsy Bogues,-0.1,-0.1,2000-01,36,TOR,3,0,34,0,2,0,1,0,1,0,0,0,3,3,5,2,0,4,3,0,.000,.000,.000,,.000,.000,G,boguemu01"
"485,Nathan Jawai,-0.1,-0.1,2008-09,22,TOR,6,0,19,1,4,1,4,0,0,0,0,1,1,2,0,0,0,2,3,2,.250,.250,,,.250,.250,C-F,jawaina01"
"486,Sundiata Gaines,-0.1,-0.1,2010-11,24,TOR,6,0,90,15,35,12,20,3,15,2,6,2,6,8,11,4,1,8,10,35,.429,.600,.200,.333,.465,.471,G,gainesu01"
"487,Jermaine Jackson,-0.1,-0.1,2002-03,26,TOR,24,1,286,21,68,20,59,1,9,23,27,10,15,25,39,9,3,19,24,66,.309,.339,.111,.852,.413,.316,G,jacksje01"
"488,Aleksandar Radojević,-0.1,-0.1,1999-00,23,TOR,3,0,24,2,7,2,7,0,0,3,6,2,6,8,1,2,1,5,5,7,.286,.286,,.500,.363,.286,C,radojal01"
"489,Dion Glover,-0.1,-0.1,2003-04,25,TOR,14,4,178,25,65,21,51,4,14,10,14,4,25,29,15,10,2,19,17,64,.385,.412,.286,.714,.450,.415,G,glovedi01"
"490,Marcus Banks,-0.1,-0.1,2008-09,27,TOR,6,0,40,6,18,5,13,1,5,1,3,1,2,3,6,1,0,3,5,14,.333,.385,.200,.333,.362,.361,G,banksma01"
"491,Tim Kempton,-0.1,-0.1,1997-98,34,TOR,5,0,32,2,7,2,7,0,0,0,0,4,1,5,2,1,2,4,7,4,.286,.286,,,.286,.286,F-C,kemptti01"
"492,Acie Earl,-0.1,-0.1,1996-97,26,TOR,38,0,457,59,157,59,152,0,5,44,70,33,52,85,18,12,27,33,54,162,.376,.388,.000,.629,.431,.376,F-C,earlac01"
"493,Lorenzo Brown,-0.1,-0.1,2018-19,28,TOR,26,0,212,23,71,17,43,6,28,3,3,5,26,31,28,12,5,16,22,55,.324,.395,.214,1.000,.380,.366,G,brownlo01"
"494,Malachi Richardson,-0.1,-0.1,2018-19,23,TOR,22,0,103,9,29,1,4,8,25,4,5,2,11,13,0,1,0,8,13,30,.310,.250,.320,.800,.481,.448,G,richama01"
"495,Negele Knight,-0.1,-0.1,1998-99,31,TOR,6,0,56,3,8,3,7,0,1,2,4,1,5,6,8,1,0,7,5,8,.375,.429,.000,.500,.410,.375,G,knighne01"
"496,Roy Rogers,-0.1,-0.1,1997-98,24,TOR,6,0,69,6,17,6,17,0,0,1,4,8,4,12,1,1,4,4,12,13,.353,.353,,.250,.346,.353,F,rogerro02"
"497,Bruno Caboclo,-0.1,-0.1,2014-15,19,TOR,8,0,23,4,12,2,9,2,3,0,0,1,1,2,0,0,1,4,3,10,.333,.222,.667,,.417,.417,F-C,cabocbr01"
"498,Hassan Adams,-0.2,-0.2,2008-09,24,TOR,12,0,52,4,13,4,13,0,0,3,6,1,6,7,1,1,1,4,4,11,.308,.308,,.500,.352,.308,G,adamsha01"
"499,Andre Barrett,-0.2,-0.2,2005-06,23,TOR,17,0,261,35,97,33,84,2,13,6,9,8,14,22,50,10,0,14,12,78,.361,.393,.154,.667,.386,.371,G,barrean01"
"500,Jamaal Magloire,-0.2,-0.2,2011-12,33,TOR,34,1,374,17,45,17,45,0,0,7,27,25,88,113,6,4,10,22,66,41,.378,.378,,.259,.360,.378,C,magloja01"
"501,Jannero Pargo,-0.2,-0.2,2003-04,24,TOR,5,0,71,9,29,9,24,0,5,0,0,0,4,4,12,4,1,5,7,18,.310,.375,.000,,.310,.310,G,pargoja01"
"502,Solomon Alabi,-0.2,-0.2,2010-11,22,TOR,12,0,59,3,15,3,15,0,0,0,2,7,7,14,2,2,2,3,5,6,.200,.200,,.000,.189,.200,C,alabiso01"
"503,D.J. Augustin,-0.2,-0.2,2013-14,26,TOR,10,0,82,7,24,6,13,1,11,6,6,0,4,4,10,1,0,9,7,21,.292,.462,.091,1.000,.394,.313,G,augusdj01"
"504,Žan Tabak,-0.2,-0.2,1997-98,27,TOR,39,29,752,116,249,116,248,0,1,16,48,59,95,154,36,15,27,44,117,248,.466,.468,.000,.333,.459,.466,C,tabakza01"
"505,Rasual Butler,-0.2,-0.2,2011-12,32,TOR,34,14,453,41,133,20,56,21,77,7,12,6,60,66,19,7,5,15,39,110,.308,.357,.273,.583,.398,.387,F-G,butlera01"
"506,Damone Brown,-0.2,-0.2,2002-03,23,TOR,5,3,115,11,35,11,33,0,2,6,8,3,12,15,3,1,0,6,14,28,.314,.333,.000,.750,.363,.314,F,brownda02"
"507,Bruno Caboclo,-0.3,-0.3,2015-16,20,TOR,6,1,43,1,12,0,5,1,7,0,0,1,1,2,1,2,1,4,2,3,.083,.000,.143,,.125,.125,F-C,cabocbr01"
"508,Linas Kleiza,-0.3,-0.3,2010-11,26,TOR,39,23,1032,178,406,139,275,39,131,41,65,37,140,177,40,19,7,65,99,436,.438,.505,.298,.631,.502,.486,F,kleizli01"
"509,Art Long,-0.3,-0.3,2002-03,30,TOR,7,0,80,9,25,8,23,1,2,1,5,8,12,20,4,3,3,11,13,20,.360,.348,.500,.200,.368,.380,F-C,longar01"
"510,Greg Foster,-0.3,-0.3,2002-03,34,TOR,29,9,539,47,122,46,118,1,4,26,32,30,72,102,13,1,9,30,82,121,.385,.390,.250,.813,.445,.389,F-C,fostegr01"
"511,Tyrone Corbin,-0.3,-0.3,2000-01,38,TOR,15,1,117,9,38,9,33,0,5,2,4,3,10,13,4,2,0,3,18,20,.237,.273,.000,.500,.252,.237,G-F,corbity01"
"512,Jake Voskuhl,-0.3,-0.3,2008-09,31,TOR,38,1,240,12,45,12,45,0,0,11,14,21,38,59,8,3,4,17,60,35,.267,.267,,.786,.342,.267,C,voskuja01"
"513,Lamond Murray,-0.3,-0.3,2003-04,30,TOR,33,4,518,76,215,55,155,21,60,24,35,14,76,90,28,15,7,38,47,197,.353,.355,.350,.686,.428,.402,F,murrala01"
"514,Roko Ukić,-0.4,-0.4,2008-09,24,TOR,72,0,890,123,324,112,262,11,62,44,60,27,48,75,153,30,2,60,77,301,.380,.427,.177,.733,.430,.397,G,ukicro01"
"515,Sonny Weems,-0.4,-0.4,2010-11,24,TOR,59,28,1413,228,513,211,452,17,61,72,94,39,114,153,104,34,2,86,87,545,.444,.467,.279,.766,.492,.461,G-F,weemsso01"
"516,Chris Garner,-0.4,-0.4,1997-98,22,TOR,38,0,293,23,70,19,56,4,14,3,7,7,17,24,45,21,4,25,50,53,.329,.339,.286,.429,.363,.357,G,garnech01"
"517,Milt Palacio,-0.5,-0.5,2003-04,25,TOR,59,13,1211,104,298,100,272,4,26,45,68,15,87,102,184,41,11,87,90,257,.349,.368,.154,.662,.392,.356,G,palacmi01"
"518,Chris Jefferies,-0.5,-0.5,2002-03,22,TOR,51,10,666,75,194,57,140,18,54,29,43,16,43,59,22,19,16,45,56,197,.387,.407,.333,.674,.463,.433,G-F,jeffech01"
"519,Lindsey Hunter,-0.6,-0.6,2002-03,32,TOR,29,0,673,106,302,72,195,34,107,34,47,15,44,59,71,35,5,57,50,280,.351,.369,.318,.723,.434,.407,G,hunteli01"
"520,Vincenzo Esposito,-0.6,-0.6,1995-96,26,TOR,30,0,282,36,100,23,44,13,56,31,39,4,12,16,23,7,0,39,27,116,.360,.523,.232,.795,.495,.425,G,esposvi01"
"521,Rafael Araújo,-0.8,-0.8,2005-06,25,TOR,52,34,601,53,145,53,144,0,1,15,28,43,101,144,15,24,6,42,104,121,.366,.368,.000,.536,.385,.366,C,araujra01"
"522,Sharone Wright,-1.6,-1.6,1996-97,24,TOR,60,28,1009,161,403,161,402,0,1,68,133,79,107,186,28,15,50,93,146,390,.400,.400,.000,.511,.423,.400,F-C,wrighsh01"