"1,Kevin Garnett,18.3,18.3,2003-04,27,MIN,82,82,3231,804,1611,793,1568,11,43,368,465,245,894,1139,409,120,178,212,202,1987,.499,.506,.256,.791,.547,.502,F-C,garneke01"
"2,Kevin Garnett,16.1,16.1,2004-05,28,MIN,82,82,3121,683,1360,677,1335,6,25,445,549,247,861,1108,466,121,112,222,207,1817,.502,.507,.240,.811,.567,.504,F-C,garneke01"
"3,Kevin Garnett,15.6,15.6,2002-03,26,MIN,82,82,3321,743,1481,723,1410,20,71,377,502,244,858,1102,495,113,129,229,199,1883,.502,.513,.282,.751,.553,.508,F-C,garneke01"
"4,Kevin Garnett,14.9,14.9,2005-06,29,MIN,76,76,2957,626,1191,618,1161,8,30,396,489,214,752,966,308,104,107,180,206,1656,.526,.532,.267,.810,.589,.529,F-C,garneke01"
"5,Kevin Love,14.3,14.3,2013-14,25,MIN,77,77,2797,650,1421,460,916,190,505,520,633,224,739,963,341,59,35,196,136,2010,.457,.502,.376,.821,.591,.524,F,loveke01"
"6,Karl-Anthony Towns,14.0,14.0,2017-18,22,MIN,82,82,2918,639,1172,519,887,120,285,345,402,238,774,1012,199,64,115,159,285,1743,.545,.585,.421,.858,.646,.596,C-F,townska01"
"7,Kevin Garnett,12.8,12.8,2001-02,25,MIN,81,81,3175,659,1401,622,1285,37,116,359,448,243,738,981,422,96,126,229,184,1714,.470,.484,.319,.801,.536,.484,F-C,garneke01"
"8,Karl-Anthony Towns,12.7,12.7,2016-17,21,MIN,82,82,3030,802,1480,701,1205,101,275,356,428,296,711,1007,220,56,103,212,241,2061,.542,.582,.367,.832,.618,.576,C-F,townska01"
"9,Sam Cassell,12.1,12.1,2003-04,34,MIN,81,81,2838,620,1270,546,1084,74,186,289,331,44,227,271,592,102,18,220,247,1603,.488,.504,.398,.873,.566,.517,G,cassesa01"
"10,Kevin Garnett,11.8,11.8,2000-01,24,MIN,81,81,3202,704,1475,685,1409,19,66,357,467,219,702,921,401,111,145,230,204,1784,.477,.486,.288,.764,.531,.484,F-C,garneke01"
"11,Kevin Garnett,11.6,11.6,1999-00,23,MIN,81,81,3243,759,1526,729,1445,30,81,309,404,223,733,956,401,120,126,268,205,1857,.497,.504,.370,.765,.545,.507,F-C,garneke01"
"12,Kevin Love,11.4,11.4,2010-11,22,MIN,73,73,2611,482,1026,394,815,88,211,424,499,330,782,1112,184,45,28,155,148,1476,.470,.483,.417,.850,.593,.513,F,loveke01"
"13,Kevin Garnett,10.7,10.7,2006-07,30,MIN,76,76,2995,638,1341,626,1285,12,56,416,498,183,792,975,313,89,126,205,184,1704,.476,.487,.214,.835,.546,.480,F-C,garneke01"
"14,Karl-Anthony Towns,10.4,10.4,2018-19,23,MIN,77,77,2545,681,1314,539,959,142,355,376,450,263,691,954,259,67,125,240,292,1880,.518,.562,.400,.836,.622,.572,C-F,townska01"
"15,Karl-Anthony Towns,10.3,10.3,2021-22,26,MIN,74,74,2476,642,1214,492,848,150,366,384,467,194,533,727,269,72,83,226,267,1818,.529,.580,.410,.822,.640,.591,C-F,townska01"
"16,Kevin Love,10.0,10.0,2011-12,23,MIN,55,55,2145,474,1059,369,777,105,282,379,460,226,508,734,111,47,28,128,152,1432,.448,.475,.372,.824,.568,.497,F,loveke01"
"17,Kevin Garnett,9.6,9.6,1997-98,21,MIN,82,82,3222,635,1293,632,1277,3,16,245,332,222,564,786,348,139,150,192,224,1518,.491,.495,.188,.738,.527,.492,F-C,garneke01"
"18,Jimmy Butler,8.9,8.9,2017-18,28,MIN,59,59,2164,437,921,367,721,70,200,363,425,79,235,314,288,116,24,108,78,1307,.474,.509,.350,.854,.590,.512,F-G,butleji01"
"19,Wally Szczerbiak,8.7,8.7,2001-02,24,MIN,82,82,3117,609,1200,522,1009,87,191,226,272,120,271,391,257,66,21,181,188,1531,.508,.517,.455,.831,.580,.544,F,szczewa02"
"20,Terrell Brandon,8.6,8.6,1999-00,29,MIN,71,71,2587,486,1042,433,910,53,132,187,208,44,194,238,629,134,30,184,158,1212,.466,.476,.402,.899,.535,.492,G,brandte01"
"21,Terrell Brandon,8.5,8.5,2000-01,30,MIN,78,78,2821,511,1134,478,1043,33,91,195,224,60,238,298,583,161,21,155,138,1250,.451,.458,.363,.871,.507,.465,G,brandte01"
"22,Karl-Anthony Towns,8.3,8.3,2015-16,20,MIN,82,82,2627,625,1153,595,1065,30,88,223,275,229,629,858,161,58,138,183,245,1503,.542,.559,.341,.811,.590,.555,C-F,townska01"
"23,Al Jefferson,7.7,7.7,2007-08,23,MIN,82,82,2919,721,1441,721,1436,0,5,284,394,308,603,911,117,74,119,167,222,1726,.500,.502,.000,.721,.535,.500,C-F,jeffeal01"
"24,Micheal Williams,7.6,7.6,1992-93,26,MIN,76,76,2661,353,791,327,684,26,107,419,462,84,189,273,661,165,23,227,268,1151,.446,.478,.243,.907,.579,.463,G,willimi02"
"25,Chauncey Billups,7.6,7.6,2001-02,25,MIN,82,54,2355,348,823,224,508,124,315,207,234,35,191,226,450,66,17,138,169,1027,.423,.441,.394,.885,.555,.498,G,billuch01"
"26,Wally Szczerbiak,7.4,7.4,2000-01,23,MIN,82,82,2856,469,920,443,843,26,77,181,208,133,314,447,260,59,33,138,226,1145,.510,.526,.338,.870,.566,.524,F,szczewa02"
"27,Wally Szczerbiak,7.3,7.3,2004-05,27,MIN,81,37,2558,465,919,402,750,63,169,260,304,82,221,303,191,40,16,132,178,1253,.506,.536,.373,.855,.595,.540,F,szczewa02"
"28,Kevin Garnett,7.3,7.3,1996-97,20,MIN,77,77,2995,549,1100,543,1079,6,21,205,272,190,428,618,236,105,163,175,199,1309,.499,.503,.286,.754,.537,.502,F-C,garneke01"
"29,Taj Gibson,7.2,7.2,2017-18,32,MIN,82,82,2726,425,737,418,702,7,35,142,185,194,390,584,99,62,59,89,218,999,.577,.595,.200,.768,.610,.581,F,gibsota01"
"30,Tyrone Corbin,6.8,6.8,1989-90,27,MIN,82,80,3011,521,1083,521,1072,0,11,161,209,219,385,604,216,175,41,143,288,1203,.481,.486,.000,.770,.512,.481,G-F,corbity01"
"31,Tom Gugliotta,6.7,6.7,1996-97,27,MIN,81,81,3131,592,1339,568,1246,24,93,464,566,187,515,702,335,130,89,293,237,1672,.442,.456,.258,.820,.526,.451,F,guglito01"
"32,Nikola Peković,6.7,6.7,2012-13,27,MIN,62,62,1959,385,741,385,741,0,0,241,324,230,315,545,53,43,50,101,143,1011,.520,.520,,.744,.572,.520,C,pekovni01"
"33,Christian Laettner,6.2,6.2,1994-95,25,MIN,81,80,2770,450,920,437,880,13,40,409,500,164,449,613,234,101,87,225,302,1322,.489,.497,.325,.818,.580,.496,F-C,laettch01"
"34,Dean Garrett,6.2,6.2,1996-97,30,MIN,68,47,1665,223,389,223,389,0,0,96,138,149,346,495,38,40,95,34,158,542,.573,.573,,.696,.603,.573,C,garrede01"
"35,Wally Szczerbiak,6.2,6.2,1999-00,22,MIN,73,53,2171,342,669,314,591,28,78,133,161,89,183,272,201,58,23,83,175,845,.511,.531,.359,.826,.571,.532,F,szczewa02"
"36,Fred Hoiberg,6.1,6.1,2003-04,31,MIN,79,3,1804,178,383,102,211,76,172,98,116,21,247,268,109,66,10,44,136,530,.465,.483,.442,.845,.611,.564,G,hoibefr01"
"37,Joe Smith,6.1,6.1,2001-02,26,MIN,72,63,1922,297,581,295,578,2,3,171,206,152,301,453,82,39,59,86,250,767,.511,.510,.667,.830,.571,.513,F,smithjo02"
"38,Sam Mitchell,6.1,6.1,1997-98,34,MIN,81,33,2239,371,800,356,757,15,43,243,292,118,267,385,107,64,22,66,200,1000,.464,.470,.349,.832,.539,.473,F,mitchsa01"
"39,Ricky Rubio,6.1,6.1,2016-17,26,MIN,75,75,2469,261,650,201,454,60,196,254,285,68,237,305,682,128,10,195,202,836,.402,.443,.306,.891,.539,.448,G,rubiori01"
"40,Tod Murphy,6.1,6.1,1989-90,26,MIN,82,59,2493,260,552,244,509,16,43,144,203,207,357,564,106,76,60,61,229,680,.471,.479,.372,.709,.530,.486,C-F,murphto01"
"41,Andrei Kirilenko,6.0,6.0,2012-13,31,MIN,64,64,2034,284,560,249,440,35,120,188,250,102,260,362,177,96,62,119,82,791,.507,.566,.292,.752,.590,.538,F,kirilan01"
"42,Jarred Vanderbilt,6.0,6.0,2021-22,22,MIN,74,67,1880,212,361,210,347,2,14,86,131,215,409,624,94,99,46,73,181,512,.587,.605,.143,.656,.612,.590,F,vandeja01"
"43,Pooh Richardson,5.9,5.9,1990-91,24,MIN,82,82,3154,635,1350,593,1222,42,128,89,165,82,204,286,734,131,13,174,114,1401,.470,.485,.328,.539,.492,.486,G,richapo01"
"44,Ricky Rubio,5.9,5.9,2013-14,23,MIN,82,82,2638,255,670,211,537,44,133,227,283,61,281,342,704,191,11,221,218,781,.381,.393,.331,.802,.491,.413,G,rubiori01"
"45,Nikola Peković,5.9,5.9,2013-14,28,MIN,54,54,1663,379,701,379,701,0,0,186,249,206,262,468,50,30,23,84,129,944,.541,.541,,.747,.582,.541,C,pekovni01"
"46,Gorgui Dieng,5.9,5.9,2015-16,26,MIN,82,39,2220,308,579,302,559,6,20,205,248,157,428,585,143,94,96,140,219,827,.532,.540,.300,.827,.601,.537,C,dienggo01"
"47,Ricky Rubio,5.8,5.8,2015-16,25,MIN,76,76,2323,219,586,157,396,62,190,266,314,40,286,326,658,162,10,193,201,766,.374,.396,.326,.847,.529,.427,G,rubiori01"
"48,Ricky Davis,5.7,5.7,2006-07,27,MIN,81,81,3021,506,1089,383,779,123,310,239,285,54,261,315,385,80,23,210,189,1374,.465,.492,.397,.839,.566,.521,G,davisri01"
"49,Latrell Sprewell,5.7,5.7,2003-04,33,MIN,82,82,3100,518,1266,419,967,99,299,240,295,56,254,310,286,88,21,158,101,1375,.409,.433,.331,.814,.493,.448,G,sprewla01"
"50,Gorgui Dieng,5.7,5.7,2016-17,27,MIN,82,82,2653,332,661,316,618,16,43,136,167,188,459,647,158,88,95,107,254,816,.502,.511,.372,.814,.555,.514,C,dienggo01"
"51,Micheal Williams,5.6,5.6,1993-94,27,MIN,71,66,2206,314,687,304,642,10,45,333,397,67,154,221,512,118,24,203,193,971,.457,.474,.222,.839,.563,.464,G,willimi02"
"52,Felton Spencer,5.6,5.6,1990-91,23,MIN,81,46,2099,195,381,195,380,0,1,182,252,272,369,641,25,48,121,77,337,572,.512,.513,.000,.722,.581,.512,C,spencfe01"
"53,Malik Sealy,5.5,5.5,1999-00,29,MIN,82,61,2392,371,780,361,745,10,35,177,218,119,233,352,197,76,19,110,197,929,.476,.485,.286,.812,.530,.482,G,sealyma01"
"54,Tyrone Corbin,5.4,5.4,1990-91,28,MIN,82,82,3196,587,1311,585,1301,2,10,296,371,185,404,589,347,162,53,209,257,1472,.448,.450,.200,.798,.499,.449,G-F,corbity01"
"55,Kevin Garnett,5.4,5.4,1998-99,22,MIN,47,47,1780,414,900,410,886,4,14,145,206,166,323,489,202,78,83,135,152,977,.460,.463,.286,.704,.493,.462,F-C,garneke01"
"56,Karl-Anthony Towns,5.4,5.4,2020-21,25,MIN,50,50,1689,425,875,303,560,122,315,267,311,133,396,529,225,39,57,160,186,1239,.486,.541,.387,.859,.612,.555,C-F,townska01"
"57,Stephon Marbury,5.3,5.3,1997-98,20,MIN,82,81,3112,513,1237,418,933,95,304,329,450,58,172,230,704,104,7,256,222,1450,.415,.448,.313,.731,.505,.453,G,marbust01"
"58,Kevin Love,5.3,5.3,2008-09,20,MIN,81,37,2048,316,688,314,669,2,19,265,336,274,460,734,84,35,50,118,205,899,.459,.469,.105,.789,.538,.461,F,loveke01"
"59,Tony Campbell,5.3,5.3,1989-90,27,MIN,82,81,3164,723,1581,714,1527,9,54,448,569,209,242,451,213,111,31,251,260,1903,.457,.468,.167,.787,.520,.460,F-G,campbto01"
"60,Kevin Martin,5.3,5.3,2013-14,30,MIN,68,68,2177,440,1023,325,726,115,297,303,340,34,169,203,121,66,6,106,123,1298,.430,.448,.387,.891,.553,.486,G,martike02"
"61,Tom Gugliotta,5.3,5.3,1995-96,26,MIN,78,78,2835,473,1004,447,918,26,86,289,374,176,514,690,238,139,96,234,265,1261,.471,.487,.302,.773,.540,.484,F,guglito01"
"62,Rasho Nesterović,5.2,5.2,2002-03,26,MIN,77,77,2337,400,762,400,760,0,2,61,95,146,358,504,114,39,116,99,256,861,.525,.526,.000,.642,.536,.525,C,nestera01"
"63,Fred Hoiberg,5.2,5.2,2004-05,32,MIN,76,0,1272,139,284,69,139,70,145,89,102,32,149,181,85,50,15,20,105,437,.489,.496,.483,.873,.664,.613,G,hoibefr01"
"64,LaPhonso Ellis,5.2,5.2,2000-01,30,MIN,82,5,1948,298,642,291,620,7,22,169,214,199,295,494,93,67,74,108,290,772,.464,.469,.318,.790,.524,.470,F,ellisla01"
"65,Wally Szczerbiak,5.2,5.2,2002-03,25,MIN,52,42,1836,351,729,290,584,61,145,150,173,53,188,241,136,44,22,87,123,913,.481,.497,.421,.867,.567,.523,F,szczewa02"
"66,Terry Porter,5.2,5.2,1997-98,34,MIN,82,8,1786,259,577,167,344,92,233,167,195,37,131,168,271,63,16,104,103,777,.449,.485,.395,.856,.586,.529,G,portete01"
"67,Corey Brewer,5.2,5.2,2013-14,27,MIN,81,81,2609,388,807,329,596,59,211,163,227,63,144,207,135,151,30,105,210,998,.481,.552,.280,.718,.550,.517,F-G,breweco01"
"68,Sam Mitchell,5.1,5.1,1989-90,26,MIN,80,30,2414,372,834,372,825,0,9,268,349,180,282,462,89,66,54,96,301,1012,.446,.451,.000,.768,.512,.446,F,mitchsa01"
"69,Troy Hudson,5.1,5.1,2002-03,26,MIN,79,74,2600,409,956,312,690,97,266,208,231,42,141,183,452,60,7,182,160,1123,.428,.452,.365,.900,.531,.479,G,hudsotr01"
"70,Taj Gibson,5.1,5.1,2018-19,33,MIN,70,57,1686,304,537,293,503,11,34,134,177,172,286,458,84,53,39,73,186,753,.566,.583,.324,.757,.612,.576,F,gibsota01"
"71,Sam Mitchell,5.1,5.1,1990-91,27,MIN,82,60,3121,445,1010,445,1001,0,9,307,396,188,332,520,133,66,57,104,338,1197,.441,.445,.000,.775,.505,.441,F,mitchsa01"
"72,Karl-Anthony Towns,5.1,5.1,2019-20,24,MIN,35,35,1187,316,622,202,345,114,277,180,226,95,283,378,153,33,42,110,117,926,.508,.586,.412,.796,.642,.600,C-F,townska01"
"73,Christian Laettner,5.0,5.0,1992-93,23,MIN,81,81,2823,503,1061,499,1021,4,40,462,553,171,537,708,223,105,83,275,290,1472,.474,.489,.100,.835,.564,.476,F-C,laettch01"
"74,Tom Gugliotta,5.0,5.0,1997-98,28,MIN,41,41,1582,319,635,317,618,2,17,183,223,106,250,356,167,61,22,109,102,823,.502,.513,.118,.821,.561,.504,F,guglito01"
"75,Gorgui Dieng,4.9,4.9,2014-15,25,MIN,73,49,2193,259,512,258,506,1,6,191,244,223,386,609,146,71,126,126,188,710,.506,.510,.167,.783,.573,.507,C,dienggo01"
"76,Kevin Love,4.9,4.9,2009-10,21,MIN,60,22,1714,291,646,256,540,35,106,225,276,227,431,658,136,43,23,117,136,842,.450,.474,.330,.815,.549,.478,F,loveke01"
"77,Al Jefferson,4.9,4.9,2008-09,24,MIN,50,50,1836,485,975,485,971,0,4,186,252,172,376,548,79,39,83,92,141,1156,.497,.499,.000,.738,.532,.497,C-F,jeffeal01"
"78,Jeff Teague,4.9,4.9,2017-18,29,MIN,70,70,2311,354,794,270,566,84,228,202,239,24,185,209,492,102,23,177,171,994,.446,.477,.368,.845,.553,.499,G,teaguje01"
"79,Ryan Gomes,4.8,4.8,2007-08,25,MIN,82,74,2434,392,857,333,678,59,179,190,229,133,342,475,145,65,10,96,154,1033,.457,.491,.330,.830,.539,.492,F,gomesry01"
"80,Joe Smith,4.7,4.7,1999-00,24,MIN,78,9,1975,289,623,288,622,1,1,195,258,186,298,484,88,45,85,119,302,774,.464,.463,1.000,.756,.525,.465,F,smithjo02"
"81,Al Jefferson,4.6,4.6,2009-10,25,MIN,76,76,2463,560,1125,560,1121,0,4,181,266,180,523,703,137,63,98,136,205,1301,.498,.500,.000,.680,.524,.498,C-F,jeffeal01"
"82,Wally Szczerbiak,4.6,4.6,2005-06,28,MIN,40,40,1555,292,590,234,447,58,143,163,182,36,154,190,112,21,15,86,90,805,.495,.523,.406,.896,.601,.544,F,szczewa02"
"83,Doug West,4.6,4.6,1991-92,24,MIN,80,72,2540,463,894,459,871,4,23,186,231,107,150,257,281,66,26,120,239,1116,.518,.527,.174,.805,.560,.520,G-F,westdo01"
"84,Nikola Peković,4.5,4.5,2011-12,26,MIN,47,35,1264,256,454,256,454,0,0,139,187,181,165,346,31,29,31,87,98,651,.564,.564,,.743,.607,.564,C,pekovni01"
"85,Pooh Richardson,4.4,4.4,1989-90,23,MIN,82,48,2581,426,925,403,842,23,83,63,107,55,162,217,554,133,25,141,143,938,.461,.479,.277,.589,.482,.473,G,richapo01"
"86,Kevin Garnett,4.4,4.4,1995-96,19,MIN,80,43,2293,361,735,353,707,8,28,105,149,175,326,501,145,86,131,110,189,835,.491,.499,.286,.705,.522,.497,F-C,garneke01"
"87,D'Angelo Russell,4.4,4.4,2021-22,25,MIN,65,65,2077,401,975,225,457,176,518,198,240,25,191,216,460,62,22,165,130,1176,.411,.492,.340,.825,.544,.502,G,russeda01"
"88,Luke Ridnour,4.3,4.3,2012-13,31,MIN,82,82,2474,367,811,301,599,66,212,139,164,41,165,206,311,82,15,130,187,939,.453,.503,.311,.848,.532,.493,G,ridnolu01"
"89,Anthony Edwards,4.3,4.3,2021-22,20,MIN,72,72,2466,549,1245,334,643,215,602,220,280,62,281,343,275,105,46,190,164,1533,.441,.519,.357,.786,.560,.527,G,edwaran01"
"90,Doug West,4.3,4.3,1992-93,25,MIN,80,80,3104,646,1249,644,1226,2,23,249,296,89,158,247,235,85,21,165,279,1543,.517,.525,.087,.841,.559,.518,G-F,westdo01"
"91,Sam Mitchell,4.3,4.3,1995-96,32,MIN,78,42,2145,303,618,302,600,1,18,237,291,107,232,339,74,49,26,87,220,844,.490,.503,.056,.814,.566,.491,F,mitchsa01"
"92,Mike Miller,4.2,4.2,2008-09,28,MIN,73,47,2356,264,548,179,323,85,225,109,149,73,410,483,326,30,31,145,139,722,.482,.554,.378,.732,.588,.559,F-G,millemi01"
"93,Andrew Wiggins,4.2,4.2,2016-17,21,MIN,82,82,3048,709,1570,606,1281,103,289,412,542,102,226,328,189,82,30,187,183,1933,.452,.473,.356,.760,.534,.484,F-G,wiggian01"
"94,Pooh Richardson,4.1,4.1,1991-92,25,MIN,82,82,2922,587,1261,534,1106,53,155,123,178,91,210,301,685,119,25,204,152,1350,.466,.483,.342,.691,.504,.487,G,richapo01"
"95,Rasho Nesterović,4.1,4.1,2001-02,25,MIN,82,82,2218,324,657,324,656,0,1,39,71,200,334,534,75,45,109,94,262,687,.493,.494,.000,.549,.499,.493,C,nestera01"
"96,Christian Laettner,4.1,4.1,1993-94,24,MIN,70,67,2428,396,883,390,858,6,25,375,479,160,442,602,307,87,86,259,264,1173,.448,.455,.240,.783,.536,.452,F-C,laettch01"
"97,Andrew Wiggins,4.1,4.1,2015-16,20,MIN,81,81,2845,594,1294,537,1104,57,190,430,565,105,186,291,164,78,46,182,165,1675,.459,.486,.300,.761,.543,.481,F-G,wiggian01"
"98,Patrick Beverley,4.1,4.1,2021-22,33,MIN,58,54,1476,177,436,94,194,83,242,96,133,62,178,240,268,67,52,73,174,533,.406,.485,.343,.722,.539,.501,G,beverpa01"
"99,Anthony Peeler,4.1,4.1,1999-00,30,MIN,82,22,2073,316,725,231,470,85,255,87,109,58,174,232,195,62,10,85,171,804,.436,.491,.333,.798,.520,.494,G,peelean01"
"100,Luke Ridnour,4.0,4.0,2010-11,29,MIN,71,66,2159,319,681,238,497,81,184,121,137,37,162,199,384,89,10,158,146,840,.468,.479,.440,.883,.567,.528,G,ridnolu01"
"101,Trenton Hassell,4.0,4.0,2003-04,24,MIN,81,74,2264,177,381,173,368,4,13,48,61,68,189,257,133,36,54,46,200,406,.465,.470,.308,.787,.498,.470,G,hassetr01"
"102,Craig Smith,3.9,3.9,2006-07,23,MIN,82,5,1537,246,463,246,457,0,6,116,186,149,267,416,49,51,18,74,223,608,.531,.538,.000,.624,.558,.531,F,smithcr01"
"103,Cherokee Parks,3.8,3.8,1997-98,25,MIN,79,43,1703,224,449,224,448,0,1,110,169,140,297,437,53,36,86,66,237,558,.499,.500,.000,.651,.533,.499,C-F,parksch02"
"104,Sam Cassell,3.8,3.8,2004-05,35,MIN,59,38,1522,319,687,292,584,27,103,134,155,25,132,157,301,36,14,109,160,799,.464,.500,.262,.865,.529,.484,G,cassesa01"
"105,Anthony Peeler,3.8,3.8,2001-02,32,MIN,82,0,2060,288,684,177,401,111,283,50,58,37,169,206,177,61,11,76,137,737,.421,.441,.392,.862,.519,.502,G,peelean01"
"106,Tony Campbell,3.7,3.7,1990-91,28,MIN,77,71,2893,652,1502,636,1441,16,61,358,446,161,185,346,214,121,48,190,204,1678,.434,.441,.262,.803,.494,.439,F-G,campbto01"
"107,Terrell Brandon,3.7,3.7,2001-02,31,MIN,32,28,962,155,365,151,342,4,23,83,84,17,76,93,264,52,6,43,49,397,.425,.442,.174,.988,.494,.430,G,brandte01"
"108,Joe Smith,3.7,3.7,1998-99,23,MIN,43,42,1418,223,522,223,519,0,3,142,188,154,200,354,68,32,66,66,147,588,.427,.430,.000,.755,.486,.427,F,smithjo02"
"109,Stephon Marbury,3.7,3.7,1996-97,19,MIN,67,64,2324,355,871,253,583,102,288,245,337,54,130,184,522,67,19,210,159,1057,.408,.434,.354,.727,.519,.466,G,marbust01"
"110,Christian Laettner,3.7,3.7,1995-96,26,MIN,44,44,1518,283,582,274,551,9,31,217,266,98,204,302,129,40,43,112,157,792,.486,.497,.290,.816,.566,.494,F-C,laettch01"
"111,Chauncey Billups,3.7,3.7,2000-01,24,MIN,77,33,1790,248,587,175,393,73,194,144,171,32,126,158,260,51,11,111,178,713,.422,.445,.376,.842,.538,.485,G,billuch01"
"112,Terry Porter,3.7,3.7,1995-96,32,MIN,82,40,2072,269,608,198,382,71,226,164,209,36,176,212,452,89,15,173,154,773,.442,.518,.314,.785,.552,.501,G,portete01"
"113,Tyus Jones,3.6,3.6,2017-18,21,MIN,82,11,1467,150,328,105,199,45,129,71,81,16,116,132,232,95,6,59,110,416,.457,.528,.349,.877,.572,.526,G,jonesty01"
"114,Craig Smith,3.5,3.5,2007-08,24,MIN,77,11,1547,297,528,297,519,0,9,133,200,123,230,353,60,36,17,89,217,727,.563,.572,.000,.665,.590,.563,F,smithcr01"
"115,Dante Cunningham,3.5,3.5,2012-13,25,MIN,80,9,2010,314,671,314,665,0,6,67,103,142,266,408,67,84,38,56,153,695,.468,.472,.000,.650,.485,.468,F,cunnida01"
"116,Isaiah Rider,3.4,3.4,1995-96,24,MIN,75,68,2594,560,1206,458,931,102,275,248,296,99,210,309,213,48,23,201,204,1470,.464,.492,.371,.838,.550,.507,G,rideris01"
"117,Anthony Peeler,3.4,3.4,2002-03,33,MIN,82,39,2245,252,609,165,397,87,212,39,50,40,201,241,244,72,13,82,161,630,.414,.416,.410,.780,.499,.485,G,peelean01"
"118,Dario Šarić,3.3,3.3,2018-19,24,MIN,68,28,1627,256,564,159,311,97,253,105,120,105,266,371,101,41,6,72,143,714,.454,.511,.383,.875,.579,.540,F-C,saricda01"
"119,Luke Ridnour,3.3,3.3,2011-12,30,MIN,53,53,1750,242,550,193,398,49,152,106,119,19,122,141,252,56,16,96,136,639,.440,.485,.322,.891,.530,.485,G,ridnolu01"
"120,Sam Mitchell,3.3,3.3,1996-97,33,MIN,82,5,2044,269,603,265,578,4,25,224,295,112,214,326,79,51,20,93,232,766,.446,.458,.160,.759,.523,.449,F,mitchsa01"
"121,Anthony Tolliver,3.3,3.3,2010-11,25,MIN,65,4,1362,141,313,94,198,47,115,105,131,92,203,295,82,28,28,49,145,434,.450,.475,.409,.802,.585,.526,F-C,tollian01"
"122,Gary Trent,3.3,3.3,2002-03,28,MIN,80,22,1222,208,389,208,387,0,2,60,101,106,185,291,77,32,23,59,142,476,.535,.537,.000,.594,.549,.535,F,trentga01"
"123,Eddie Griffin,3.2,3.2,2004-05,22,MIN,70,0,1492,202,522,135,318,67,204,56,78,128,325,453,53,23,118,55,120,527,.387,.425,.328,.718,.474,.451,F-C,griffed01"
"124,Naz Reid,3.2,3.2,2020-21,21,MIN,70,15,1347,304,581,243,407,61,174,115,166,82,240,322,72,34,76,69,179,784,.523,.597,.351,.693,.599,.576,F,reidna01"
"125,Naz Reid,3.2,3.2,2021-22,22,MIN,77,6,1215,233,476,176,310,57,166,114,149,102,199,301,71,40,71,82,172,637,.489,.568,.343,.765,.588,.549,F,reidna01"
"126,Anthony Peeler,3.2,3.2,2000-01,31,MIN,75,41,2126,308,732,208,476,100,256,75,87,44,148,192,192,91,18,105,166,791,.421,.437,.391,.862,.513,.489,G,peelean01"
"127,Craig Smith,3.1,3.1,2008-09,25,MIN,74,31,1460,289,514,289,513,0,1,168,248,98,186,284,79,31,19,105,184,746,.562,.563,.000,.677,.599,.562,F,smithcr01"
"128,Ricky Rubio,3.1,3.1,2020-21,30,MIN,68,51,1772,193,498,127,284,66,214,130,150,28,195,223,433,98,4,111,139,582,.388,.447,.308,.867,.516,.454,G,rubiori01"
"129,Jarred Vanderbilt,3.1,3.1,2020-21,21,MIN,64,30,1139,143,236,142,231,1,5,57,102,118,250,368,76,64,46,53,123,344,.606,.615,.200,.559,.612,.608,F,vandeja01"
"130,Randy Foye,3.1,3.1,2008-09,25,MIN,70,61,2494,399,981,288,673,111,308,230,272,34,180,214,303,72,26,150,201,1139,.407,.428,.360,.846,.517,.463,G,foyera01"
"131,Joe Smith,3.0,3.0,2002-03,27,MIN,54,21,1117,151,328,151,326,0,2,102,131,111,159,270,38,14,55,43,171,404,.460,.463,.000,.779,.524,.460,F,smithjo02"
"132,Derrick Williams,3.0,3.0,2012-13,21,MIN,78,56,1916,338,786,273,590,65,196,192,272,96,334,430,46,44,37,101,127,933,.430,.463,.332,.706,.515,.471,F,willide02"
"133,Sam Mitchell,3.0,3.0,1998-99,35,MIN,50,20,1344,213,522,204,484,9,38,126,165,55,127,182,98,35,16,34,111,561,.408,.421,.237,.764,.472,.417,F,mitchsa01"
"134,Sean Rooks,3.0,3.0,1994-95,25,MIN,80,70,2405,289,615,289,610,0,5,290,381,165,321,486,97,29,71,142,208,868,.470,.474,.000,.761,.555,.470,C,rooksse01"
"135,Ricky Rubio,3.0,3.0,2012-13,22,MIN,57,47,1691,185,514,158,422,27,92,211,264,44,185,229,418,137,5,172,143,608,.360,.374,.293,.799,.482,.386,G,rubiori01"
"136,Zach LaVine,3.0,3.0,2016-17,21,MIN,47,47,1749,326,710,206,400,120,310,117,140,19,141,160,139,41,10,85,104,889,.459,.515,.387,.836,.576,.544,G-F,lavinza01"
"137,Gary Trent,3.0,3.0,2001-02,27,MIN,64,10,1140,193,381,193,379,0,2,92,144,104,166,270,60,21,27,58,160,478,.507,.509,.000,.639,.538,.507,F,trentga01"
"138,Tyus Jones,3.0,3.0,2018-19,22,MIN,68,23,1560,185,446,145,320,40,126,58,69,23,111,134,327,81,5,47,78,468,.415,.453,.317,.841,.491,.460,G,jonesty01"
"139,Derrick Rose,3.0,3.0,2018-19,30,MIN,51,13,1392,363,753,309,607,54,146,137,160,33,107,140,220,31,12,82,57,917,.482,.509,.370,.856,.557,.518,G,rosede01"
"140,Rasho Nesterović,3.0,3.0,1999-00,23,MIN,82,55,1723,206,433,206,431,0,2,59,103,135,244,379,93,21,85,71,262,471,.476,.478,.000,.573,.492,.476,C,nestera01"
"141,Gorgui Dieng,2.9,2.9,2017-18,28,MIN,79,0,1333,186,388,167,327,19,61,79,102,106,254,360,71,45,39,59,147,470,.479,.511,.311,.775,.543,.504,C,dienggo01"
"142,Dante Cunningham,2.9,2.9,2013-14,26,MIN,81,7,1635,236,509,236,504,0,5,38,67,112,218,330,83,62,58,42,146,510,.464,.468,.000,.567,.474,.464,F,cunnida01"
"143,Dean Garrett,2.9,2.9,1998-99,32,MIN,49,37,1054,116,231,116,231,0,0,38,51,99,158,257,28,30,45,29,113,270,.502,.502,,.745,.533,.502,C,garrede01"
"144,Malik Beasley,2.9,2.9,2021-22,25,MIN,79,18,1976,332,850,92,213,240,637,49,60,26,201,227,116,43,12,43,88,953,.391,.432,.377,.817,.544,.532,G,beaslma01"
"145,Gorgui Dieng,2.8,2.8,2018-19,29,MIN,76,2,1031,189,377,170,321,19,56,88,106,81,230,311,72,48,41,57,134,485,.501,.530,.339,.830,.572,.527,C,dienggo01"
"146,Mike James,2.8,2.8,2006-07,31,MIN,82,65,2069,297,703,217,488,80,215,154,184,25,138,163,297,55,7,129,171,828,.422,.445,.372,.837,.528,.479,G,jamesmi01"
"147,Jaylen Nowell,2.8,2.8,2021-22,22,MIN,62,1,975,196,413,133,253,63,160,72,92,22,101,123,130,27,10,36,73,527,.475,.526,.394,.783,.581,.551,G,nowelja01"
"148,Mark Blount,2.8,2.8,2006-07,31,MIN,82,81,2544,427,839,418,808,9,31,147,195,136,369,505,67,43,58,159,239,1010,.509,.517,.290,.754,.546,.514,C,blounma01"
"149,Nemanja Bjelica,2.8,2.8,2017-18,29,MIN,67,21,1371,171,371,95,188,76,183,36,45,53,221,274,86,50,16,52,141,454,.461,.505,.415,.800,.581,.563,F,bjeline01"
"150,Shabazz Muhammad,2.7,2.7,2016-17,24,MIN,78,1,1516,288,598,239,453,49,145,147,190,84,136,220,35,22,6,56,86,772,.482,.528,.338,.774,.566,.523,F-G,muhamsh01"
"151,Shabazz Muhammad,2.7,2.7,2015-16,23,MIN,82,0,1682,317,681,273,529,44,152,185,242,100,167,267,52,24,7,70,94,863,.465,.516,.289,.764,.548,.498,F-G,muhamsh01"
"152,Trenton Hassell,2.7,2.7,2004-05,25,MIN,82,51,2068,225,475,224,464,1,11,90,114,80,139,219,128,30,30,64,200,541,.474,.483,.091,.789,.515,.475,G,hassetr01"
"153,Terry Porter,2.7,2.7,1996-97,33,MIN,82,20,1568,187,449,120,249,67,200,127,166,31,145,176,295,54,11,128,104,568,.416,.482,.335,.765,.544,.491,G,portete01"
"154,Mark Madsen,2.7,2.7,2003-04,28,MIN,72,12,1246,101,204,101,198,0,6,57,118,134,138,272,28,33,18,47,175,259,.495,.510,.000,.483,.506,.495,F,madsema01"
"155,Thurl Bailey,2.6,2.6,1993-94,32,MIN,79,3,1297,232,455,232,453,0,2,119,149,66,149,215,54,20,58,58,93,583,.510,.512,.000,.799,.560,.510,F-C,baileth01"
"156,Scott Brooks,2.6,2.6,1990-91,25,MIN,80,0,980,159,370,114,235,45,135,61,72,28,44,72,204,53,5,51,122,424,.430,.485,.333,.847,.528,.491,G,brooksc01"
"157,Zach LaVine,2.6,2.6,2015-16,20,MIN,82,33,2294,433,959,310,643,123,316,161,203,27,201,228,251,69,17,155,193,1150,.452,.482,.389,.793,.548,.516,G-F,lavinza01"
"158,Trenton Hassell,2.6,2.6,2006-07,27,MIN,76,68,2223,217,443,211,418,6,25,72,92,83,160,243,203,22,26,80,144,512,.490,.505,.240,.783,.529,.497,G,hassetr01"
"159,Doug West,2.6,2.6,1993-94,26,MIN,72,61,2182,434,891,433,883,1,8,187,231,61,170,231,172,65,24,137,236,1056,.487,.490,.125,.810,.532,.488,G-F,westdo01"
"160,Ryan Gomes,2.5,2.5,2008-09,26,MIN,82,76,2614,420,974,314,689,106,285,146,181,106,286,392,135,63,22,128,183,1092,.431,.456,.372,.807,.518,.486,F,gomesry01"
"161,Tony Campbell,2.5,2.5,1991-92,29,MIN,78,41,2441,527,1137,514,1100,13,37,240,299,141,145,286,229,84,31,165,206,1307,.464,.467,.351,.803,.515,.469,F-G,campbto01"
"162,Jaden McDaniels,2.4,2.4,2021-22,21,MIN,70,31,1803,255,554,175,302,80,252,57,71,76,217,293,79,52,54,75,224,647,.460,.579,.317,.803,.553,.532,F,mcdanja02"
"163,Tom Hammonds,2.4,2.4,1997-98,30,MIN,57,2,1140,127,246,127,245,0,1,92,132,100,171,271,36,15,17,48,127,346,.516,.518,.000,.697,.569,.516,F,hammoto01"
"164,Marko Jarić,2.4,2.4,2007-08,29,MIN,75,56,2189,227,528,181,401,46,127,121,163,38,184,222,311,97,32,128,180,621,.430,.451,.362,.742,.518,.473,G,jaricma01"
"165,Ryan Gomes,2.4,2.4,2009-10,27,MIN,76,64,2210,327,732,253,533,74,199,104,126,76,272,348,124,62,16,95,155,832,.447,.475,.372,.825,.528,.497,F,gomesry01"
"166,Sam Mitchell,2.3,2.3,1999-00,36,MIN,66,24,1227,168,376,158,353,10,23,81,92,28,110,138,111,27,14,44,116,427,.447,.448,.435,.880,.513,.460,F,mitchsa01"
"167,Terrell Brandon,2.3,2.3,1998-99,28,MIN,21,20,712,127,299,122,280,5,19,39,47,16,65,81,205,39,7,38,57,298,.425,.436,.263,.830,.466,.433,G,brandte01"
"168,Ervin Johnson,2.3,2.3,2003-04,36,MIN,66,47,965,55,103,55,102,0,1,17,28,61,171,232,24,27,43,30,156,127,.534,.539,.000,.607,.551,.534,C,johnser02"
"169,Trenton Hassell,2.3,2.3,2005-06,26,MIN,77,67,2514,286,616,279,593,7,23,131,176,82,134,216,203,43,29,124,201,710,.464,.470,.304,.744,.512,.470,G,hassetr01"
"170,Jordan McLaughlin,2.3,2.3,2021-22,25,MIN,62,3,902,88,200,61,115,27,85,30,40,22,72,94,180,57,10,38,54,233,.440,.530,.318,.750,.535,.508,G,mclaujo01"
"171,Marko Jarić,2.3,2.3,2005-06,27,MIN,75,49,2102,226,566,186,433,40,133,95,138,60,173,233,293,108,21,127,189,587,.399,.430,.301,.688,.468,.435,G,jaricma01"
"172,Robert Covington,2.3,2.3,2019-20,29,MIN,48,47,1411,216,496,108,184,108,312,75,94,36,251,287,56,80,45,73,148,615,.435,.587,.346,.798,.572,.544,F-C,covinro01"
"173,Sam Mitchell,2.3,2.3,1991-92,28,MIN,82,63,2151,307,725,305,714,2,11,209,266,158,315,473,94,53,39,97,230,825,.423,.427,.182,.786,.490,.425,F,mitchsa01"
"174,Randy Foye,2.3,2.3,2006-07,23,MIN,82,12,1879,300,691,232,506,68,185,164,192,49,169,218,232,53,21,152,184,832,.434,.458,.368,.854,.536,.483,G,foyera01"
"175,Gary Trent,2.3,2.3,2003-04,29,MIN,68,2,1025,155,328,155,322,0,6,69,91,83,133,216,49,12,17,54,129,379,.473,.481,.000,.758,.515,.473,F,trentga01"
"176,Jeff Teague,2.2,2.2,2018-19,30,MIN,42,41,1264,176,416,141,311,35,105,123,153,16,90,106,343,43,18,97,90,510,.423,.453,.333,.804,.528,.465,G,teaguje01"
"177,Cherokee Parks,2.2,2.2,1996-97,24,MIN,76,0,961,103,202,103,201,0,1,46,76,83,112,195,34,41,48,32,150,252,.510,.512,.000,.605,.535,.510,C-F,parksch02"
"178,Taurean Prince,2.2,2.2,2021-22,27,MIN,69,8,1177,177,390,91,161,86,229,62,82,26,148,174,68,47,23,53,116,502,.454,.565,.376,.756,.589,.564,F,princta02"
"179,Gorgui Dieng,2.2,2.2,2013-14,24,MIN,60,15,818,113,227,112,226,1,1,59,93,103,197,300,39,30,50,54,108,286,.498,.496,1.000,.634,.534,.500,C,dienggo01"
"180,Bobby Jackson,2.2,2.2,1999-00,26,MIN,73,10,1034,140,346,127,300,13,46,76,98,50,103,153,172,48,7,58,114,369,.405,.423,.283,.776,.474,.423,G,jacksbo01"
"181,Josh Okogie,2.2,2.2,2019-20,21,MIN,62,28,1547,170,398,129,244,41,154,152,191,87,181,268,99,68,26,87,139,533,.427,.529,.266,.796,.553,.479,G,okogijo01"
"182,Scott Brooks,2.1,2.1,1991-92,26,MIN,82,0,1082,167,374,135,284,32,90,51,63,27,72,99,205,66,7,51,82,417,.447,.475,.356,.810,.519,.489,G,brooksc01"
"183,Jeff Teague,2.1,2.1,2019-20,31,MIN,34,13,945,145,324,112,237,33,87,125,144,15,73,88,208,25,13,76,70,448,.448,.473,.379,.868,.578,.498,G,teaguje01"
"184,Marcus Banks,2.1,2.1,2005-06,24,MIN,40,28,1228,186,388,170,344,16,44,91,117,19,97,116,188,47,11,96,124,479,.479,.494,.364,.778,.545,.500,G,banksma01"
"185,Anthony Peeler,2.1,2.1,1997-98,28,MIN,30,24,991,155,348,107,242,48,106,32,41,31,72,103,114,52,6,45,81,390,.445,.442,.453,.780,.533,.514,G,peelean01"
"186,Ricky Davis,2.1,2.1,2005-06,26,MIN,36,36,1460,255,595,222,478,33,117,146,181,25,139,164,173,42,8,98,99,689,.429,.464,.282,.807,.511,.456,G,davisri01"
"187,Andrew Wiggins,2.1,2.1,2014-15,19,MIN,82,82,2969,497,1137,458,1011,39,126,354,466,134,240,374,170,86,50,177,190,1387,.437,.453,.310,.760,.517,.454,F-G,wiggian01"
"188,Gorgui Dieng,2.1,2.1,2019-20,30,MIN,46,17,778,124,277,78,157,46,120,47,59,73,183,256,58,37,42,44,89,341,.448,.497,.383,.797,.563,.531,C,dienggo01"
"189,Andrew Wiggins,2.1,2.1,2017-18,22,MIN,82,82,2979,569,1300,457,962,112,338,202,314,82,276,358,160,91,51,138,163,1452,.438,.475,.331,.643,.505,.481,F-G,wiggian01"
"190,Tom Gugliotta,2.1,2.1,1994-95,25,MIN,31,17,1018,162,357,134,269,28,88,93,122,49,173,222,139,61,28,81,86,445,.454,.498,.318,.762,.542,.493,F,guglito01"
"191,Thurl Bailey,2.0,2.0,1991-92,30,MIN,71,18,1777,329,735,329,734,0,1,171,215,99,308,407,59,30,102,87,129,829,.448,.448,.000,.795,.500,.448,F-C,baileth01"
"192,Ricky Rubio,2.0,2.0,2011-12,21,MIN,41,31,1404,139,389,107,295,32,94,126,157,21,150,171,336,91,8,131,97,436,.357,.363,.340,.803,.476,.398,G,rubiori01"
"193,Marc Jackson,2.0,2.0,2002-03,28,MIN,77,0,1041,153,349,152,348,1,1,114,149,86,139,225,37,24,30,59,137,421,.438,.437,1.000,.765,.508,.440,C,jacksma02"
"194,Felton Spencer,2.0,2.0,1991-92,24,MIN,61,54,1481,141,331,141,331,0,0,123,178,167,268,435,53,27,79,70,241,405,.426,.426,,.691,.495,.426,C,spencfe01"
"195,Shabazz Muhammad,2.0,2.0,2014-15,22,MIN,38,13,866,194,397,174,346,20,51,104,145,63,91,154,44,18,7,35,49,512,.489,.503,.392,.717,.556,.514,F-G,muhamsh01"
"196,Nemanja Bjelica,1.9,1.9,2015-16,27,MIN,60,0,1075,110,235,62,110,48,125,40,55,49,161,210,83,26,21,47,154,308,.468,.564,.384,.727,.594,.570,F,bjeline01"
"197,James Robinson,1.9,1.9,1996-97,26,MIN,69,5,1309,196,482,94,215,102,267,78,114,24,88,112,126,30,8,69,125,572,.407,.437,.382,.684,.537,.512,G,robinja02"
"198,Latrell Sprewell,1.9,1.9,2004-05,34,MIN,80,79,2450,398,961,329,750,69,211,156,188,65,189,254,179,53,21,127,124,1021,.414,.439,.327,.830,.489,.450,G,sprewla01"
"199,Dean Garrett,1.9,1.9,2000-01,34,MIN,70,21,831,75,156,75,156,0,0,27,39,65,152,217,24,26,49,25,93,177,.481,.481,,.692,.511,.481,C,garrede01"
"200,J.J. Barea,1.9,1.9,2012-13,28,MIN,74,2,1713,316,758,219,478,97,280,105,134,34,173,207,294,32,0,145,131,834,.417,.458,.346,.784,.510,.481,G,bareajo01"
"201,Isaiah Rider,1.9,1.9,1994-95,23,MIN,75,67,2645,558,1249,419,853,139,396,277,339,90,159,249,245,69,23,232,194,1532,.447,.491,.351,.817,.548,.502,G,rideris01"
"202,Kevin Martin,1.9,1.9,2014-15,31,MIN,39,36,1302,267,625,192,434,75,191,170,193,19,123,142,89,33,1,76,76,779,.427,.442,.393,.881,.549,.487,G,martike02"
"203,Damien Wilkins,1.9,1.9,2009-10,30,MIN,80,31,1585,165,381,147,320,18,61,103,129,72,177,249,135,66,25,76,144,451,.433,.459,.295,.798,.515,.457,F-G,wilkida02"
"204,Kendall Gill,1.9,1.9,2002-03,34,MIN,82,34,2068,286,677,267,618,19,59,123,161,51,197,248,156,78,15,108,176,714,.422,.432,.322,.764,.477,.436,G,gillke01"
"205,Reggie Slater,1.8,1.8,2000-01,30,MIN,55,16,686,90,175,90,175,0,0,74,110,78,108,186,26,18,9,43,126,254,.514,.514,,.673,.568,.514,F,slatere01"
"206,Doug West,1.8,1.8,1994-95,27,MIN,71,65,2328,351,762,340,701,11,61,206,246,60,167,227,185,65,24,126,250,919,.461,.485,.180,.837,.528,.468,G-F,westdo01"
"207,Robert Covington,1.8,1.8,2018-19,28,MIN,22,22,763,106,245,51,97,55,148,51,66,21,105,126,32,50,24,25,81,318,.433,.526,.372,.773,.580,.545,F-C,covinro01"
"208,Stanley Roberts,1.8,1.8,1997-98,27,MIN,74,44,1328,191,386,191,386,0,0,75,156,109,254,363,27,24,72,70,226,457,.495,.495,,.481,.503,.495,C,roberst01"
"209,Martell Webster,1.8,1.8,2010-11,24,MIN,46,1,1094,152,340,97,208,55,132,94,122,36,111,147,53,28,9,58,101,453,.447,.466,.417,.770,.575,.528,G-F,webstma02"
"210,Derrick Williams,1.8,1.8,2011-12,20,MIN,66,15,1418,205,498,168,360,37,138,136,195,77,234,311,38,30,31,77,95,583,.412,.467,.268,.697,.499,.449,F,willide02"
"211,Isaiah Rider,1.7,1.7,1993-94,22,MIN,79,60,2415,522,1115,468,965,54,150,215,265,118,197,315,202,54,28,218,194,1313,.468,.485,.360,.811,.533,.492,G,rideris01"
"212,Greg Stiemsma,1.7,1.7,2012-13,27,MIN,76,19,1209,127,278,127,278,0,0,53,69,61,200,261,30,44,90,59,184,307,.457,.457,,.768,.498,.457,C,stiemgr01"
"213,Randy Breuer,1.7,1.7,1991-92,31,MIN,67,25,1176,161,344,161,343,0,1,41,77,98,183,281,89,27,99,41,117,363,.468,.469,.000,.532,.480,.468,C,breuera01"
"214,Michael Beasley,1.7,1.7,2010-11,22,MIN,73,73,2361,561,1246,501,1082,60,164,219,291,118,291,409,158,54,52,195,222,1401,.450,.463,.366,.753,.510,.474,F,beaslmi01"
"215,Doug West,1.7,1.7,1996-97,29,MIN,68,66,1920,226,484,211,439,15,45,64,94,37,111,148,113,61,24,66,218,531,.467,.481,.333,.681,.505,.482,G-F,westdo01"
"216,Rashad McCants,1.7,1.7,2007-08,23,MIN,75,24,2020,428,944,286,595,142,349,116,155,50,156,206,162,66,18,172,234,1114,.453,.481,.407,.748,.550,.529,G,mccanra01"
"217,Rod Strickland,1.7,1.7,2002-03,36,MIN,47,8,956,120,278,119,267,1,11,79,107,20,75,95,215,46,6,76,55,320,.432,.446,.091,.738,.492,.433,G,stricro02"
"218,Sean Rooks,1.7,1.7,1995-96,26,MIN,49,7,902,112,227,111,221,1,6,106,159,60,144,204,38,19,28,49,106,331,.493,.502,.167,.667,.557,.496,C,rooksse01"
"219,Chris Carr,1.7,1.7,1996-97,22,MIN,55,10,830,125,271,94,183,31,88,56,73,31,82,113,48,24,10,37,93,337,.461,.514,.352,.767,.556,.518,G,carrch01"
"220,Marlon Maxey,1.7,1.7,1993-94,24,MIN,55,2,626,89,167,89,165,0,2,70,98,75,124,199,10,16,33,40,113,248,.533,.539,.000,.714,.590,.533,F,maxeyma01"
"221,Rashad McCants,1.6,1.6,2005-06,21,MIN,79,12,1362,241,535,174,355,67,180,78,106,29,114,143,63,44,22,86,176,627,.450,.490,.372,.736,.539,.513,G,mccanra01"
"222,Wally Szczerbiak,1.6,1.6,2003-04,26,MIN,28,0,622,106,236,86,190,20,46,53,64,24,64,88,33,12,1,28,42,285,.449,.453,.435,.828,.539,.492,F,szczewa02"
"223,Jordan McLaughlin,1.6,1.6,2019-20,23,MIN,30,2,590,87,178,58,102,29,76,26,39,7,42,49,125,34,4,31,31,229,.489,.569,.382,.667,.587,.570,G,mclaujo01"
"224,D'Angelo Russell,1.6,1.6,2020-21,24,MIN,42,26,1196,281,652,161,342,120,310,114,149,16,95,111,244,45,18,112,68,796,.431,.471,.387,.765,.555,.523,G,russeda01"
"225,Eddie Griffin,1.5,1.5,2005-06,23,MIN,70,27,1359,130,370,114,288,16,82,44,74,107,282,389,40,13,148,43,125,320,.351,.396,.195,.595,.397,.373,F-C,griffed01"
"226,Marko Jarić,1.5,1.5,2006-07,28,MIN,70,13,1555,136,325,104,240,32,85,67,88,54,130,184,145,75,16,88,172,371,.418,.433,.376,.761,.510,.468,G,jaricma01"
"227,Tyus Jones,1.5,1.5,2016-17,20,MIN,60,0,774,75,181,49,108,26,73,33,43,10,57,67,156,48,5,38,50,209,.414,.454,.356,.767,.523,.486,G,jonesty01"
"228,Rasho Nesterović,1.5,1.5,2000-01,24,MIN,73,39,1233,147,319,147,318,0,1,34,65,99,187,286,45,25,63,55,189,328,.461,.462,.000,.523,.472,.461,C,nestera01"
"229,Ronny Turiaf,1.5,1.5,2013-14,31,MIN,31,10,606,64,107,64,107,0,0,21,50,55,119,174,24,8,50,24,65,149,.598,.598,,.420,.578,.598,F,turiaro01"
"230,Martell Webster,1.5,1.5,2011-12,25,MIN,47,26,1140,115,272,78,163,37,109,57,72,42,126,168,40,31,17,46,86,324,.423,.479,.339,.792,.533,.491,G-F,webstma02"
"231,Mickaël Gelabale,1.5,1.5,2012-13,29,MIN,36,13,644,72,139,56,87,16,52,21,24,32,67,99,26,16,4,16,47,181,.518,.644,.308,.875,.605,.576,F,gelabmi01"
"232,Mike Brown,1.5,1.5,1993-94,30,MIN,82,40,1921,111,260,111,258,0,2,77,118,119,328,447,72,51,29,75,218,299,.427,.430,.000,.653,.479,.427,C-F,brownmi01"
"233,Mark Blount,1.5,1.5,2005-06,30,MIN,42,30,1157,179,354,179,354,0,0,71,95,60,143,203,33,25,40,74,147,429,.506,.506,,.747,.542,.506,C,blounma01"
"234,Rodney Carney,1.5,1.5,2008-09,24,MIN,67,6,1199,176,423,97,197,79,226,50,66,36,90,126,26,45,29,43,94,481,.416,.492,.350,.758,.532,.509,F,carnero01"
"235,Sidney Lowe,1.5,1.5,1989-90,30,MIN,80,38,1744,73,229,71,220,2,9,39,54,41,122,163,337,73,4,63,114,187,.319,.323,.222,.722,.370,.323,G,lowesi01"
"236,Karl-Anthony Towns,1.5,1.5,2022-23,27,MIN,13,13,444,95,190,69,117,26,73,53,58,25,92,117,70,8,8,39,49,269,.500,.590,.356,.914,.624,.568,C-F,townska01"
"237,Nemanja Bjelica,1.5,1.5,2016-17,28,MIN,65,1,1190,151,356,95,179,56,177,45,61,57,187,244,79,40,20,59,154,403,.424,.531,.316,.738,.526,.503,F,bjeline01"
"238,Jaden McDaniels,1.4,1.4,2020-21,20,MIN,63,27,1511,164,367,92,169,72,198,27,45,52,180,232,71,35,60,47,172,427,.447,.544,.364,.600,.552,.545,F,mcdanja02"
"239,Thaddeus Young,1.4,1.4,2014-15,26,MIN,48,48,1605,289,641,270,576,19,65,88,129,75,170,245,135,86,17,75,115,685,.451,.469,.292,.682,.491,.466,F,youngth01"
"240,Rudy Gobert,1.4,1.4,2022-23,30,MIN,11,11,355,56,89,56,87,0,2,41,59,46,96,142,11,6,17,17,31,153,.629,.644,.000,.695,.665,.629,C,goberru01"
"241,Andrew Wiggins,1.4,1.4,2019-20,24,MIN,42,42,1455,351,790,260,515,91,275,149,207,48,171,219,155,29,36,107,101,942,.444,.505,.331,.720,.535,.502,F-G,wiggian01"
"242,Randy Breuer,1.4,1.4,1989-90,29,MIN,51,47,1325,212,510,212,509,0,1,94,142,111,179,290,84,33,75,68,133,518,.416,.417,.000,.662,.452,.416,C,breuera01"
"243,Tod Murphy,1.4,1.4,1990-91,27,MIN,52,19,1063,90,227,89,210,1,17,70,105,92,163,255,60,25,20,32,101,251,.396,.424,.059,.667,.459,.399,C-F,murphto01"
"244,Oliver Miller,1.4,1.4,2003-04,33,MIN,48,1,506,53,100,53,99,0,1,15,23,46,84,130,36,19,26,33,91,121,.530,.535,.000,.652,.549,.530,C,milleol01"
"245,Donald Royal,1.3,1.3,1989-90,23,MIN,66,0,746,117,255,117,254,0,1,153,197,69,68,137,43,32,8,81,107,387,.459,.461,.000,.777,.566,.459,F,royaldo01"
"246,Malik Beasley,1.3,1.3,2020-21,24,MIN,37,36,1214,264,600,136,279,128,321,68,80,28,134,162,88,30,7,60,62,724,.440,.487,.399,.850,.570,.547,G,beaslma01"
"247,Stephon Marbury,1.3,1.3,1998-99,21,MIN,18,18,661,124,304,116,265,8,39,63,87,17,45,62,167,29,5,55,44,319,.408,.438,.205,.724,.466,.421,G,marbust01"
"248,Jimmy Butler,1.3,1.3,2018-19,29,MIN,10,10,361,74,157,57,112,17,45,48,61,16,36,52,43,24,10,14,18,213,.471,.509,.378,.787,.579,.525,F-G,butleji01"
"249,Bob McCann,1.3,1.3,1992-93,28,MIN,79,7,1536,200,410,200,408,0,2,95,152,92,190,282,68,51,58,79,202,495,.488,.490,.000,.625,.519,.488,F,mccanbo01"
"250,Troy Hudson,1.3,1.3,2004-05,28,MIN,79,32,1729,266,664,177,406,89,258,70,90,19,86,105,283,27,6,113,121,691,.401,.436,.345,.778,.491,.468,G,hudsotr01"
"251,Chase Budinger,1.3,1.3,2014-15,26,MIN,67,4,1286,169,390,117,247,52,143,67,81,33,165,198,64,44,10,49,72,457,.433,.474,.364,.827,.537,.500,F,budinch01"
"252,Jamal Crawford,1.3,1.3,2017-18,37,MIN,80,0,1653,308,742,204,428,104,314,102,113,21,78,99,185,40,9,95,85,822,.415,.477,.331,.903,.519,.485,G,crawfja01"
"253,Cole Aldrich,1.3,1.3,2016-17,28,MIN,62,0,531,45,86,45,86,0,0,15,22,51,107,158,25,25,23,17,85,105,.523,.523,,.682,.549,.523,C,aldrico01"
"254,Wesley Johnson,1.3,1.3,2010-11,23,MIN,79,63,2069,271,682,168,393,103,289,64,92,51,189,240,148,58,54,95,163,709,.397,.427,.356,.696,.491,.473,F-G,johnswe01"
"255,Shabazz Napier,1.3,1.3,2019-20,28,MIN,36,22,856,114,283,67,124,47,159,72,88,17,93,110,187,40,7,76,62,347,.403,.540,.296,.818,.539,.486,G,napiesh01"
"256,Josh Okogie,1.3,1.3,2020-21,22,MIN,59,37,1197,102,254,73,146,29,108,83,108,63,93,156,63,54,28,43,123,316,.402,.500,.269,.769,.524,.459,G,okogijo01"
"257,Dennis Scott,1.3,1.3,1998-99,30,MIN,21,9,532,70,157,41,89,29,68,22,27,5,33,38,32,12,2,14,32,191,.446,.461,.426,.815,.565,.538,F,scottde01"
"258,Doug West,1.2,1.2,1990-91,23,MIN,75,1,824,118,246,118,245,0,1,58,84,56,80,136,48,35,23,41,115,294,.480,.482,.000,.690,.520,.480,G-F,westdo01"
"259,Chris Smith,1.2,1.2,1994-95,24,MIN,64,17,1073,116,264,69,156,47,108,41,63,14,59,73,146,32,22,50,119,320,.439,.442,.435,.651,.548,.528,G,smithch03"
"260,Josh Okogie,1.2,1.2,2018-19,20,MIN,74,52,1757,196,508,136,293,60,215,118,162,41,177,218,91,88,33,63,166,570,.386,.464,.279,.728,.492,.445,G,okogijo01"
"261,Thurl Bailey,1.2,1.2,1992-93,31,MIN,70,3,1276,203,446,203,446,0,0,119,142,53,162,215,61,20,47,60,88,525,.455,.455,,.838,.516,.455,F-C,baileth01"
"262,Ryan Hollins,1.2,1.2,2009-10,25,MIN,73,27,1223,169,303,169,302,0,1,109,158,79,128,207,51,19,38,95,199,447,.558,.560,.000,.690,.600,.558,C,holliry01"
"263,Bobby Jackson,1.2,1.2,1998-99,25,MIN,50,12,941,141,348,131,321,10,27,61,79,43,92,135,167,39,3,75,75,353,.405,.408,.370,.772,.461,.420,G,jacksbo01"
"264,Jordan McLaughlin,1.2,1.2,2020-21,24,MIN,51,2,938,100,242,67,150,33,92,23,30,21,87,108,193,51,6,51,44,256,.413,.447,.359,.767,.502,.481,G,mclaujo01"
"265,Michael Olowokandi,1.2,1.2,2004-05,29,MIN,62,34,1215,161,353,161,353,0,0,46,69,106,218,324,29,15,56,68,193,368,.456,.456,,.667,.480,.456,C,olowomi01"
"266,Winston Garland,1.2,1.2,1994-95,30,MIN,73,58,1931,170,410,151,335,19,75,89,112,48,120,168,318,71,13,105,184,448,.415,.451,.253,.795,.488,.438,G,garlawi01"
"267,J.J. Barea,1.2,1.2,2011-12,27,MIN,41,11,1032,167,418,114,275,53,143,76,98,14,100,114,232,21,0,103,61,463,.400,.415,.371,.776,.502,.463,G,bareajo01"
"268,Chuck Person,1.2,1.2,1993-94,29,MIN,77,37,2029,356,843,256,571,100,272,82,108,55,198,253,185,45,12,121,164,894,.422,.448,.368,.759,.502,.482,F,persoch01"
"269,Kevin Ollie,1.2,1.2,2008-09,36,MIN,50,21,850,61,150,61,149,0,1,80,96,13,62,75,117,19,4,34,79,202,.407,.409,.000,.833,.525,.407,G,ollieke01"
"270,Nikola Peković,1.2,1.2,2014-15,29,MIN,31,29,815,139,328,139,328,0,0,108,129,89,145,234,27,19,12,42,59,386,.424,.424,,.837,.502,.424,C,pekovni01"
"271,Michael Olowokandi,1.2,1.2,2003-04,28,MIN,43,25,925,121,285,121,285,0,0,36,61,78,167,245,24,16,68,54,137,278,.425,.425,,.590,.446,.425,C,olowomi01"
"272,Anthony Tolliver,1.2,1.2,2018-19,33,MIN,65,0,1079,99,259,18,44,81,215,47,60,15,162,177,46,17,21,36,91,326,.382,.409,.377,.783,.571,.539,F-C,tollian01"
"273,Reggie Jordan,1.2,1.2,1997-98,30,MIN,57,1,487,54,113,54,112,0,1,41,72,57,40,97,50,35,9,30,63,149,.478,.482,.000,.569,.515,.478,G,jordare01"
"274,Robbie Hummel,1.1,1.1,2013-14,24,MIN,53,5,655,67,177,35,88,32,89,15,16,35,97,132,23,16,2,10,57,181,.379,.398,.360,.938,.492,.469,F,hummero01"
"275,Juancho Hernangómez,1.1,1.1,2020-21,25,MIN,52,6,900,130,299,75,131,55,168,60,97,45,160,205,35,19,7,27,52,375,.435,.573,.327,.619,.549,.527,F,hernaju01"
"276,Malik Sealy,1.1,1.1,1998-99,28,MIN,31,7,731,95,231,89,208,6,23,55,61,23,69,92,36,30,5,33,68,251,.411,.428,.261,.902,.487,.424,G,sealyma01"
"277,Chris Carr,1.1,1.1,1997-98,23,MIN,51,40,1165,190,452,150,325,40,127,84,99,43,112,155,85,17,11,69,129,504,.420,.462,.315,.848,.509,.465,G,carrch01"
"278,Ramon Sessions,1.1,1.1,2009-10,23,MIN,82,1,1732,253,555,252,540,1,15,167,233,58,156,214,258,55,5,137,137,674,.456,.467,.067,.717,.513,.457,G,sessira01"
"279,Chris Smith,1.1,1.1,1992-93,22,MIN,80,6,1266,125,289,123,275,2,14,95,120,32,64,96,196,48,16,68,96,347,.433,.447,.143,.792,.508,.436,G,smithch03"
"280,Justin Hamilton,1.1,1.1,2014-15,24,MIN,17,9,423,58,113,54,101,4,12,33,40,33,53,86,24,19,25,18,37,153,.513,.535,.333,.825,.586,.531,C,hamilju01"
"281,Tellis Frank,1.1,1.1,1993-94,28,MIN,67,11,959,67,160,67,158,0,2,54,76,83,137,220,57,35,35,49,163,188,.419,.424,.000,.711,.486,.419,F-C,frankte01"
"282,Randy Foye,1.1,1.1,2007-08,24,MIN,39,31,1259,198,462,137,314,61,148,53,65,13,115,128,164,36,3,79,102,510,.429,.436,.412,.815,.520,.495,G,foyera01"
"283,Anthony Peeler,1.1,1.1,1998-99,29,MIN,28,28,810,103,272,69,158,34,114,30,41,30,54,84,78,35,6,38,60,270,.379,.437,.298,.732,.465,.441,G,peelean01"
"284,Kevin Love,1.1,1.1,2012-13,24,MIN,18,18,618,105,298,85,206,20,92,100,142,64,188,252,42,13,9,39,34,330,.352,.413,.217,.704,.458,.386,F,loveke01"
"285,Kevin Garnett,1.1,1.1,2015-16,39,MIN,38,38,556,54,115,54,114,0,1,14,21,15,135,150,62,28,10,16,70,122,.470,.474,.000,.667,.491,.470,F-C,garneke01"
"286,Anthony Randolph,1.1,1.1,2011-12,22,MIN,34,5,517,94,200,94,199,0,1,64,84,42,81,123,19,13,35,40,56,252,.470,.472,.000,.762,.532,.470,F,randoan01"
"287,Felton Spencer,1.1,1.1,1992-93,25,MIN,71,48,1296,105,226,105,226,0,0,83,127,134,190,324,17,23,66,70,243,293,.465,.465,,.654,.520,.465,C,spencfe01"
"288,Corey Brewer,1.0,1.0,2009-10,23,MIN,82,82,2482,409,949,327,712,82,237,166,256,70,209,279,193,117,29,164,224,1066,.431,.459,.346,.648,.502,.474,F-G,breweco01"
"289,Chris Johnson,1.0,1.0,2012-13,27,MIN,30,0,284,48,75,48,75,0,0,21,34,20,40,60,8,7,28,13,49,117,.640,.640,,.618,.650,.640,C,johnsch03"
"290,Keita Bates-Diop,1.0,1.0,2019-20,24,MIN,37,0,646,87,206,56,112,31,94,46,65,21,89,110,30,17,20,14,36,251,.422,.500,.330,.708,.535,.498,F,bateske01"
"291,Tom Hammonds,1.0,1.0,1998-99,31,MIN,49,0,716,82,179,82,179,0,0,48,75,54,82,136,20,8,7,32,88,212,.458,.458,,.640,.500,.458,F,hammoto01"
"292,Dean Garrett,1.0,1.0,1999-00,33,MIN,56,23,604,48,108,48,108,0,0,18,26,41,99,140,19,8,40,21,94,114,.444,.444,,.692,.477,.444,C,garrede01"
"293,Randy Breuer,1.0,1.0,1990-91,30,MIN,73,44,1505,197,435,197,435,0,0,35,79,114,231,345,73,35,80,69,132,429,.453,.453,,.443,.457,.453,C,breuera01"
"294,Nathan Knight,1.0,1.0,2021-22,24,MIN,37,2,267,45,88,41,75,4,13,44,60,32,53,85,22,7,8,18,42,138,.511,.547,.308,.733,.603,.534,F-C,knighna01"
"295,Marlon Maxey,0.9,0.9,1992-93,23,MIN,43,3,520,93,169,93,168,0,1,45,70,66,98,164,12,11,18,38,75,231,.550,.554,.000,.643,.578,.550,F,maxeyma01"
"296,Chase Budinger,0.9,0.9,2013-14,25,MIN,41,8,751,100,254,58,134,42,120,32,39,19,84,103,31,19,2,24,58,274,.394,.433,.350,.821,.505,.476,F,budinch01"
"297,Anthony Tolliver,0.9,0.9,2011-12,26,MIN,51,0,882,71,182,46,81,25,101,41,55,50,103,153,22,18,19,35,86,208,.390,.568,.248,.745,.504,.459,F-C,tollian01"
"298,Pat Durham,0.9,0.9,1994-95,27,MIN,59,2,852,117,237,112,211,5,26,63,96,37,57,94,53,36,32,45,114,302,.494,.531,.192,.656,.541,.504,F,durhapa01"
"299,John Thomas,0.9,0.9,2004-05,29,MIN,44,8,521,42,86,42,86,0,0,27,46,39,58,97,17,15,13,18,82,111,.488,.488,,.587,.522,.488,F,thomajo02"
"300,Noah Vonleh,0.9,0.9,2019-20,24,MIN,29,1,347,47,86,45,72,2,14,23,28,34,82,116,26,11,6,19,36,119,.547,.625,.143,.821,.605,.558,F,vonleno01"
"301,Kirk Snyder,0.9,0.9,2007-08,24,MIN,27,18,680,83,161,80,147,3,14,58,77,25,89,114,56,19,14,48,49,227,.516,.544,.214,.753,.582,.525,G,snydeki01"
"302,Stojko Vranković,0.9,0.9,1996-97,33,MIN,53,35,766,78,139,78,139,0,0,25,37,57,111,168,14,10,67,52,121,181,.561,.561,,.676,.583,.561,C,vrankst01"
"303,Luc Longley,0.9,0.9,1993-94,25,MIN,49,29,989,134,289,134,288,0,1,56,80,87,208,295,46,35,58,79,131,324,.464,.465,.000,.700,.500,.464,C,longllu01"
"304,Sam Mitchell,0.9,0.9,2001-02,38,MIN,74,10,726,98,227,88,192,10,35,38,49,18,64,82,45,12,4,26,79,244,.432,.458,.286,.776,.491,.454,F,mitchsa01"
"305,Brian Cardinal,0.9,0.9,2008-09,31,MIN,64,4,909,65,169,35,77,30,92,30,35,39,103,142,76,37,13,48,135,190,.385,.455,.326,.857,.515,.473,F,cardibr01"
"306,Chris Smith,0.9,0.9,1993-94,23,MIN,80,16,1617,184,423,174,384,10,39,95,141,15,107,122,285,38,18,101,131,473,.435,.453,.256,.674,.488,.447,G,smithch03"
"307,Ed Davis,0.8,0.8,2020-21,31,MIN,23,7,299,19,44,19,44,0,0,10,12,46,69,115,21,13,13,7,56,48,.432,.432,,.833,.487,.432,F,davised01"
"308,Sebastian Telfair,0.8,0.8,2008-09,23,MIN,75,43,2095,267,697,194,486,73,211,131,160,32,95,127,343,73,12,146,184,738,.383,.399,.346,.819,.481,.435,G,telfase01"
"309,Juancho Hernangómez,0.8,0.8,2019-20,24,MIN,14,14,411,62,137,33,68,29,69,28,46,19,83,102,18,14,4,14,35,181,.453,.485,.420,.609,.576,.558,F,hernaju01"
"310,Doug West,0.8,0.8,1995-96,28,MIN,73,16,1639,175,393,174,380,1,13,114,144,48,113,161,119,30,17,81,228,465,.445,.458,.077,.792,.509,.447,G-F,westdo01"
"311,Luol Deng,0.8,0.8,2018-19,33,MIN,22,2,392,59,118,45,74,14,44,25,35,20,53,73,18,15,8,14,24,157,.500,.608,.318,.714,.588,.559,F,denglu01"
"312,Anthony Edwards,0.8,0.8,2020-21,19,MIN,72,55,2314,505,1211,334,691,171,520,211,272,59,277,336,211,82,36,160,129,1392,.417,.483,.329,.776,.523,.488,G,edwaran01"
"313,Wayne Ellington,0.8,0.8,2011-12,24,MIN,51,4,973,122,302,87,194,35,108,32,40,14,85,99,33,26,10,26,56,311,.404,.448,.324,.800,.487,.462,G,ellinwa01"
"314,Jaden McDaniels,0.8,0.8,2022-23,22,MIN,13,13,383,57,100,45,66,12,34,22,27,18,27,45,16,16,17,21,47,148,.570,.682,.353,.815,.661,.630,F,mcdanja02"
"315,Mark Madsen,0.8,0.8,2004-05,29,MIN,41,14,601,34,66,34,66,0,0,20,40,63,65,128,18,7,14,24,103,88,.515,.515,,.500,.526,.515,F,madsema01"
"316,Charles Shackleford,0.8,0.8,1994-95,28,MIN,21,2,239,39,65,39,65,0,0,16,20,16,51,67,8,8,6,8,47,94,.600,.600,,.800,.637,.600,F-C,shackch01"
"317,Kevin Martin,0.8,0.8,2015-16,32,MIN,39,12,834,126,334,88,231,38,103,125,142,10,71,81,46,17,1,41,68,415,.377,.381,.369,.880,.523,.434,G,martike02"
"318,Spud Webb,0.8,0.8,1995-96,32,MIN,26,21,645,82,208,53,136,29,72,51,58,7,33,40,154,25,5,59,41,244,.394,.390,.403,.879,.522,.464,G,webbsp01"
"319,Ervin Johnson,0.8,0.8,2004-05,37,MIN,46,23,410,28,54,27,53,1,1,16,25,43,70,113,6,7,13,18,86,73,.519,.509,1.000,.640,.562,.528,C,johnser02"
"320,Robbie Hummel,0.8,0.8,2014-15,25,MIN,45,4,742,79,172,63,121,16,51,24,29,31,103,134,27,16,9,18,86,198,.459,.521,.314,.828,.536,.506,F,hummero01"
"321,James Johnson,0.8,0.8,2019-20,32,MIN,14,1,338,64,128,47,82,17,46,23,34,17,49,66,53,19,19,33,46,168,.500,.573,.370,.676,.588,.566,F,johnsja01"
"322,Malik Beasley,0.8,0.8,2019-20,23,MIN,14,14,463,110,233,61,118,49,115,21,28,9,62,71,27,9,2,21,27,290,.472,.517,.426,.750,.591,.577,G,beaslma01"
"323,Naz Reid,0.8,0.8,2019-20,20,MIN,30,11,495,100,243,68,146,32,97,37,53,34,90,124,35,19,22,22,83,269,.412,.466,.330,.698,.505,.477,F,reidna01"
"324,Alexey Shved,0.8,0.8,2012-13,24,MIN,77,16,1840,236,635,151,347,85,288,108,150,41,134,175,286,54,27,147,117,665,.372,.435,.295,.720,.474,.439,G,shvedal01"
"325,Scott Roth,0.7,0.7,1989-90,26,MIN,71,3,1061,159,420,141,368,18,52,150,201,34,78,112,115,51,6,85,144,486,.379,.383,.346,.746,.478,.400,F,rothsc01"
"326,Mo Williams,0.7,0.7,2014-15,32,MIN,41,19,1149,180,447,121,277,59,170,80,94,13,85,98,261,30,8,102,103,499,.403,.437,.347,.851,.511,.469,G,willima01"
"327,Felipe López,0.7,0.7,2000-01,26,MIN,23,10,457,69,152,56,129,13,23,19,33,25,49,74,34,21,12,27,46,170,.454,.434,.565,.576,.510,.497,G,lopezfe01"
"328,J.J. Barea,0.7,0.7,2013-14,29,MIN,79,1,1471,254,656,181,425,73,231,79,100,16,138,154,303,26,0,125,129,660,.387,.426,.316,.790,.471,.443,G,bareajo01"
"329,Sebastian Telfair,0.7,0.7,2007-08,22,MIN,60,51,1933,223,556,191,442,32,114,78,105,16,119,135,355,59,11,111,171,556,.401,.432,.281,.743,.462,.430,G,telfase01"
"330,Chase Budinger,0.7,0.7,2012-13,24,MIN,23,1,508,79,191,53,110,26,81,32,42,15,56,71,25,14,7,23,29,216,.414,.482,.321,.762,.516,.482,F,budinch01"
"331,Justin Reed,0.7,0.7,2005-06,24,MIN,40,6,706,94,221,94,220,0,1,62,80,40,55,95,34,18,11,37,118,250,.425,.427,.000,.775,.488,.425,F,reedju01"
"332,Troy Hudson,0.7,0.7,2005-06,29,MIN,36,0,800,127,333,87,232,40,101,48,52,8,36,44,106,12,4,40,55,342,.381,.375,.396,.923,.480,.441,G,hudsotr01"
"333,Jaylen Nowell,0.7,0.7,2020-21,21,MIN,42,0,759,142,335,92,185,50,150,45,55,19,76,95,62,22,12,28,72,379,.424,.497,.333,.818,.528,.499,G,nowelja01"
"334,Bill Curley,0.7,0.7,1998-99,26,MIN,35,7,372,29,72,28,67,1,5,19,22,20,31,51,14,17,9,10,83,78,.403,.418,.200,.864,.477,.410,F,curlebi01"
"335,Andrae Patterson,0.7,0.7,1998-99,23,MIN,35,0,284,43,97,43,92,0,5,28,36,30,35,65,15,19,7,22,62,114,.443,.467,.000,.778,.505,.443,F,pattean01"
"336,Jake Layman,0.7,0.7,2020-21,26,MIN,45,11,627,91,184,68,106,23,78,26,37,13,54,67,28,29,19,26,44,231,.495,.642,.295,.703,.577,.557,F,laymaja01"
"337,Josh Okogie,0.7,0.7,2021-22,23,MIN,49,6,516,42,104,28,57,14,47,35,51,29,41,70,25,26,12,23,53,133,.404,.491,.298,.686,.526,.471,G,okogijo01"
"338,Anthony Randolph,0.7,0.7,2010-11,21,MIN,23,3,463,109,219,109,219,0,0,52,74,32,88,120,26,18,16,43,47,270,.498,.498,,.703,.537,.498,F,randoan01"
"339,Nikola Peković,0.6,0.6,2010-11,25,MIN,65,11,887,136,263,136,263,0,0,87,114,90,103,193,27,18,35,91,181,359,.517,.517,,.763,.573,.517,C,pekovni01"
"340,Corey Brewer,0.6,0.6,2010-11,24,MIN,56,22,1362,168,437,142,338,26,99,121,171,45,107,152,77,89,14,77,134,483,.384,.420,.263,.708,.471,.414,F-G,breweco01"
"341,Wesley Johnson,0.6,0.6,2011-12,24,MIN,65,64,1469,158,397,105,228,53,169,24,34,24,153,177,59,35,48,60,115,393,.398,.461,.314,.706,.477,.465,F-G,johnswe01"
"342,Andrew Wiggins,0.6,0.6,2018-19,23,MIN,73,73,2543,498,1209,380,861,118,348,207,296,83,269,352,184,70,48,138,153,1321,.412,.441,.339,.699,.493,.461,F-G,wiggian01"
"343,Sam Mitchell,0.6,0.6,2000-01,37,MIN,82,4,983,118,289,109,246,9,43,40,55,28,95,123,57,26,10,36,117,285,.408,.443,.209,.727,.455,.424,F,mitchsa01"
"344,Troy Hudson,0.6,0.6,2003-04,27,MIN,29,1,503,80,207,49,130,31,77,27,33,4,31,35,70,7,0,34,32,218,.386,.377,.403,.818,.492,.461,G,hudsotr01"
"345,Mark Madsen,0.6,0.6,2005-06,30,MIN,62,7,676,27,66,27,59,0,7,20,47,50,91,141,11,23,17,26,114,74,.409,.458,.000,.426,.427,.409,F,madsema01"
"346,Darko Miličić,0.6,0.6,2009-10,24,MIN,24,18,614,92,187,92,186,0,1,15,28,42,91,133,43,18,33,33,75,199,.492,.495,.000,.536,.499,.492,F-C,milicda01"
"347,Luc Mbah a Moute,0.6,0.6,2013-14,27,MIN,55,2,807,72,161,69,147,3,14,37,54,47,72,119,21,21,9,36,50,184,.447,.469,.214,.685,.498,.457,F,mbahalu01"
"348,Anthony Carter,0.6,0.6,2005-06,30,MIN,45,8,589,53,137,49,122,4,15,40,55,9,53,62,101,24,9,40,71,150,.387,.402,.267,.727,.465,.401,G,cartean01"
"349,Reggie Slater,0.5,0.5,2002-03,32,MIN,26,0,141,27,50,27,50,0,0,27,45,18,13,31,4,6,1,9,31,81,.540,.540,,.600,.580,.540,F,slatere01"
"350,Anthony Carter,0.5,0.5,2004-05,29,MIN,66,12,742,72,177,70,160,2,17,35,51,12,57,69,161,35,18,62,88,181,.407,.438,.118,.686,.454,.412,G,cartean01"
"351,D'Angelo Russell,0.5,0.5,2019-20,23,MIN,12,12,392,87,211,49,101,38,110,48,55,3,52,55,79,17,4,46,22,260,.412,.485,.345,.873,.553,.502,G,russeda01"
"352,Kyle Anderson,0.5,0.5,2022-23,29,MIN,9,2,172,20,35,16,24,4,11,11,13,4,22,26,24,7,5,8,9,55,.571,.667,.364,.846,.675,.629,F-G,anderky01"
"353,Andre Miller,0.5,0.5,2015-16,39,MIN,26,0,280,36,58,35,54,1,4,15,19,6,18,24,58,9,0,25,32,88,.621,.648,.250,.789,.663,.629,G,millean02"
"354,Loren Woods,0.5,0.5,2001-02,23,MIN,60,0,516,33,96,33,94,0,2,44,60,46,76,122,22,17,34,36,60,110,.344,.351,.000,.733,.449,.344,F-C,woodslo01"
"355,Michael Beasley,0.5,0.5,2011-12,23,MIN,47,7,1087,221,497,183,396,38,101,61,95,39,168,207,45,18,19,80,83,541,.445,.462,.376,.642,.502,.483,F,beaslmi01"
"356,Greg Foster,0.5,0.5,1994-95,26,MIN,61,0,845,109,232,102,209,7,23,56,80,67,138,205,23,13,20,54,129,281,.470,.488,.304,.700,.526,.485,F-C,fostegr01"
"357,Tom Hammonds,0.5,0.5,1999-00,32,MIN,56,0,372,42,97,42,97,0,0,33,56,34,67,101,10,8,3,21,55,117,.433,.433,,.589,.481,.433,F,hammoto01"
"358,Ricky Rubio,0.5,0.5,2014-15,24,MIN,22,22,692,78,219,65,168,13,51,57,71,19,106,125,193,38,1,64,59,226,.356,.387,.255,.803,.452,.386,G,rubiori01"
"359,Eric Riley,0.5,0.5,1995-96,25,MIN,25,10,310,35,74,35,73,0,1,22,28,32,44,76,5,8,16,17,42,92,.473,.479,.000,.786,.533,.473,C,rileyer01"
"360,Gerald Glass,0.5,0.5,1990-91,23,MIN,51,3,606,149,340,147,323,2,17,52,76,54,48,102,42,28,9,41,76,352,.438,.455,.118,.684,.471,.441,G-F,glassge01"
"361,Stacey King,0.4,0.4,1993-94,27,MIN,18,15,516,78,170,78,170,0,0,57,83,40,69,109,19,13,30,40,57,213,.459,.459,,.687,.516,.459,F-C,kingst01"
"362,Anthony Edwards,0.4,0.4,2022-23,21,MIN,13,13,474,106,230,73,136,33,94,38,57,7,65,72,51,15,3,39,39,283,.461,.537,.351,.667,.555,.533,G,edwaran01"
"363,Gary Neal,0.4,0.4,2014-15,30,MIN,11,1,262,45,105,34,74,11,31,29,33,0,35,35,20,7,0,10,18,130,.429,.459,.355,.879,.544,.481,G,nealga01"
"364,Chris Richard,0.4,0.4,2007-08,23,MIN,52,3,556,41,87,41,87,0,0,16,27,52,83,135,18,10,12,24,83,98,.471,.471,,.593,.496,.471,F,richach01"
"365,Shelden Williams,0.4,0.4,2008-09,25,MIN,15,0,207,30,68,30,68,0,0,14,21,24,51,75,4,10,8,8,28,74,.441,.441,,.667,.479,.441,F,willish02"
"366,Cameron Reynolds,0.4,0.4,2018-19,23,MIN,19,0,259,33,78,12,27,21,51,8,9,4,27,31,13,6,2,5,26,95,.423,.444,.412,.889,.580,.558,G,reynoca01"
"367,Tayshaun Prince,0.4,0.4,2015-16,35,MIN,77,44,1462,102,229,98,206,4,23,13,19,32,115,147,73,36,13,27,62,221,.445,.476,.174,.684,.466,.454,F,princta01"
"368,Wayne Ellington,0.4,0.4,2009-10,22,MIN,76,1,1384,190,448,126,286,64,162,61,70,33,126,159,74,20,5,74,72,505,.424,.441,.395,.871,.527,.496,G,ellinwa01"
"369,Brandon Rush,0.4,0.4,2016-17,31,MIN,47,33,1030,70,187,26,73,44,114,13,18,16,83,99,45,22,23,28,42,197,.374,.356,.386,.722,.505,.492,G-F,rushbr01"
"370,Mark Madsen,0.4,0.4,2006-07,31,MIN,56,0,473,23,43,23,43,0,0,15,29,35,52,87,10,10,10,21,100,61,.535,.535,,.517,.547,.535,F,madsema01"
"371,Mark Randall,0.4,0.4,1991-92,24,MIN,39,0,374,58,127,55,113,3,14,26,35,35,27,62,26,12,3,19,31,145,.457,.487,.214,.743,.509,.469,F,randama01"
"372,Corey Brewer,0.4,0.4,2014-15,28,MIN,24,16,680,94,225,86,184,8,41,55,78,32,62,94,78,54,4,50,62,251,.418,.467,.195,.705,.484,.436,F-G,breweco01"
"373,Brian Cardinal,0.4,0.4,2009-10,32,MIN,29,0,267,14,36,11,27,3,9,17,18,7,22,29,24,9,3,7,56,48,.389,.407,.333,.944,.546,.431,F,cardibr01"
"374,Jeff Adrien,0.4,0.4,2014-15,28,MIN,17,0,215,19,44,19,44,0,0,22,38,23,54,77,15,4,9,9,30,60,.432,.432,,.579,.494,.432,F,adrieje01"
"375,Tod Murphy,0.4,0.4,1991-92,28,MIN,47,3,429,39,80,38,78,1,2,19,34,36,74,110,11,9,8,18,40,98,.488,.487,.500,.559,.516,.494,C-F,murphto01"
"376,Brad Lohaus,0.4,0.4,1989-90,25,MIN,28,24,590,94,202,93,186,1,16,21,26,21,89,110,62,14,22,45,66,210,.465,.500,.063,.808,.492,.468,F-C,lohaubr01"
"377,Mike Wilks,0.4,0.4,2002-03,23,MIN,31,0,324,21,67,17,49,4,18,16,18,11,19,30,50,11,3,12,31,62,.313,.347,.222,.889,.414,.343,G,wilksmi01"
"378,Michael Olowokandi,0.4,0.4,2005-06,30,MIN,32,24,752,87,195,87,195,0,0,19,39,45,134,179,17,19,27,41,100,193,.446,.446,,.487,.455,.446,C,olowomi01"
"379,Loren Woods,0.4,0.4,2002-03,24,MIN,38,11,353,29,76,28,73,1,3,21,27,27,68,95,19,10,13,23,37,80,.382,.384,.333,.778,.455,.388,F-C,woodslo01"
"380,Malcolm Lee,0.4,0.4,2012-13,22,MIN,16,12,289,29,76,21,52,8,24,12,20,15,24,39,20,12,6,10,30,78,.382,.404,.333,.600,.460,.434,G,leema01"
"381,Jordan Bell,0.4,0.4,2019-20,25,MIN,27,0,235,32,60,30,51,2,9,17,29,28,50,78,14,2,10,18,17,83,.533,.588,.222,.586,.570,.550,F,belljo01"
"382,Todd Day,0.3,0.3,2000-01,31,MIN,31,0,345,44,118,18,49,26,69,18,23,10,27,37,28,10,7,24,52,132,.373,.367,.377,.783,.515,.483,G-F,dayto01"
"383,Corey Brewer,0.3,0.3,2008-09,22,MIN,15,8,307,37,90,32,78,5,12,14,19,18,31,49,25,15,3,13,37,93,.411,.410,.417,.737,.473,.439,F-G,breweco01"
"384,Keita Bates-Diop,0.3,0.3,2018-19,23,MIN,30,3,503,60,142,47,90,13,52,18,28,16,67,83,17,18,14,14,29,151,.423,.522,.250,.643,.489,.468,F,bateske01"
"385,Taurean Prince,0.3,0.3,2022-23,28,MIN,13,0,256,37,76,19,33,18,43,6,7,5,29,34,14,4,3,12,33,98,.487,.576,.419,.857,.620,.605,F,princta02"
"386,Kevin Garnett,0.3,0.3,2014-15,38,MIN,5,5,98,18,31,18,30,0,1,2,4,2,24,26,8,5,4,1,13,38,.581,.600,.000,.500,.580,.581,F-C,garneke01"
"387,Naz Reid,0.3,0.3,2022-23,23,MIN,9,0,118,31,53,25,33,6,20,8,12,6,18,24,3,4,7,7,17,76,.585,.758,.300,.667,.652,.642,F,reidna01"
"388,Tyus Jones,0.3,0.3,2015-16,19,MIN,37,0,573,56,156,40,103,16,53,28,39,7,40,47,108,31,3,33,33,156,.359,.388,.302,.718,.450,.410,G,jonesty01"
"389,Shabazz Muhammad,0.3,0.3,2013-14,21,MIN,37,0,290,57,124,54,113,3,11,26,40,24,29,53,6,8,1,16,24,143,.460,.478,.273,.650,.505,.472,F-G,muhamsh01"
"390,Felipe López,0.3,0.3,2001-02,27,MIN,67,0,581,59,156,45,123,14,33,37,55,29,51,80,39,18,1,36,73,169,.378,.366,.424,.673,.469,.423,G,lopezfe01"
"391,Anthony Bennett,0.3,0.3,2014-15,21,MIN,57,3,894,125,297,118,274,7,23,41,64,52,164,216,48,27,16,36,87,298,.421,.431,.304,.641,.458,.433,F,bennean01"
"392,Jake Layman,0.3,0.3,2019-20,25,MIN,23,2,505,81,179,57,107,24,72,24,32,17,40,57,15,17,10,24,47,210,.453,.533,.333,.750,.544,.520,F,laymaja01"
"393,Gerald Glass,0.3,0.3,1991-92,24,MIN,75,41,1822,383,871,367,817,16,54,77,125,107,153,260,175,66,30,103,171,859,.440,.449,.296,.616,.464,.449,G-F,glassge01"
"394,Ronald Dupree,0.3,0.3,2005-06,25,MIN,36,0,265,33,63,33,62,0,1,14,41,21,28,49,14,12,0,14,44,80,.524,.532,.000,.341,.494,.524,F,duprero01"
"395,Lazar Hayward,0.3,0.3,2010-11,24,MIN,42,0,419,55,154,38,94,17,60,33,42,23,47,70,28,12,7,19,44,160,.357,.404,.283,.786,.464,.412,F,haywala01"
"396,Bracey Wright,0.3,0.3,2006-07,22,MIN,19,0,190,24,60,18,40,6,20,13,18,7,14,21,15,9,1,6,6,67,.400,.450,.300,.722,.493,.450,G,wrighbr02"
"397,Jordan McLaughlin,0.3,0.3,2022-23,26,MIN,11,0,172,14,36,12,18,2,18,6,6,2,18,20,40,6,1,6,6,36,.389,.667,.111,1.000,.466,.417,G,mclaujo01"
"398,Richie Frahm,0.3,0.3,2005-06,28,MIN,25,0,225,24,65,9,17,15,48,3,5,3,20,23,15,3,2,4,22,66,.369,.529,.313,.600,.491,.485,G,frahmri01"
"399,Reggie Jordan,0.3,0.3,1998-99,31,MIN,27,1,296,15,54,15,54,0,0,21,38,27,32,59,41,12,5,14,38,51,.278,.278,,.553,.361,.278,G,jordare01"
"400,Theo Ratliff,0.3,0.3,2007-08,34,MIN,10,6,214,23,45,23,44,0,1,17,25,13,26,39,7,3,19,12,30,63,.511,.523,.000,.680,.563,.511,C-F,ratlith01"
"401,Tellis Frank,0.3,0.3,1991-92,26,MIN,10,0,140,18,33,18,33,0,0,10,15,8,18,26,8,5,4,5,24,46,.545,.545,,.667,.581,.545,F-C,frankte01"
"402,Lorenzo Brown,0.3,0.3,2014-15,24,MIN,29,7,549,52,122,46,94,6,28,12,19,14,56,70,90,28,6,30,49,122,.426,.489,.214,.632,.468,.451,G,brownlo01"
"403,Marc Jackson,0.3,0.3,2001-02,27,MIN,22,0,326,38,99,38,98,0,1,26,32,31,54,85,7,6,3,18,44,102,.384,.388,.000,.813,.451,.384,C,jacksma02"
"404,Arinze Onuaku,0.3,0.3,2014-15,27,MIN,6,1,68,12,14,12,14,0,0,3,8,7,14,21,4,1,3,2,6,27,.857,.857,,.375,.771,.857,C,onuakar01"
"405,Nathan Jawai,0.3,0.3,2009-10,23,MIN,39,2,412,49,111,49,110,0,1,26,38,49,55,104,24,10,9,27,58,124,.441,.445,.000,.684,.485,.441,C-F,jawaina01"
"406,Micheal Williams,0.3,0.3,1997-98,31,MIN,25,0,161,16,48,16,44,0,4,32,33,2,12,14,32,9,2,16,24,64,.333,.364,.000,.970,.512,.333,G,willimi02"
"407,Wayne Ellington,0.3,0.3,2010-11,23,MIN,62,8,1181,160,397,112,276,48,121,42,53,26,82,108,72,28,3,53,85,410,.403,.406,.397,.792,.488,.463,G,ellinwa01"
"408,Greg Monroe,0.3,0.3,2021-22,31,MIN,4,0,81,13,22,13,22,0,0,3,7,6,18,24,16,4,6,7,9,29,.591,.591,,.429,.578,.591,C-F,monrogr01"
"409,Richard Coffey,0.2,0.2,1990-91,25,MIN,52,1,320,28,75,28,74,0,1,12,22,42,37,79,3,6,4,5,45,68,.373,.378,.000,.545,.402,.373,F,cofferi01"
"410,Adreian Payne,0.2,0.2,2016-17,25,MIN,18,0,135,23,54,20,39,3,15,14,19,9,24,33,7,8,7,8,32,63,.426,.513,.200,.737,.505,.454,F-C,paynead01"
"411,Kelan Martin,0.2,0.2,2019-20,24,MIN,31,4,495,71,181,46,85,25,96,30,31,12,84,96,23,7,9,20,51,197,.392,.541,.260,.968,.506,.461,F,martike03"
"412,Darko Miličić,0.2,0.2,2010-11,25,MIN,69,69,1686,271,578,271,578,0,0,64,115,133,227,360,104,54,140,151,229,606,.469,.469,,.557,.482,.469,F-C,milicda01"
"413,Alexey Shved,0.2,0.2,2013-14,25,MIN,63,0,664,76,237,46,135,30,102,68,90,21,60,81,68,26,16,48,36,250,.321,.341,.294,.756,.452,.384,G,shvedal01"
"414,Marcus Georges-Hunt,0.2,0.2,2017-18,23,MIN,42,0,224,21,48,17,33,4,15,13,21,7,9,16,7,6,0,3,32,59,.438,.515,.267,.619,.515,.479,G,georgma01"
"415,DeJuan Wheat,0.2,0.2,1997-98,24,MIN,34,0,150,20,50,12,33,8,17,9,15,3,8,11,25,6,1,9,12,57,.400,.364,.471,.600,.504,.480,G,wheatde01"
"416,Keith McLeod,0.2,0.2,2003-04,24,MIN,33,0,391,27,82,26,72,1,10,33,43,5,29,34,59,16,1,29,39,88,.329,.361,.100,.767,.436,.335,G,mcleoke01"
"417,Bill Curley,0.2,0.2,1997-98,25,MIN,11,1,146,16,33,16,32,0,1,2,3,11,17,28,4,3,1,3,28,34,.485,.500,.000,.667,.495,.485,F,curlebi01"
"418,Tyrone Corbin,0.2,0.2,1991-92,29,MIN,11,8,344,57,142,57,141,0,1,44,53,24,45,69,33,12,6,26,31,158,.401,.404,.000,.830,.478,.401,G-F,corbity01"
"419,Stanley Jackson,0.2,0.2,1993-94,23,MIN,17,0,92,17,33,16,28,1,5,3,3,12,15,27,16,5,0,10,13,38,.515,.571,.200,1.000,.554,.530,G,jacksst01"
"420,Luc Longley,0.2,0.2,1991-92,23,MIN,66,3,991,114,249,114,249,0,0,53,80,67,190,257,53,35,64,83,157,281,.458,.458,,.663,.494,.458,C,longllu01"
"421,Brad Miller,0.2,0.2,2011-12,35,MIN,15,1,146,9,27,2,12,7,15,10,12,4,15,19,24,4,2,12,10,35,.333,.167,.467,.833,.542,.463,C,millebr01"
"422,Greg Smith,0.2,0.2,2015-16,25,MIN,18,0,192,18,32,18,32,0,0,7,17,12,30,42,6,4,1,7,28,43,.563,.563,,.412,.545,.563,C,smithgr02"
"423,Sam Jacobson,0.2,0.2,2000-01,25,MIN,14,0,59,9,18,9,18,0,0,2,3,3,3,6,4,3,0,0,19,20,.500,.500,,.667,.518,.500,G-F,jacobsa01"
"424,Lance Blanks,0.2,0.2,1992-93,26,MIN,61,2,642,65,150,54,107,11,43,20,32,18,50,68,72,16,5,31,61,161,.433,.505,.256,.625,.491,.470,G,blankla01"
"425,Jaylen Nowell,0.2,0.2,2019-20,20,MIN,15,0,151,19,53,16,27,3,26,16,17,3,10,13,19,3,1,3,11,57,.358,.593,.115,.941,.471,.387,G,nowelja01"
"426,Isaiah Canaan,0.2,0.2,2018-19,27,MIN,7,1,95,11,29,4,10,7,19,4,4,0,5,5,19,2,1,4,4,33,.379,.400,.368,1.000,.536,.500,G,canaais01"
"427,Luc Longley,0.2,0.2,1992-93,24,MIN,55,25,1045,133,292,133,292,0,0,53,74,71,169,240,51,47,77,88,169,319,.455,.455,,.716,.491,.455,C,longllu01"
"428,Andrew Lang,0.2,0.2,1995-96,29,MIN,20,18,550,72,171,71,169,1,2,30,38,42,79,121,3,7,41,30,63,175,.421,.420,.500,.789,.466,.424,C,langan01"
"429,Bracey Wright,0.2,0.2,2005-06,21,MIN,7,0,135,21,51,15,34,6,17,14,16,3,15,18,5,1,0,8,8,62,.412,.441,.353,.875,.534,.471,G,wrighbr02"
"430,Jaylen Nowell,0.1,0.1,2022-23,23,MIN,13,0,239,57,138,41,86,16,52,13,17,8,30,38,30,7,2,13,18,143,.413,.477,.308,.765,.491,.471,G,nowelja01"
"431,Omri Casspi,0.1,0.1,2016-17,28,MIN,13,0,222,19,38,17,28,2,10,5,8,6,14,20,11,13,2,10,24,45,.500,.607,.200,.625,.542,.526,F,casspom01"
"432,Anthony Goldwire,0.1,0.1,2003-04,32,MIN,5,0,66,5,14,3,8,2,6,1,1,1,5,6,10,3,0,2,5,13,.357,.375,.333,1.000,.450,.429,G,goldwan01"
"433,Reggie Jordan,0.1,0.1,1996-97,29,MIN,10,0,31,8,10,8,10,0,0,4,7,0,4,4,1,2,0,2,2,20,.800,.800,,.571,.765,.800,G,jordare01"
"434,Ndudi Ebi,0.1,0.1,2004-05,20,MIN,2,0,54,11,21,11,20,0,1,5,9,6,10,16,1,1,1,3,7,27,.524,.550,.000,.556,.541,.524,F,ebind01"
"435,Aaron Brooks,0.1,0.1,2017-18,33,MIN,32,1,189,28,69,17,38,11,31,8,11,7,10,17,20,6,0,11,28,75,.406,.447,.355,.727,.508,.486,G,brookaa01"
"436,Gundars Vētra,0.1,0.1,1992-93,25,MIN,13,0,89,19,40,16,37,3,3,4,6,4,4,8,6,2,0,2,12,45,.475,.432,1.000,.667,.528,.513,F,vetragu01"
"437,James Nunnally,0.1,0.1,2018-19,28,MIN,13,0,64,9,21,4,8,5,13,4,4,0,4,4,5,1,0,1,4,27,.429,.500,.385,1.000,.593,.548,F,nunnaja01"
"438,Kris Dunn,0.1,0.1,2016-17,22,MIN,78,7,1333,118,313,97,240,21,73,36,59,24,142,166,188,78,36,89,178,293,.377,.404,.288,.610,.432,.411,G,dunnkr01"
"439,Malcolm Lee,0.1,0.1,2011-12,21,MIN,19,0,243,23,59,21,49,2,10,14,17,9,17,26,31,8,4,17,22,62,.390,.429,.200,.824,.466,.407,G,leema01"
"440,Sebastian Telfair,0.1,0.1,2010-11,25,MIN,37,8,711,97,241,69,163,28,78,44,60,17,37,54,111,25,3,64,64,266,.402,.423,.359,.733,.497,.461,G,telfase01"
"441,Jake Layman,0.1,0.1,2021-22,27,MIN,34,1,231,30,73,22,38,8,35,13,18,6,30,36,9,7,5,10,12,81,.411,.579,.229,.722,.500,.466,F,laymaja01"
"442,Igor Rakočević,0.1,0.1,2002-03,24,MIN,42,0,244,22,58,17,46,5,12,29,36,4,13,17,33,4,0,23,25,78,.379,.370,.417,.806,.528,.422,G,rakocig01"
"443,C.J. Williams,0.1,0.1,2018-19,28,MIN,15,0,128,17,35,12,19,5,16,0,1,1,7,8,12,6,0,5,16,39,.486,.632,.313,.000,.550,.557,G,willicj01"
"444,Oleksiy Pecherov,0.1,0.1,2009-10,24,MIN,44,5,447,77,188,63,136,14,52,29,32,32,92,124,11,9,14,32,55,197,.410,.463,.269,.906,.487,.447,C,pecheol01"
"445,Bobby Brown,0.1,0.1,2008-09,24,MIN,21,1,256,47,113,33,77,14,36,8,9,6,10,16,30,6,2,16,21,116,.416,.429,.389,.889,.496,.478,G,brownbo02"
"446,Greg Buckner,0.1,0.1,2007-08,31,MIN,31,4,520,45,117,30,67,15,50,19,22,10,55,65,39,21,2,29,63,124,.385,.448,.300,.864,.489,.449,G,buckngr01"
"447,Marques Bragg,0.1,0.1,1995-96,25,MIN,53,0,369,54,120,54,120,0,0,23,41,38,41,79,8,17,8,26,71,131,.450,.450,,.561,.475,.450,F,braggma01"
"448,Robert Pack,0.1,0.1,2001-02,32,MIN,16,0,252,25,68,24,64,1,4,11,15,7,16,23,49,13,0,20,32,62,.368,.375,.250,.733,.416,.375,G,packro01"
"449,Antoine Walker,0.1,0.1,2007-08,31,MIN,46,1,892,136,375,75,187,61,188,35,66,56,112,168,45,33,8,46,80,368,.363,.401,.324,.530,.455,.444,F,walkean02"
"450,Jonny Flynn,0.1,0.1,2009-10,20,MIN,81,81,2339,397,952,320,737,77,215,223,270,24,167,191,356,82,2,233,98,1094,.417,.434,.358,.826,.511,.457,G,flynnjo01"
"451,Maurice Evans,0.1,0.1,2001-02,23,MIN,10,0,45,9,19,9,16,0,3,3,4,3,1,4,4,0,0,2,9,21,.474,.563,.000,.750,.506,.474,G,evansma01"
"452,Darrick Martin,0.1,0.1,1994-95,23,MIN,34,9,803,95,233,88,195,7,38,57,65,14,50,64,133,34,0,62,88,254,.408,.451,.184,.877,.485,.423,G,martida01"
"453,Dan Godfread,0.1,0.1,1990-91,23,MIN,10,0,20,5,12,5,11,0,1,3,4,0,2,2,0,1,4,0,5,13,.417,.455,.000,.750,.472,.417,C,godfrda01"
"454,Troy Hudson,0.1,0.1,2006-07,30,MIN,34,6,554,74,195,46,115,28,80,26,32,8,40,48,73,14,2,40,23,202,.379,.400,.350,.813,.483,.451,G,hudsotr01"
"455,Lazar Hayward,0.1,0.1,2012-13,26,MIN,4,0,31,2,10,2,6,0,4,6,6,0,4,4,3,2,0,0,3,10,.200,.333,.000,1.000,.396,.200,F,haywala01"
"456,Doug West,0.1,0.1,1997-98,30,MIN,38,10,688,64,171,64,169,0,2,29,40,23,59,82,45,11,5,21,97,157,.374,.379,.000,.725,.416,.374,G-F,westdo01"
"457,Treveon Graham,0.1,0.1,2019-20,26,MIN,33,20,663,62,175,42,92,20,83,27,37,29,71,100,30,17,2,19,66,171,.354,.457,.241,.730,.447,.411,G,grahatr01"
"458,Andrae Patterson,0.1,0.1,1999-00,24,MIN,5,0,20,3,4,3,4,0,0,0,0,1,1,2,1,1,0,1,4,6,.750,.750,,,.750,.750,F,pattean01"
"459,Damjan Rudež,0.1,0.1,2015-16,29,MIN,33,0,277,25,62,8,12,17,50,8,8,5,15,20,11,3,1,13,33,75,.403,.667,.340,1.000,.572,.540,F,rudezda01"
"460,Stacey King,0.1,0.1,1994-95,28,MIN,50,10,792,99,212,99,211,0,1,68,102,54,111,165,26,24,20,64,126,266,.467,.469,.000,.667,.518,.467,F-C,kingst01"
"461,Darrick Martin,0.1,0.1,1995-96,24,MIN,35,16,747,88,231,73,184,15,47,63,74,3,41,44,156,26,2,70,76,254,.381,.397,.319,.851,.482,.413,G,martida01"
"462,Sean Kilpatrick,0.1,0.1,2014-15,25,MIN,4,0,72,7,20,3,7,4,13,4,4,1,5,6,4,3,0,2,3,22,.350,.429,.308,1.000,.506,.450,G,kilpase01"
"463,Shabazz Muhammad,0.0,0.0,2017-18,25,MIN,32,2,301,47,121,43,102,4,19,22,31,15,30,45,7,5,2,5,23,120,.388,.422,.211,.710,.446,.405,F-G,muhamsh01"
"464,Anthony Brown,0.0,0.0,2017-18,25,MIN,1,0,4,1,1,0,0,1,1,0,0,0,0,0,1,0,0,0,0,3,1.000,,1.000,,1.500,1.500,F-G,brownan02"
"465,Brad Sellers,0.0,0.0,1992-93,30,MIN,54,4,533,49,130,49,129,0,1,37,39,27,56,83,46,6,11,27,40,135,.377,.380,.000,.949,.459,.377,C-F,sellebr01"
"466,Josh Howard,0.0,0.0,2012-13,32,MIN,11,4,207,31,77,26,61,5,16,7,12,9,27,36,4,10,3,10,18,74,.403,.426,.313,.583,.450,.435,F-G,howarjo01"
"467,McKinley Wright IV,0.0,0.0,2021-22,23,MIN,5,0,19,2,3,1,1,1,2,0,0,0,0,0,3,0,0,1,1,5,.667,1.000,.500,,.833,.833,G,wrighmc01"
"468,Nathan Knight,0.0,0.0,2022-23,25,MIN,5,0,13,1,2,1,1,0,1,1,1,0,5,5,0,2,0,1,2,3,.500,1.000,.000,1.000,.615,.500,F-C,knighna01"
"469,Michael Doleac,0.0,0.0,2007-08,30,MIN,24,8,257,28,63,28,63,0,0,1,2,16,33,49,7,10,10,12,44,57,.444,.444,,.500,.446,.444,C,doleami01"
"470,Derrick Williams,0.0,0.0,2013-14,22,MIN,11,0,162,19,54,17,39,2,15,14,16,3,23,26,1,4,4,6,9,54,.352,.436,.133,.875,.442,.370,F,willide02"
"471,Darko Miličić,0.0,0.0,2011-12,26,MIN,29,23,472,59,130,59,130,0,0,16,37,35,62,97,17,9,25,32,59,134,.454,.454,,.432,.458,.454,F-C,milicda01"
"472,D'Angelo Russell,0.0,0.0,2022-23,26,MIN,13,13,386,61,162,38,85,23,77,27,36,11,35,46,76,17,8,40,26,172,.377,.447,.299,.750,.484,.448,G,russeda01"
"473,Bryn Forbes,0.0,0.0,2022-23,29,MIN,8,0,87,9,29,5,15,4,14,4,4,3,2,5,8,7,0,3,5,26,.310,.333,.286,1.000,.423,.379,G,forbebr01"
"474,Adrian Branch,0.0,0.0,1989-90,26,MIN,11,0,91,25,61,24,60,1,1,14,22,8,12,20,4,6,0,8,14,65,.410,.400,1.000,.636,.460,.418,F-G,brancad01"
"475,Trevor Winter,0.0,0.0,1998-99,25,MIN,1,0,5,0,0,0,0,0,0,0,0,1,2,3,0,0,0,0,5,0,,,,,,,C,wintetr01"
"476,Glenn Robinson III,0.0,0.0,2014-15,21,MIN,25,0,108,8,24,7,18,1,6,12,16,4,10,14,3,3,0,3,5,29,.333,.389,.167,.750,.467,.354,G-F,robingl02"
"477,Chuck Person,0.0,0.0,1992-93,28,MIN,78,75,2985,541,1248,423,916,118,332,109,168,98,335,433,343,67,30,219,198,1309,.433,.462,.355,.649,.495,.481,F,persoch01"
"478,Leandro Bolmaro,0.0,0.0,2021-22,21,MIN,35,2,241,17,54,12,36,5,18,11,13,16,27,43,21,6,0,13,26,50,.315,.333,.278,.846,.419,.361,F,bolmale01"
"479,Dean Garrett,0.0,0.0,2001-02,35,MIN,29,0,152,14,40,14,40,0,0,0,3,13,34,47,4,5,9,7,26,28,.350,.350,,.000,.339,.350,C,garrede01"
"480,Myron Brown,0.0,0.0,1991-92,22,MIN,4,0,23,4,6,3,3,1,3,0,0,0,3,3,6,1,0,4,2,9,.667,1.000,.333,,.750,.750,G,brownmy01"
"481,Justin Patton,0.0,0.0,2017-18,20,MIN,1,0,4,1,2,1,2,0,0,0,0,0,0,0,0,1,0,0,1,2,.500,.500,,,.500,.500,C,pattoju01"
"482,Jarred Vanderbilt,0.0,0.0,2019-20,20,MIN,2,0,5,0,1,0,0,0,1,2,2,0,1,1,0,0,0,0,0,2,.000,,.000,1.000,.532,.000,F,vandeja01"
"483,Calvin Booth,0.0,0.0,2008-09,32,MIN,1,0,1,0,0,0,0,0,0,0,0,1,0,1,0,0,0,0,0,0,,,,,,,C,boothca01"
"484,Corey Williams,0.0,0.0,1993-94,23,MIN,4,0,46,5,13,5,12,0,1,1,1,1,5,6,6,2,0,2,6,11,.385,.417,.000,1.000,.409,.385,G,willico01"
"485,Ronny Turiaf,0.0,0.0,2014-15,32,MIN,2,0,19,0,0,0,0,0,0,0,0,0,1,1,2,0,0,0,0,0,,,,,,,F,turiaro01"
"486,Chris Silva,0.0,0.0,2021-22,25,MIN,1,0,3,0,0,0,0,0,0,0,0,0,1,1,0,0,0,0,0,0,,,,,,,F,silvach01"
"487,Mitch Creek,0.0,0.0,2018-19,26,MIN,1,0,12,3,6,3,5,0,1,0,0,1,1,2,1,1,0,1,0,6,.500,.600,.000,,.500,.500,G,creekmi01"
"488,Chris Carr,0.0,0.0,1998-99,24,MIN,11,2,81,9,26,6,17,3,9,2,4,0,12,12,7,1,1,4,9,23,.346,.353,.333,.500,.414,.404,G,carrch01"
"489,Jason Hart,0.0,0.0,2009-10,31,MIN,1,0,5,0,1,0,1,0,0,0,0,0,0,0,1,1,0,0,0,0,.000,.000,,,.000,.000,G,hartja01"
"490,Brian Davis,0.0,0.0,1993-94,23,MIN,68,3,374,40,126,39,123,1,3,50,68,21,34,55,22,16,4,19,34,131,.317,.317,.333,.735,.420,.321,F-G,davisbr02"
"491,Othyus Jeffers,0.0,0.0,2013-14,28,MIN,2,0,13,0,1,0,0,0,1,2,2,0,3,3,0,0,0,1,1,2,.000,,.000,1.000,.532,.000,G,jeffeot01"
"492,John Lucas III,0.0,0.0,2016-17,34,MIN,5,0,11,1,4,1,3,0,1,0,0,0,0,0,1,2,0,0,0,2,.250,.333,.000,,.250,.250,G,lucasjo02"
"493,Maurice Ager,0.0,0.0,2010-11,26,MIN,4,0,29,6,11,3,7,3,4,0,0,0,2,2,1,1,0,4,4,15,.545,.429,.750,,.682,.682,G,agerma01"
"494,Cole Aldrich,0.0,0.0,2017-18,29,MIN,21,0,49,5,15,5,15,0,0,2,6,3,12,15,3,2,1,1,11,12,.333,.333,,.333,.340,.333,C,aldrico01"
"495,Austin Rivers,0.0,0.0,2022-23,30,MIN,6,0,43,2,9,1,4,1,5,4,4,0,4,4,2,0,1,1,0,9,.222,.250,.200,1.000,.418,.278,G,riverau01"
"496,Jacob Evans,0.0,0.0,2019-20,22,MIN,2,0,4,0,1,0,0,0,1,0,0,0,0,0,0,0,0,0,0,0,.000,,.000,,.000,.000,G-F,evansja02"
"497,Quincy Lewis,0.0,0.0,2003-04,26,MIN,14,0,65,7,20,5,15,2,5,0,0,1,6,7,2,2,2,3,10,16,.350,.333,.400,,.400,.400,F,lewisqu01"
"498,Alando Tucker,0.0,0.0,2009-10,25,MIN,4,0,25,4,9,4,9,0,0,0,0,1,2,3,1,0,0,1,1,8,.444,.444,,,.444,.444,F,tuckeal02"
"499,Kosta Koufos,0.0,0.0,2010-11,21,MIN,39,1,336,47,108,47,106,0,2,12,24,42,55,97,7,8,20,25,50,106,.435,.443,.000,.500,.447,.435,C,koufoko01"
"500,A.J. Price,0.0,0.0,2013-14,27,MIN,28,0,99,19,46,13,24,6,22,0,2,1,9,10,13,1,0,7,5,44,.413,.542,.273,.000,.469,.478,G,priceaj01"
"501,Gary Leonard,0.0,0.0,1989-90,22,MIN,22,0,127,13,31,13,30,0,1,6,14,10,17,27,1,3,9,8,26,32,.419,.433,.000,.429,.431,.419,C,leonaga01"
"502,Miroslav Raduljica,0.0,0.0,2014-15,27,MIN,5,0,23,3,8,3,8,0,0,2,2,2,3,5,0,1,0,2,8,8,.375,.375,,1.000,.450,.375,C,radulmi01"
"503,William Avery,0.0,0.0,2000-01,21,MIN,55,0,463,55,144,39,85,16,59,28,36,5,24,29,75,13,4,45,48,154,.382,.459,.271,.778,.482,.438,G,averywi01"
"504,Darrick Martin,0.0,0.0,2003-04,32,MIN,16,0,172,20,67,14,41,6,26,9,9,2,5,7,23,2,1,7,23,55,.299,.341,.231,1.000,.388,.343,G,martida01"
"505,Ashton Hagans,0.0,0.0,2020-21,21,MIN,2,0,4,0,0,0,0,0,0,0,0,0,0,0,0,0,0,1,0,0,,,,,,,G,haganas01"
"506,Rasho Nesterović,0.0,0.0,1998-99,22,MIN,2,0,30,3,12,3,12,0,0,2,2,3,5,8,1,0,0,1,5,8,.250,.250,,1.000,.311,.250,C,nestera01"
"507,Jordan Hill,0.0,0.0,2016-17,29,MIN,7,0,47,5,13,5,13,0,0,2,2,8,6,14,0,1,0,4,9,12,.385,.385,,1.000,.432,.385,C-F,hilljo01"
"508,Micheal Williams,0.0,0.0,1994-95,28,MIN,1,1,28,1,4,1,4,0,0,4,5,0,1,1,3,2,0,3,3,6,.250,.250,,.800,.484,.250,G,willimi02"
"509,Ndudi Ebi,0.0,0.0,2003-04,19,MIN,17,0,32,6,14,6,14,0,0,1,4,2,1,3,3,0,4,3,6,13,.429,.429,,.250,.412,.429,F,ebind01"
"510,Jerryd Bayless,0.0,0.0,2018-19,30,MIN,34,6,657,82,230,53,132,29,98,16,28,11,51,62,119,18,2,32,56,209,.357,.402,.296,.571,.431,.420,G,bayleje01"
"511,Brandon Roy,0.0,0.0,2012-13,28,MIN,5,5,122,11,35,11,26,0,9,7,10,3,11,14,23,3,0,7,5,29,.314,.423,.000,.700,.368,.314,G,roybr01"
"512,Mark Randall,0.0,0.0,1992-93,25,MIN,2,0,8,0,1,0,0,0,1,0,0,0,0,0,1,0,0,1,1,0,.000,,.000,,.000,.000,F,randama01"
"513,Jim Thomas,0.0,0.0,1990-91,30,MIN,3,0,14,1,4,1,4,0,0,0,0,0,0,0,1,1,0,1,0,2,.250,.250,,,.250,.250,G,thomaji01"
"514,Wendell Moore Jr.,0.0,0.0,2022-23,21,MIN,1,0,2,0,1,0,0,0,1,0,0,0,0,0,0,0,0,1,0,0,.000,,.000,,.000,.000,G-F,moorewe01"
"515,Brian Evans,-0.1,-0.1,1998-99,25,MIN,5,0,24,2,10,2,8,0,2,0,0,2,0,2,1,2,0,0,1,4,.200,.250,.000,,.200,.200,F,evansbr01"
"516,Paul Grant,-0.1,-0.1,1998-99,25,MIN,4,0,8,1,4,1,4,0,0,0,0,1,0,1,0,0,0,1,4,2,.250,.250,,,.250,.250,C,grantpa01"
"517,Mark Davis,-0.1,-0.1,1995-96,22,MIN,57,0,571,55,149,51,136,4,13,74,116,56,69,125,47,40,22,68,92,188,.369,.375,.308,.638,.470,.383,G-F,davisma02"
"518,Jarrett Culver,-0.1,-0.1,2020-21,21,MIN,34,7,499,69,168,56,115,13,53,29,48,34,70,104,24,17,9,28,58,180,.411,.487,.245,.604,.476,.449,G,culveja01"
"519,Askia Jones,-0.1,-0.1,1994-95,23,MIN,11,0,139,15,44,13,32,2,12,13,16,6,5,11,16,6,0,9,19,45,.341,.406,.167,.813,.441,.364,G,jonesas01"
"520,Lance Stephenson,-0.1,-0.1,2016-17,26,MIN,6,0,67,10,21,10,19,0,2,1,2,0,10,10,5,0,0,4,2,21,.476,.526,.000,.500,.480,.476,G-F,stephla01"
"521,Derrick Rose,-0.1,-0.1,2017-18,29,MIN,9,0,112,23,54,22,48,1,6,5,5,3,3,6,11,4,0,7,2,52,.426,.458,.167,1.000,.463,.435,G,rosede01"
"522,Andrés Guibert,-0.1,-0.1,1994-95,26,MIN,17,0,167,16,47,16,43,0,4,13,19,16,29,45,10,8,1,12,29,45,.340,.372,.000,.684,.406,.340,F-C,guibean01"
"523,Nikola Peković,-0.1,-0.1,2015-16,30,MIN,12,3,156,19,50,19,50,0,0,16,20,7,14,21,11,1,0,9,22,54,.380,.380,,.800,.459,.380,C,pekovni01"
"524,Micheal Williams,-0.1,-0.1,1995-96,29,MIN,9,7,189,13,40,12,37,1,3,28,33,3,20,23,31,5,3,23,37,55,.325,.324,.333,.848,.504,.338,G,willimi02"
"525,Clifford Rozier,-0.1,-0.1,1997-98,25,MIN,6,0,30,3,6,3,6,0,0,0,1,3,3,6,0,0,0,4,7,6,.500,.500,,.000,.466,.500,C-F,roziecl01"
"526,Nikoloz Tskitishvili,-0.1,-0.1,2005-06,22,MIN,5,0,13,1,4,1,4,0,0,1,2,0,2,2,0,0,0,2,0,3,.250,.250,,.500,.307,.250,F,tskitni01"
"527,Donyell Marshall,-0.1,-0.1,1994-95,21,MIN,40,8,1036,158,423,126,317,32,106,83,122,64,132,196,57,25,50,58,63,431,.374,.397,.302,.680,.452,.411,F,marshdo01"
"528,Tom Hammonds,-0.1,-0.1,2000-01,33,MIN,7,0,30,3,10,3,10,0,0,1,2,2,2,4,1,0,0,3,8,7,.300,.300,,.500,.322,.300,F,hammoto01"
"529,Troy Daniels,-0.1,-0.1,2014-15,23,MIN,19,0,154,19,59,6,20,13,39,2,2,6,13,19,13,3,0,8,14,53,.322,.300,.333,1.000,.443,.432,G,danietr01"
"530,Lou Amundson,-0.1,-0.1,2012-13,30,MIN,20,0,161,14,38,14,38,0,0,4,20,23,24,47,3,7,6,11,26,32,.368,.368,,.200,.342,.368,F-C,amundlo01"
"531,Doug West,-0.1,-0.1,1989-90,22,MIN,52,0,378,53,135,50,124,3,11,26,32,24,46,70,18,10,6,31,61,135,.393,.403,.273,.813,.453,.404,G-F,westdo01"
"532,Jarrett Culver,-0.1,-0.1,2019-20,20,MIN,63,35,1506,230,569,164,348,66,221,54,117,70,142,212,110,57,38,81,125,580,.404,.471,.299,.462,.467,.462,G,culveja01"
"533,Tom Garrick,-0.1,-0.1,1991-92,25,MIN,15,0,112,11,33,10,31,1,2,6,8,2,7,9,18,7,3,10,14,29,.333,.323,.500,.750,.397,.348,G,garrito01"
"534,Sundiata Gaines,-0.1,-0.1,2010-11,24,MIN,8,0,65,7,22,5,16,2,6,5,10,1,5,6,6,3,0,6,4,21,.318,.313,.333,.500,.398,.364,G,gainesu01"
"535,Mark Madsen,-0.1,-0.1,2008-09,33,MIN,19,1,116,3,14,3,14,0,0,0,4,10,8,18,4,1,1,3,18,6,.214,.214,,.000,.190,.214,F,madsema01"
"536,Jason Collins,-0.2,-0.2,2008-09,30,MIN,31,22,422,22,70,22,70,0,0,13,28,28,42,70,11,9,13,12,73,57,.314,.314,,.464,.346,.314,C,collija04"
"537,Andrés Guibert,-0.2,-0.2,1993-94,25,MIN,5,0,33,6,20,6,20,0,0,3,6,10,6,16,2,0,1,6,6,15,.300,.300,,.500,.331,.300,F-C,guibean01"
"538,Eddie Griffin,-0.2,-0.2,2006-07,24,MIN,13,0,92,7,27,7,26,0,1,4,5,7,18,25,4,0,7,6,8,18,.259,.269,.000,.800,.308,.259,F-C,griffed01"
"539,Corey Brewer,-0.2,-0.2,2007-08,21,MIN,79,35,1803,182,486,175,450,7,36,88,110,82,210,292,111,76,25,89,188,459,.374,.389,.194,.800,.429,.382,F-G,breweco01"
"540,Charles Smith,-0.2,-0.2,1995-96,28,MIN,8,0,39,3,10,3,7,0,3,0,2,0,5,5,6,1,0,5,7,6,.300,.429,.000,.000,.276,.300,G,smithch02"
"541,Will Conroy,-0.2,-0.2,2012-13,30,MIN,4,0,20,0,9,0,6,0,3,1,2,1,0,1,0,0,0,0,1,1,.000,.000,.000,.500,.051,.000,G,conrowi01"
"542,Bob Thornton,-0.2,-0.2,1990-91,28,MIN,12,1,110,4,13,4,13,0,0,8,10,1,14,15,1,0,3,9,18,16,.308,.308,,.800,.460,.308,F-C,thornbo01"
"543,Allen Crabbe,-0.2,-0.2,2019-20,27,MIN,9,0,131,11,34,5,8,6,26,1,2,1,11,12,5,0,0,5,11,29,.324,.625,.231,.500,.416,.412,G-F,crabbal01"
"544,Steve Johnson,-0.2,-0.2,1989-90,32,MIN,4,0,17,0,2,0,2,0,0,0,0,0,3,3,1,0,0,6,4,0,.000,.000,,,.000,.000,C-F,johnsst03"
"545,Gerald Glass,-0.2,-0.2,1992-93,25,MIN,4,0,71,8,27,8,25,0,2,4,6,1,2,3,9,3,0,5,6,20,.296,.320,.000,.667,.337,.296,G-F,glassge01"
"546,James Robinson,-0.2,-0.2,1998-99,28,MIN,17,0,226,28,87,15,43,13,44,8,14,8,27,35,38,8,5,28,31,77,.322,.349,.295,.571,.413,.397,G,robinja02"
"547,Justin Reed,-0.2,-0.2,2006-07,25,MIN,41,3,318,40,107,40,107,0,0,26,30,15,31,46,17,5,3,22,44,106,.374,.374,,.867,.441,.374,F,reedju01"
"548,Jerome Allen,-0.3,-0.3,1995-96,23,MIN,41,0,362,36,105,26,72,10,33,26,36,5,20,25,49,21,5,34,42,108,.343,.361,.303,.722,.447,.390,G,allenje01"
"549,Rashad McCants,-0.3,-0.3,2006-07,22,MIN,37,0,554,62,177,42,102,20,75,40,58,14,33,47,38,26,7,40,71,184,.350,.412,.267,.690,.454,.407,G,mccanra01"
"550,Howard Eisley,-0.3,-0.3,1994-95,22,MIN,34,4,496,37,105,29,73,8,32,31,40,10,32,42,77,18,5,42,78,113,.352,.397,.250,.775,.461,.390,G,eisleho01"
"551,Brad Sellers,-0.3,-0.3,1989-90,27,MIN,14,0,113,19,56,19,54,0,2,9,12,8,11,19,1,6,3,12,11,47,.339,.352,.000,.750,.383,.339,C-F,sellebr01"
"552,Rashad McCants,-0.3,-0.3,2008-09,24,MIN,34,2,636,105,292,67,173,38,119,60,81,11,52,63,32,27,6,45,63,308,.360,.387,.319,.741,.470,.425,G,mccanra01"
"553,Mark Madsen,-0.3,-0.3,2007-08,32,MIN,20,6,151,3,19,3,19,0,0,3,12,18,20,38,4,3,2,9,25,9,.158,.158,,.250,.185,.158,F,madsema01"
"554,Jared Terrell,-0.3,-0.3,2018-19,23,MIN,14,0,111,12,39,8,22,4,17,3,6,1,5,6,12,3,2,10,16,31,.308,.364,.235,.500,.372,.359,G,terreja01"
"555,William Avery,-0.4,-0.4,2001-02,22,MIN,28,0,258,26,90,20,55,6,35,13,19,4,20,24,36,7,0,19,17,71,.289,.364,.171,.684,.361,.322,G,averywi01"
"556,Shane Heal,-0.4,-0.4,1996-97,26,MIN,43,0,236,26,97,6,32,20,65,3,5,2,16,18,33,3,3,17,20,75,.268,.188,.308,.600,.378,.371,G,healsh01"
"557,Gerald Green,-0.4,-0.4,2007-08,22,MIN,29,0,358,49,148,34,109,15,39,34,41,11,51,62,29,8,4,32,43,147,.331,.312,.385,.829,.443,.382,G-F,greenge01"
"558,Mike Brown,-0.4,-0.4,1994-95,31,MIN,27,0,213,10,40,10,39,0,1,15,27,9,36,45,10,7,0,16,35,35,.250,.256,.000,.556,.337,.250,C-F,brownmi01"
"559,William Avery,-0.5,-0.5,1999-00,20,MIN,59,1,484,56,181,38,118,18,63,24,36,8,32,40,88,14,2,42,60,154,.309,.322,.286,.667,.391,.359,G,averywi01"
"560,Adreian Payne,-0.5,-0.5,2015-16,24,MIN,52,2,486,53,145,44,113,9,32,17,26,20,91,111,29,16,11,36,77,132,.366,.389,.281,.654,.422,.397,F-C,paynead01"
"561,Adreian Payne,-0.5,-0.5,2014-15,23,MIN,29,22,720,89,213,88,205,1,8,29,44,47,111,158,30,18,9,44,84,208,.418,.429,.125,.659,.448,.420,F-C,paynead01"
"562,Zach LaVine,-0.7,-0.7,2014-15,19,MIN,77,40,1902,286,677,229,510,57,167,149,177,27,187,214,276,54,10,193,158,778,.422,.449,.341,.842,.515,.465,G-F,lavinza01"
"563,Sasha Pavlović,-1.2,-1.2,2009-10,26,MIN,71,0,877,109,300,74,182,35,118,10,26,12,105,117,58,23,6,53,84,263,.363,.407,.297,.385,.422,.422,G-F,pavloal01"
"564,Jonny Flynn,-1.3,-1.3,2010-11,21,MIN,53,8,983,108,296,77,196,31,100,32,42,12,65,77,182,34,3,113,58,279,.365,.393,.310,.762,.444,.417,G,flynnjo01"